图片为著名数学家华罗庚陪同外国科学家参观中国科学院计算技术研究所的大型电子计算机。中国第一台电子管计算机于（    ）试制成功。【出题：武汉大学】,['1958年']
“六五”计划的鲜明特点是：（    ）。【出题：武汉大学】,['在重视经济发展的同时把社会发展摆到突出位置']
2005年10月，党的十六届五中全会明确提出（    ）重大战略任务。【出题：武汉大学】,['建设社会主义新农村']
"1980年5月，中共中央决定在（  ）设立经济特区，采取多种形式吸引和利用外资，学习国外的先进技术和经营管理方法。

",['深圳、珠海、汕头、厦门']
1978年12月18日至22日，党的十一届三中全会在北京召开。党中央作出把党和国家的工作重点转移到（  ）上来等一系列重大决策，实现了新中国成立以来党的历史上具有深远意义的伟大转折。从此，我国进入改革开放和社会主义现代化建设的新时期。,['社会主义现代化建设']
（    ）年4月，邓小平第一次提出了分“三步走”基本实现现代化的战略。,['1987']
科学发展观进一步走向成熟的标志是（    ）。,['党的十七大']
党的十六大报告指出，贯彻“三个代表”重要思想，关键在（    ）。【出题：武汉大学】,['坚持与时俱进']
党对军队绝对领导的根本原则和制度，定型于（    ）。,['古田会议']
1993年11月，党的十四届三中全会审议通过（    ），制定了建立社会主义市场经济体制的总体规划。【出题：武汉大学】,['《中共中央关于建立社会主义市场经济体制若干问题的决定》']
1993年，山东省滨州市工业局、纺织局、农机局等９大政府职能部门退出政府序列，转为经济实体，与财政脱钩，实行自负盈亏，233名机关干部职工不再吃“皇粮”。这体现了（    ）。【出题：武汉大学】,['政府专业主管部门转换职能，推进体制改革']
第一次世界大战结束后，对我国日益构成主要威胁的外国侵略势力是（    ）。,['日本']
2016年3月22日，习近平主持召开中央全面深化改革领导小组第二十二次会议并讲话强调，夺取全面建成小康社会决胜阶段的胜利，很关键的一条是通过（   ）推动落实新发展理念。【出题：武汉大学】,['全面深化改革']
当代中国，我们应该大力弘扬的时代精神的核心是（    ）。,['改革创新']
1983年4月，中共中央和国务院决定对（    ）实行经济特区的某些政策，给予较多的自主权。,['海南岛\r\n']
建设社会主义政治文明，最根本的是坚持（    ）的有机统一。,"['依法治国', '人民当家作主', '党的领导']"
党在新时代的强军目标是建设一支（    ）的人民军队，把人民军队建设成为世界一流军队。,"['作风优良', '能打胜仗', '听党指挥']"
邓小平指出：解放思想是（    ）。,"['在马克思主义指导下打破习惯势力和主观偏见束缚', '主观和客观相符合', '研究新情况，解决新问题', '思想和实际相符合']"
在社会主义初级阶段，判断改革和各方面工作是非得失的标准是（    ）。【出题：武汉大学】,"['是否有利于发展社会主义社会的生产力 ', '是否有利于提高人民的生活水平', '是否有利于增强社会主义国家的综合国力 ']"
依法治国，基础是提高全社会的（    ）。,"['法律意识', '法制观念']"
1992年，邓小平在南方谈话中指出：“社会主义要赢得与资本主义相比较的优势，就必须大胆吸收和借鉴人类社会创造的一切文明成果。”此后，中国“吸收和借鉴文明成果”的举措是（    ）。【出题：武汉大学】,['探索建立社会主义市场经济体制']
（    ）年，中国正式成为世界贸易组织的成员。【出题：武汉大学】,['2001']
构建人类命运共同体思想，其核心是（    ）。,['建设持久和平、普遍安全、共同繁荣、开放包容、清洁美丽的世界']
党在社会主义初级阶段的基本路线，最主要的内容是（    ）。,['一个中心、两个基本点']
新时代我国社会的主要矛盾是（    ）。,['人民日益增长的美好生活需要和不平衡不充分的发展之间的矛盾']
当前和今后一个时期，要坚决打好“三大攻坚战”，即坚决打好防范化解重大风险、精准脱贫、（  ）的攻坚战。,['污染防治']
1987年10月，党的十二届七中全会讨论并原则同意（  ），决定将其主要内容写入中共中央委员会向党的十三大的报告。,['政治体制改革总体设想']
参考其他冠状病毒所致疾病潜伏期，此次新型冠状病毒病例相关信息和当前防控实际，将密切接触者医学观察期定为（    ）天，并对密切接触者进行居家医学观察。【出题：武汉大学】,['14']
1992年1月，邓小平在视察珠海时指出：“以后分工越来越细，工艺越来越新，一家一户办不了，最终要走上集体化的道路。”据此可知，邓小平主张（    ）。【出题：武汉大学】,['深化农村经济体制改革']
（    ）是兴国之要，发展仍是解决我国所有问题的关键。【出题：武汉大学】,['以经济建设为中心']
社会主义初级阶段的科学含义是（   ）。,['我国的社会主义社会还处在初级阶段']
党的（    ）提出建设有中国特色社会主义文化的新命题，并把它作为党在社会主义初级阶段基本纲领的重要组成部分。【出题：武汉大学】,['十五大']
2004年9月，党的（    ）全会通过《关于加强党的执政能力建设的决定》。【出题：武汉大学】,['十六届四中']
党的十一届三中全会以后，邓小平指出“要发展生产力，（    ）是必由之路”。,['经济体制改革']
中国共产党领导的多党合作和政治协商制度，是从中国土壤中生长出来的新型政党制度，新就新在（    ）。,"['它是马克思主义政党理论同中国实际相结合的产物', '它能够真实、广泛、持久代表和实现最广大人民根本利益、全国各族各界根本利益', '它把各个政党和无党派人士紧密团结起来、为着共同目标而奋斗', '它通过制度化、程序化、规范化的安排集中各种意见和建议，推动决策科学化民主化']"
习近平总书记主持召开中央全面深化改革委员会第十五次会议，会议指出，推进对外贸易创新发展，要落实新发展理念，紧紧围绕构建新发展格局，以供给侧结构性改革为主线，深化科技创新、制度创新、业态和模式创新，加快提升贸易质量，稳定（    ），培育外贸新动能，深入推进贸易便利化，优化外贸发展环境。【出题：武汉大学】,"['供应链', '产业链']"
预防新型冠状病毒感染在饮食方面要注意什么？【出题：武汉大学】,"['多饮水', '注意食物多样性', '多吃新鲜蔬菜水果', '荤素适当']"
从根本上说，政治问题主要是对人民群众的态度问题、同人民群众的关系问题。（    ）我们党就能获得取之不尽的力量源泉。,"['一切为了群众', '一切相信群众', '一切依靠群众']"
图中反映了袁隆平（左二）带领科研团队培育成功强优势杂交水稻。取得这项伟大成就的历史时期是（    ）。【出题：武汉大学】,['社会主义曲折探索时期']
中国改革的第一个突破口是（    ）。【出题：武汉大学】,['农村改革']
（    ）是马克思主义最鲜明的品格。始终同人民在一起，为人民利益奋斗，是马克思主义政党同其他政党的根本区别。,['人民性']
思想建设是党的基础性建设，（    ）是思想建设的首要任务。,['坚定理想信念']
北伐战争期间农民运动发展最猛烈的省份有（    ）。,['湖南省、湖北省']
推进党的建设新的伟大工程，重点是加强党的（    ）。【出题：武汉大学】,['执政能力建设']
党的十二大后，我国农村改革的主要任务是（    ）。,['稳定和完善家庭联产承包责任制']
党的第十一次全国代表大会重申在20世纪内（    ）根本任务。,['把我国建设成为社会主义现代化强国']
它“是中国农民的又一个伟大创造。它为农村剩余劳动力从土地上转移出来，为农村致富和逐步实现现代化，为促进工业和整个经济的改革和发展，开辟了一条新路。”这段话评价的是（    ）。【出题：武汉大学】,['乡镇企业']
党的十五大报告指出，马克思列宁主义同中国实际相结合有两次历史性飞跃，其中，第二次飞跃的理论成果是（    ）。【出题：武汉大学】,['邓小平理论']
2016年政府工作报告中提出“培育精益求精的（   ）”，“对供给侧结构性改革来说，目前就是低端产品供大于求，而高端需求空间还很大，我们就是要开拓和满足中高端，占据高端市场。”【出题：武汉大学】,['工匠精神']
2013年9月，国家主席习近平在访问（    ）的时候提出构建“丝绸之路经济带”。【出题：武汉大学】,['哈萨克斯坦 ']
2002年11月8日至14日，中国共产党第十六次全国代表大会在北京举行，（    ）作题为《全面建设小康社会，开创中国特色社会主义事业新局面》的报告。【出题：武汉大学】,['江泽民']
全面深化改革的总目标是（        ）。【出题：武汉大学】,['完善和发展中国特色社会主义制度，推进国家治理体系和治理能力现代化']
习近平指出，中国特色社会主义进入新时代，必须把（    ）作为宣传思想工作的中心环节。,['统一思想、凝聚力量']
中国（上海）自由贸易试验区临港新片区明确规定，在适用自由贸易试验区各项开放创新措施的基础上，支持新片区以（    ）等为重点，推进投资贸易自由化便利化。,"['资金自由', '投资自由', '贸易自由', '运输自由、人员从业自由']"
国防和军队现代化建设是一个系统工程。必须坚持（    ），更加注重聚焦实战、更加注重创新驱动、更加注重体系建设、更加注重集约高效、更加注重军民融合。,"['依法治军', '改革强军', '科技兴军', '政治建军']"
面对人口、资源和环境的严峻形势，党的十五大指出要（    ），促进经济和社会协调发展。【出题：武汉大学】,"['可持续发展', '合理利用资源，保护生态环境', '搞好计划生育']"
新中国成立初期，中国共产党对私营工商业进行全面调整的原则是（    ）。,"['公私兼顾', '劳资两利']"
党的十二大把继续推进（    ）作为全面开创新局面的首要任务。【出题：武汉大学】,['经济建设']
党的十五大后，以（    ）为方向的国有企业改革攻坚全面展开。【出题：武汉大学】,['建立现代企业制度']
为人民谋幸福，是中国共产党人的初心。习近平总书记指出：“（    ），就是我们的奋斗目标”。,['人民对美好生活的向往']
在新民主主义革命时期，压在中国人民身上的“三座大山”不包括（    ）。,['本国资本主义']
提出建设有中国特色社会主义文化的新命题是在党的（    ）。,['十五大']
中国特色社会主义制度是一个严密完整的科学制度体系，其中具有统领地位的是（    ）。,['党的领导制度']
中国共产党历史上第一个精神文明建设的纲领性文件是（    ）。,['《关于社会主义精神文明建设指导方针的决议》']
党的十二大把（    ）提高到了重要位置。【出题：武汉大学】,['社会主义精神文明建设']
1992年6月，党中央、国务院决定开放长江沿岸的5个城市，不久又批准17个省会为内陆开放城市。同时，遍布东北、西北和西南地区的13个内陆边境城市逐步开放。这些举措（    ）。【出题：武汉大学】,['深化了我国对外开放']
特区经济主要实行（    ）调节。,['市场']
科学发展观的基本要求是（    ）。【出题：武汉大学】,['全面协调可持续']
首次对马克思主义中国化第二次飞跃的理论成果——中国特色社会主义理论体系作了概括的会议是（    ）。【出题：武汉大学】,['党的十七大']
（    ）是我们党最鲜明的品格。,['勇于自我革命、从严管党治党']
2001年，中国加入世界贸易组织后形成的对外开放格局是（    ）。,"['多层次', '全方位', '宽领域']"
如果接到疾控部门通知，你是一个密切接触者，该怎么办?【出题：武汉大学】,"['按照要求进行居家医学观察', '做好自我身体状况观察', '定期接受社区医生的随访']"
社会主义核心价值观把涉及国家、社会、公民三个层面的价值要求融为一体，其凝练概括和集中表达是（    ）。,"['自由、平等、公正、法治', '富强、民主、文明、和谐', '爱国、敬业、诚信、友善']"
（    ）为农村商品经济的发展创造了条件。,"['家庭联产承包责任制的普遍实行', '人民公社制度的取消']"
下列（    ）是感染新冠肺炎的临床表现。【出题：武汉大学】,['发热、乏力，呼吸道症状以干咳为主，并逐渐出现呼吸困难，严重者表现为急性呼吸窘迫综合征、脓毒性休克、难以纠正的代谢性酸中毒和出凝血功能障碍。']
2005年4月22日，胡锦涛在雅加达亚非峰会上发表题为《与时俱进，继往开来，构筑亚非新型战略伙伴关系》的讲话，提出“推动不同文明友好相处、平等对话、发展繁荣，共同构建一个（    ）”的倡议。【出题：武汉大学】,['和谐世界']
2012年11月29日，习近平率中央政治局常委和中央书记处的同志在参观《复兴之路》展览时，提出的重大命题是（    ）。,['实现中国梦']
区别新民主主义革命与旧民主主义革命的根本标志是（    ）。,['革命领导权不同']
中国共产党在新世纪召开的第一次全国代表大会是（    ）。【出题：武汉大学】,['党的十六大   ']
（    ）是我们党的生命线和根本工作路线，是我们党永葆青春活力和战斗力的重要传家宝。,['群众路线']
20世纪60年代末，美国开始调整对华政策。毛泽东敏锐地察觉美国的变化，抓住时机向美国发起了（    ），以出人意料的方式促进了中美关系的发展和世界形势的变化。,['乒乓外交']
党的十一届三中全会后，城市经济体制改革中心环节是（    ）。【出题：武汉大学】,['增强企业活力']
“八五”计划胜利完成的时间是（    ）。【出题：武汉大学】,['1995年']
邓小平理论的精髓是（    ）。,['解放思想、实事求是']
2016年中央一号文件，要求各地区各部门要牢固树立和深入贯彻落实（   ）的发展理念。【出题：武汉大学】,['创新、协调、绿色、开放、共享']
"2007年10月15至21日，中国共产党（    ）全国代表大会在北京举行,胡锦涛作题为《高举中国特色社会主义伟大旗帜，为夺取全面建设小康社会的新胜利而奋斗》的报告。【出题：武汉大学】",['第十七次']
国际金融危机席卷全球后，经过艰苦努力，我国在世界上率先实现经济回升。从2009年第（    ）季度起，我国经济止跌回升。【出题：武汉大学】,['二']
1978年5月，《实践是检验真理的唯一标准》一文发表在（    ）上，引发一场关于真理标准问题大讨论。,['《光明日报》']
进入新世纪新阶段，我国国民经济发展的资源环境压力日渐加大，为缓解和克服传统工业化道路大量消耗能源的弊端，党的（    ）第一次对我国要走新型工业化道路作出明确部署。【出题：武汉大学】,['十六大']
经济特区产业结构以（    ）为主。,['工业']
在党的十一届三中全会前夕的中央工作会议上，邓小平同志作了（    ）的讲话，实际上成为了十一届三中全会的主题。,['《解放思想，实事求是，团结一致向前看》']
1975年，邓小平以（    ）为突破口，开启对全国工作进行整顿的开端。,['军队整顿']
新发展理念包括创新、（  ）、绿色、开放、共享。,['协调']
（    ）已成为中华民族团结奋斗的最大公约数和最大同心圆。,['中国梦']
2003年10月，党的十六届三中全会通过的《关于完善社会主义市场经济体制若干问题的决定》指出：“坚持（    ），树立全面、协调、可持续的发展观，促进经济社会和人的全面发展。”【出题：武汉大学】,['以人为本']
党的十七大报告指出，新时期最鲜明的特点是（    ）。,['改革开放']
坚持社会主义市场经济改革方向，核心问题是处理好（    ）。,['政府和市场的关系']
邓小平强调，中国解决所有问题的关键是要靠自己的（    ）。,['发展']
1990年4月，根据邓小平的建议，启动了对（  ）的开发。,['上海浦东新区']
习近平新时代中国特色社会主义思想是（    ）。,"['新时代的精神旗帜', '马克思主义中国化的最新成果', '当代中国马克思主义、21世纪马克思主义', '实现中华民族伟大复兴的行动指南']"
下面属于党的十三大主要内容的是：（    ）。【出题：武汉大学】,"['阐明了社会主义初级阶段理论', '提出了党在社会主义初级阶段的基本路线', '提出社会主义初级阶段经济发展分三步走的战略部署']"
1994年，我国为加快经济体制改革推进的举措是（    ）。【出题：武汉大学】,"['计划体制改革', '国有企业改革', '投资体制改革', '价格管理体制改革']"
 “大量事实表明，市场是配置资源和提供激励的有效方式，它通过竞争和价格杠杆把稀缺物资配置到能创造最好效益的环节中去……而且市场对各种信号的反应也是灵敏迅速的。”这表明（    ）。【出题：武汉大学】,['市场机制能够为社会主义经济增添生机和活力']
（  ）和（  ）在现代化建设中具有基础性、先导性、全局性作用，（  ）是民族的血脉和人民的精神家园，必须放在更加重要的战略位置。【出题：武汉大学】,['教育、科技；文化']
面对新时代的新要求，必须坚持（    ）工作总基调，统筹推进“五位一体”总体布局，协调推进“四个全面”战略布局，抓住战略重点，实现构建突破。,['稳中求进']
“四个伟大”是一个紧密联系、相互贯通、相互作用、有机统一的整体。其中，起决定性作用的是（    ）。,['伟大工程']
2006年，中国首家信托登记机构——（    ）落户浦东。,['上海信托登记中心']
中国对外政策的根本原则是（    ）。,['独立自主']
社会主义民主政治的本质要求是（    ）。,['人民当家作主']
（    ）年7月1日，中国政府对香港恢复行使主权。,['1997']
第一次对社会主义初级阶段科学内涵进行系统阐述是在党的（    ）。,['十三大']
在中国共产党七届二中全会上，毛泽东提出了“两个务必”的思想，其原因主要是（    ）。,['中国共产党即将成为执政党']
党的十八大报告认为解决“三农”问题的根本途径是（   ）。【出题：武汉大学】,['城乡发展一体化']
邓小平成为党的中央领导集体的核心是在（    ）。,['十一届三中全会']
（    ）首次提出“推进国家治理体系和治理能力现代化”这个重大命题。,['党的十八届三中全会']
1980年8月，邓小平发表《党和国家领导制度的改革》的重要讲话，提出逐步实现各级领导人员“四化”要求，“四化”包括：（    ）。,"['知识化', '专业化', '革命化', '年轻化']"
准确把握人民政协性质定位。人民政协作为统一战线的组织、多党合作和政治协商的机构、人民民主的重要实现形式，是（    ）。,"['是社会主义协商民主的重要渠道和专门协商机构', '是国家治理体系的重要组成部分', '具有多方面的独特优势', '是具有中国特色的制度安排']"
党的十五大指出，公有制经济包括（    ）。【出题：武汉大学】,"['集体经济', '混合所有制经济中的国有成分和集体成分', '国有经济']"
党的十六大明确了全面建设小康社会的奋斗目标，使经济更加发展、民主更加健全、（    ）。【出题：武汉大学】,"['科教更加进步', '文化更加繁荣', '社会更加和谐', '人民生活更加殷实']"
我们党在带领人民进行伟大社会革命的同时，不断进行（    ），这是我们党不断从胜利走向胜利的关键所在。,['伟大自我革命']
党的十三大召开前夕，邓小平强调指出：“社会主义本身是共产主义的初级阶段，而我们中国又处在社会主义的初级阶段，就是不发达的阶段，一切都要从这个实际出发，根据这个实际来制订规划。”这一论述（   ）。,['第一次把社会主义初级阶段作为事关全局的基本国情加以把握']
工人阶级实现革命领导权的基础是（    ）。,['对于农民的领导']
"2004年1月，中共中央印发（    ）,提出实施马克思主义理论研究和建设工程。【出题：武汉大学】",['《关于进一步繁荣发展哲学社会科学的意见》']
1985年5月，中共中央作出《关于教育体制改革的决定》，提出教育改革的目的是（    ）。,['使各类教育能够主动适应经济社会发展多方面需要']
疫情期间可以参与聚会聚餐吗？（    ）【出题：武汉大学】,['否']
我国现行《宪法》是（    ）。【出题：武汉大学】,['1982年宪法']
搞清楚什么是社会主义、怎样建设社会主义，关键是要在坚持社会主义基本制度的基础上进一步认清（    ）。,['社会主义的本质']
十一届三中全会的主要任务是确定（    ）。,['把全党工作重点转移到社会主义现代化建设上来']
毛泽东思想关于党的建设理论中，始终放在党的建设的首位的是（    ）。,['加强党的思想建设']
1976年，我国援助非洲的（  ）完工。这是中国最大的援外成套项目之一。,['坦赞铁路']
十一届三中全会认为，我国经济体制权力过于集中，应该有计划地大胆下放，这样才有利于充分发挥（    ）的积极性。,"['国家', '地方', '劳动者个人', '企业']"
社会主义初级阶段的含义包括：（    ）。,"['我国社会已经是社会主义社会，我们必须坚持而不能离开社会主义', '我国的社会主义社会还处在初级阶段']"
中国特色社会主义制度是一个严密完整的科学制度体系，起四梁八柱作用的是（    ）。,"['基本制度', '重要制度', '根本制度']"
邓小平在南方谈话中对社会主义本质作了总结性理论概括，内容为（    ）。,"['解放生产力、发展生产力', '消除两极分化', '最终达到共同富裕', '消灭剥削']"
1982年，（    ）通过的宪法规定：“国家在必要时得以设立特别行政区，在特别行政区内实行的制度按照具体情况由全国人民代表大会以法律规定。”这体现了“一国两制”构想，为国家在香港、澳门设立特别行政区提供了直接的宪法依据。【出题：武汉大学】,['全国人大五届五次会议']
习近平在安徽凤阳县小岗村主持召开农村改革座谈会强调，中国要强农业必须强，中国要美农村必须美，中国要富农民必须富。要坚持把解决好“三农”问题作为全党工作重中之重，加大农村改革力度，加强城乡统筹，全面落实（   ）政策，促进农业基础稳固、农村和谐稳定、农民安居乐业。【出题：武汉大学】,['强农惠农富农']
（    ）是国家安全的根本。,['政治安全']
（  ）航天员成功进行中国人的第一次太空漫步。,['神舟七号']
（     ）建设作为西部大开发战略标志性工程建设，全长1956公里，是世界上海拔最高、线路最长的高原铁路，工程建设克服了多年冻土、高寒缺氧、生态脆弱等三大世界性工程技术难题。【出题：武汉大学】,['青藏铁路']
（    ）是中国共产党关于发展理论的重大升华，是习近平新时代中国特色社会主义经济思想的主要内容。,['新发展理念']
党的十七大报告指出，新时期最显著的成就是（    ）。,['快速发展']
以下关于“共同富裕”的理解正确的是（    ）。【出题：武汉大学】,['允许一部分地区先富起来，以先富带动后富']
“一带一路”指的是“（   ）”和“21世纪海上丝绸之路”。【出题：武汉大学】,['丝绸之路经济带']
“一带一路”建设的原则是（   ）。【出题：武汉大学】,"['共商', '共享', '共建  ']"
在民主革命阶段，中国共产党实行保护民族工商业的经济纲领的原因是（    ）。,"['新民主主义革命的性质决定的', '中国生产力发展的水平决定的', '民族资本主义经济是一种与新生产力相联系的先进的生产方式和经济成分']"
党的十五届五中全会强调，西部大开发战略的重点任务和目标是要在21世纪中叶建成一个（    ）、山川秀美的新西部。【出题：武汉大学】,"['经济繁荣', '社会进步', '民族团结', '生活安定']"
十一届三中全会实现的“三个历史性转变”包括（    ）。,"['从僵化半僵化到全面改革', '从以阶级斗争为纲到经济建设为中心', '从封闭半封闭到对外开放']"
有一座城市，它是1980年我国建立的第一个经济特区，被誉为“一夜崛起之城”，这座城市是（    ）。【出题：武汉大学】,['深圳']
现代化的本质是（    ）。,['人的现代化']
习近平指出：“全面推进依法治国涉及很多方面，在实际工作中必须有一个总揽全局、牵引各方的总抓手，这个总抓手就是（    ）”。,['建设中国特色社会主义法治体系']
有资料显示，1992年江苏省大丰县农民已拥有摩托车1850辆，人均储蓄已达800多元，“买辆摩托并不费劲”，一些农家姑娘将摩托车列为陪嫁品。这表明（    ）。【出题：武汉大学】,['改革开放促进了人民生活水平的提高']
先进生产力的集中体现和主要标志是（    ）。,['科学技术']
（    ）提出本世纪头二十年是全面建设小康社会的阶段，形成了“两个一百年”的奋斗目标。,['江泽民']
首次以差额选举方式选举产生了中央委员会和中央纪律检查委员会是在党的（    ）。【出题：武汉大学】,['十三大']
改革开放以来，我国已形成经济特区、沿海开放城市、沿海经济开放区、沿江开放港口城市、沿边开放城镇、内地省会开放城市的开放体系。山东的烟台和青岛属于这一体系中的（    ）。【出题：武汉大学】,['沿海开放城市']
把保护环境确立为基本国策是在（    ）。,['第二次全国环境保护会议']
毛泽东指出：“我们共产党人好比种子，人民好比土地。我们到了一个地方，就要同那里的人民结合起来，在人民中间生根、开花。”这段话强调中国共产党要（    ）。【出题：武汉大学】,['密切联系群众']
新型工业化道路，就是坚持以信息化带动工业化，以工业化促进信息化，走出一条（    ）、经济效益好、资源消耗低、环境污染少、人力资源优势得到充分发挥的新型工业化路子。【出题：武汉大学】,['科技含量高']
我国国内生产总值在（    ）年超越日本，成为仅次于美国的世界第二大经济体。【出题：武汉大学】,['2010']
习近平强调，不忘初心、牢记使命，说到底是（    ）的问题。,['为什么人、靠什么人']
以下选项中是“三个代表”重要思想的主要内容的是（    ）。,"['发展是党执政兴国的第一要务', '建设社会主义市场经济体制', '全面建设小康社会', '建设社会主义政治文明']"
必须树立（    ）的生态文明理念，把生态文明建设放在突出地位，融入经济建设、政治建设、文化建设、社会建设各方面和全过程，努力建设美丽中国，实现中华民族永续发展。,"['保护自然', '尊重自然', '顺应自然']"
在新民主主义革命时期，有三种建国方案可由中国人民在政治实践中选择，但从根本上说可供中国人民选择的方案主要是（    ）。,"['继续维持半殖民地半封建的旧中国', '创建新民主主义的新中国']"
1989年，在同广大发展中国家的关系方面，中国提出了（    ）的经济合作四项原则，开展了形式多样的经济合作，使中国与发展中国家的关系有了更深厚的经济基础。【出题：武汉大学】,['平等互利、讲求实效、形式多样、共同发展']
1974年，毛泽东同赞比亚总统卡翁达谈话时，初次提出关于（  ）的战略思想。这一思想认为，美、苏是第一世界；亚非拉和其他地区的发展中国家是第三世界；处于这两者之间的发达国家是第二世界。,['“三个世界”']
（    ）阐述了经济发展和生态环境保护的关系，揭示了保护生态环境就是保护生产力、改善生态环境就是发展生产力的道理，指明了实现发展和保护协同共生的新路径。,['绿水青山就是金山银山']
革命是要搞阶级斗争，但革命不只是搞阶级斗争。（    ）方面的革命也是革命，而且是很重要的革命，从历史的发展来看是最根本的革命。,['生产力']
中国坚持独立自主的和平外交政策，提出“大国是（  ），周边是（  ），发展中国家是（  ），多边是（  ）”的外交总体布局。,['关键，首要，基础，重要舞台']
在照顾可疑症状者时，最好固定一位家庭成员，这位家庭成员应身体健康状况良好且没慢性疾病，居住应该确保需要共用的空间（如厨房和卫生间）通风良好（保持窗户持续开放）。（    ）【出题：武汉大学】,['是']
1990年，中共中央、国务院为进一步对外开放而做出的战略决策是（    ）。【出题：武汉大学】,['开发、开放上海浦东新区']
进入新世纪，中国特色社会主义法律体系建设成效显著，到（    ）年底，中国特色社会主义法律体系已经形成。【出题：武汉大学】,['2010']
党的十七大报告强调，高举中国特色社会主义伟大旗帜，最根本的就是要坚持中国特色社会主义道路和（    ）。【出题：武汉大学】,['中国特色社会主义理论体系']
2005年3月14日，十届全国人大三次会议高票通过（     ），充分体现了党和国家以最大诚意和尽最大努力争取和平统一的一贯立场，表明了维护国家统一与领土完整的坚定决心。【出题：武汉大学】,['《中华人民共和国反分裂国家法》']
党的十七大报告提出，新时期最突出的标志是（    ）。【出题：武汉大学】,['与时俱进']
1975年，我国成功发射返回式遥感人造地球卫星，成为世界上第（  ）个掌握回收卫星技术的国家。,['三']
1983年10月，中共中央就农村体制改革问题作出的重大决定是（    ）。,"['废除人民公社', '成立村民委员会作为村民自治组织', '建立乡（镇政府作为基层政权']"
1980年7月26日，《人民日报》发表社论，明确提出的我国文艺工作总的口号是：（    ）。,"['为社会主义服务', '为人民服务']"
以下关于邓小平理论说法正确的是（    ）。,"['中国特色社会主义理论体系的开篇之作', '改革开放和社会主义现代化建设的科学指南', '马克思列宁主义、毛泽东思想的继承和发展']"
下列（    ）是公众预防新冠肺炎的正确措施。【出题：武汉大学】,"['保持手卫生。咳嗽、饭前便后、接触或处理动物排泄物后，要用流水洗手，或者用含有酒精成分的免洗洗手液。', '保持室内空气流通。避免到封闭、空气不流通的公共场所和人多集中的地方。']"
1986年3月，中国科学院几位科学家向党中央提出跟踪世界先进水平、发展高科技的建议。中共中央和国务院及时作出决定，实施《高新技术研究开发计划纲要》，此计划被称为（    ）。【出题：武汉大学】,['八六三计划']
改革开放后，逐渐形成了一个全方位、有重点、点面结合的对外开放格局，对这个格局表述正确的是（    ）。【出题：武汉大学】,['经济特区——沿海开放城市——沿海经济开放区——内地']
“一国两制”伟大构想在实践中首先运用于解决（    ）。,['香港问题、澳门问题']
实现社会主义初级阶段奋斗目标的根本立足点是（    ）。,['“自力更生，艰苦创业”']
把计划生育定为我国的一项基本国策是在党的（    ）。,['十二大']
2005年，党的（    ）全会提出“建设创新型国家”，在此战略的推动下，重要学科前沿和战略必争领域取得一批重大自主创新成果。【出题：武汉大学】,['十六届五中']
国务院办公厅印发《关于全面实施城乡居民大病保险的意见》，要求加快推进（   ）制度建设，筑牢全民基本医疗保障网底，让更多的人民群众受益。【出题：武汉大学】,['大病保险']
预防新冠肺炎家长应注意（    ）。【出题：武汉大学】,['不要带孩子频繁外出']
1979年4月召开的中央工作会议制定了用三年时间对国民经济实行（    ）的方针。【出题：武汉大学】,['调整、改革、整顿、提高']
《深入进行群众观点和群众路线教育》指出，想事情，做工作，想得对不对，做得好不好，根本的衡量尺度，就是（    ）。①人民拥护不拥护 ②人民赞成不赞成 ③人民高兴不高兴 ④人民答应不答应【出题：武汉大学】,['①②③④']
改革开放初期，我国重点实施“以市场换技术”发展战略，技术引进成为科技发展的主要途径；2002年，科技部印发《关于进一步增强原始性创新能力的意见》；2006年，我国提出和实施建设创新型国家的目标。这种变化表明（    ）。【出题：武汉大学】,['我国科技由模仿走向了创新']
坚持党的基本路线不动摇，关键是（    ）。【出题：武汉大学】,['坚持以经济建设为中心不动摇']
“统分结合”的（  ）普遍实行，促进了“政社合一”的人民公社体制的解体。,['农村家庭联产承包责任制']
邓小平在《目前的形势和任务》的讲话中提出中国人民长期奋斗的三件大事是（    ）。,"['维护世界和平', '加紧现代化建设', '实现祖国统一']"
（    ）是密切接触者。【出题：武汉大学】,"['与病例共同居住、学习、工作或其他有密切接触的人员', '诊疗、护理、探视病例时未采取有效防护措施的医护人员、家属或其他与病例有类似近距离接触的人员', '现场调查人员调查评估认为符合条件的人员', '与便利乘坐统一交通工具并有近距离接触人员标', '病例同病室的其他患者及其陪护人员']"
国有经济是我国国民经济的支柱。在国民经济中起主导作用，主要体现在对（    ）的控制力上。【出题：武汉大学】,['国民经济']
党的建设总体布局，摆在首位的是（    ）。,['政治建设']
与第二次世界大战前的资本主义相比，当代资本主义在许多方面已经并正在发生着深刻的变化。正确分析这些新变化发生的原因，有利于我们科学而全面地认识当代资本主义社会。导致当代资本主义新变化发生的根本推动力量是（   ）。,['科学技术革命和生产力的发展']
社会主义社会发展的直接动力是（   ）。,['改革']
把“三个代表”重要思想作为党的指导思想写入党章是在（    ）。,['十六大']
改革开放后，我国逐步建立起社会主义市场经济体制。下列有关社会主义市场经济体制的说法正确的是（    ）。①建立社会主义市场经济体制，就是要使市场在国家宏观调控下对资源配置起基础性作用②确立社会主义市场经济体制的根本目的是为了进一步解放和发展生产力。【出题：武汉大学】,['①②都正确']
党的十三大基本路线规定了党在社会主义初级阶段的奋斗目标，内容是（    ）。,['富强、民主、文明']
十一届三中全会拉开了我国改革开放的序幕。先是试办经济特区，80年代中期开放一批沿海港口城市和沿海经济开放区，90年代我国对外开放步伐进一步加快。90年代我国改革开放的重点和标志是（    ）。【出题：武汉大学】,['开发开放上海浦东新区']
党的十七大报告指出，党要站在时代前列带领人民不断开创事业发展新局面，必须以（    ）精神加强自身建设，始终成为中国特色社会主义事业的坚强领导核心。【出题：武汉大学】,['改革创新']
根据党的十九大部署，以县处级以上领导干部为重点，在全党开展“（    ）”主题教育。,['不忘初心、牢记使命']
1949年9月召开的中国人民政治协商会议通过《中国人民政治协商会议共同纲领》规定，新民主主义经济工作的政策是（    ）。,['公私兼顾、劳资两利、城乡互助、内外交流']
1997年，党的十五大重申建立现代企业制度是国有企业改革的方向，提出把国有企业改革同（    ）结合起来。【出题：武汉大学】,"['加强管理', '改造', '改组']"
建设有中国特色社会主义的文化，就是以马克思主义为指导，以培育（    ）的公民为目标。【出题：武汉大学】,"['有理想', '有文化', '有道德', '有纪律']"
邓小平在《党和国家领导制度的改革》的讲话中提出政治体制改革要认真解决的问题有（    ）。,"['权力过分集中', '党政不分', '官僚主义', '事实上存在的领导职务终身制']"
邓小平指出，特区是个窗口，是技术的窗口，管理的窗口，（    ）的窗口，也是对外政策的窗口。,['知识']
1937年中共洛川政治局扩大会议指出，争取全民族抗战胜利的关键是（    ）。,['实行全面抗战路线，反对片面抗战路线']
邓小平提出建设有中国特色社会主义的重大命题是在党的（    ）。,['十二大']
第二十二届国际历史科学大会开幕。习近平在贺信中说，历史研究是一切（   ）的基础，承担着“究天人之际，通古今之变”的使命。【出题：武汉大学】,['社会科学']
确立邓小平建设有中国特色社会主义理论在全党的指导地位是在（    ）。【出题：武汉大学】,['1992年']
2008年美国（    ）爆发后，党中央密切关注危机的发展态势，特别是可能对我国经济发展带来的风险和产生的冲击，一再强调树立忧患意识，做好应对危机预案。【出题：武汉大学】,['次贷危机']
2008年四川省汶川大地震以后，党和政府迅速制定灾后重建计划，决定用（    ）年时间完成灾后恢复重建任务，并动员全国力量实行对口支援。【出题：武汉大学】,['3']
世纪之交，党中央提出并实施了对外开放“引进来”和“走出去”相结合的战略，推动对外开放形成（    ）的新格局。【出题：武汉大学】,['全方位、多层次、宽领域']
1975年，中国第一条电气化铁路（  ）建成。,['宝成铁路']
邓小平在《解放思想、实事求是，团结一致向前看》一文中指出，搞现代化建设必须全党要重新进行一次学习，学习的内容有（    ）。【出题：武汉大学】,"['学习马列主义、毛泽东思想，努力把马克思主义的普遍原则同我国实现四个现代化的具体实践结合起来', '经济学', '管理', '科学技术']"
老年人、儿童等体弱人群有哪些防护措施？【出题：武汉大学】,"['保持室内空气流通', '减少不必要的社交活动', '出行应佩戴口罩、勤洗手', '避免出入人员密集的公共场所']"
明确将计划生育定为我国的一项基本国策是党的（    ）。【出题：武汉大学】,['十二大']
党的基本路线在改革开放实践中不断充实和完善，把“和谐”与“富强、民主、文明”一起写入了基本路线的会议是（   ）。,['党的十七大']
将科学发展观写入党章是党的（    ）的重大理论贡献。,['十七大']
依法治国，前提是（    ）。,['有法可依']
中美两国正式建立外交关系，实现了中美关系的正常化是在（    ）。【出题：武汉大学】,['1979年']
党的十八大关于《中国共产党章程（修正案）》的决议中提出，（   ）是强国之路，是新时期最鲜明的特点。【出题：武汉大学】,['改革开放']
1992年，改革开放的总设计师邓小平到广东视察，感叹道：“八年过去了，这次来看，深圳、珠海特区和其他一些地方，发展得这么快，我没有想到。”经济特区“发展得这么快”的主要原因是（    ）。【出题：武汉大学】,['实行对外开放政策']
"1982年9月1日至11日，中国共产党第（  ）在北京召开。邓小平在开幕词中指出，“把马克思主义的普遍真理同我国的具体实际结合起来，走自己的道路，建设有中国特色的社会主义”。

",['十二次全国代表大会\r\n']
社会主义事业的发展并不是一帆风顺的。社会主义发展道路的多样性以及发展过程中的前进性和曲折性的实践告诉我们（  ）。,"['改革或抛弃某种社会主义模式，不等于改掉或抛弃社会主义', '某种社会主义模式的失败，不等于整个社会主义事业的成败', '发展社会主义，不等于不学习西方资本主义的文明成果', '坚持社会主义，不等于要坚持某种单一的社会主义模式']"
在以下哪些标本中可检测出新型冠状病毒核酸？【出题：武汉大学】,"['粪便、尿液 ', '痰和其他下呼吸道分泌物', '血液', '鼻咽拭子']"
广大（    ）始终是推动我国先进生产力发展和社会全面进步的根本力量。,"['农民', '工人', '知识分子']"
在照顾可疑症状者时，家庭成员与可疑症状者都需要佩戴与面部严密贴合的医用外科口罩。随时保持手卫生，避免直接接触身体分泌物。（    ）【出题：武汉大学】,['是']
党的十一届三中全会后，党中央、国务院先后批准设立了经济特区，包括深圳、珠海、厦门和（    ）。,['汕头']
在社会主义经济发展中起主导作用的是（    ）。,['国有经济']
以下四个选项中，（    ）不是邓小平南方谈话中提出的。【出题：武汉大学】,['“黑猫白猫论”']
勾画了建立社会主义市场经济体制蓝图和基本框架的是（    ）。,['《关于建立社会主义市场经济体制若干问题的决定》']
改革的实质和目标，就是（    ）。,['从根本上改变束缚我国生产力发展的经济体制']
1979年4月，中共中央工作会议提出对国民经济实行（    ）的方针。,['调整、改革、整顿、提高']
我国实行的是社会主义市场经济体制，仍然要坚持发挥社会主义制度的优越性、发挥党和政府的积极作用。政府的职责和作用主要是（    ）。,"['推动可持续发展，促进共同富裕，弥补市场失灵', '保持宏观经济稳定', '保障公平竞争，加强市场监管，维护市场秩序', '加强和优化公共服务']"
邓小平在1992年南方谈话中明确指出，社会主义的本质是（    ）。【出题：武汉大学】,"['最终达到共同富裕', '解放生产力，发展生产力', '消灭剥削', '消除两极分化']"
邓小平指出：“科学技术是第一生产力”，以下（    ）属于改革开放后的科技成果。【出题：武汉大学】,['北京正负电子对撞机建成']
1985年2月，中共中央、国务院批准将长江三角洲、珠江三角洲和（    ）划为沿海经济开放区。,['闽南厦漳泉三角地区']
中国第一颗氢弹是（    ）成功爆炸的。,['1967年']
下列有关上海合作组织的表述不正确的是（    ）。【出题：武汉大学】,['丰富了以结盟为核心的新型国家关系']
马克思主义指导思想，中国特色社会主义共同理想，以（    ）为核心的民族精神和以改革创新为核心的时代精神，社会主义荣辱观，构成社会主义核心价值体系的基本内容。【出题：武汉大学】,['爱国主义']
党的十五大提出，要坚持把（    ）放在经济工作的首位。【出题：武汉大学】,['农业']
“三个代表”重要思想，是2000年2月江泽民在（    ）考察工作时提出来的。【出题：武汉大学】,['广东']
从1980年设立四个经济特区开始，到20世纪80年代中期至90年代初开放沿海、沿江、沿边地区，再到陆续开放了一大批符合条件的内陆县市。这体现出我国对外开放（    ）。【出题：武汉大学】,['经历了不断扩大和深化的过程']
（    ）是更基础、更广泛、更深厚的自信，是一个国家、一个民族发展中更基本、更深沉、更持久的力量。,['文化自信']
邓小平理论形成的条件有哪些（     ）。,"['和平与发展成为时代主题是时代背景', '改革开放和现代化建设的实践是现实依据', '社会主义建设的经验教训是历史根据']"
1948年4月30日，中共中央发布纪念“五一国际劳动节”的口号（“五一口号”），提出各民主党派、各人民团体、各社会贤达（    ）。,"['成立民主联合政府', '讨论并实现召集人民代表大会', '迅速召开政治协商会议']"
用过的口罩如何处理？【出题：武汉大学】,"['投入收集废弃口罩的收集容器', '使用密封袋，将口罩密封后丢入垃圾桶']"
1988年，中共中央、国务院决定建立的经济特区是（    ）。【出题：武汉大学】,['海南经济特区']
正确处理改革开放前后两个历史时期的关系，不只是一个历史问题，更主要的是一个（    ）。,['政治问题']
1978年3月，邓小平在全国科技大会上提出了（  ）的著名论断。,['“科学技术是第一生产力”']
在党的七届二中全会上，毛泽东强调必须保持的党的作风是（    ）。,['谦虚、谨慎、不骄不躁和艰苦奋斗的作风']
“三个代表”重要思想主要回答了（    ）的问题。【出题：武汉大学】,['建设什么样的党、怎样建设党']
第一次在发展中国家举办的注册类世博会是（    ）。,['上海世博会']
“和平统一、一国两制”的核心是（    ）。,['一个中国']
把邓小平理论作为党的指导思想写入党章是在（    ）。,['十五大']
邓小平指出，社会生产力的巨大发展，劳动生产率的大幅度提高，最主要的是靠（    ）。,['科学的力量、技术的力量']
实现四个现代化所必须解决的问题是（    ）。【出题：武汉大学】,"['要有一支坚持走社会主义道路的，具有专业知识和能力的干部队伍', '要有一股艰苦奋斗的创业精神', '要有一条坚定不移、贯彻始终的政治路线', '要有一个安定团结的政治局面']"
习近平总书记主持召开中央全面深化改革委员会第十五次会议，会议指出，要健全农业支持保护制度，提高政策的（    ），引导农业发展由增产导向转为提质导向。【出题：武汉大学】,"['指向性', '精准性', '实效性']"
各级党委要旗帜鲜明地反对腐败，更加科学有效地防治腐败，做到（  ）、（  ）、（  ），永葆共产党人清正廉洁的政治本色。,"['干部清正', '政治清明', '政府清廉']"
邓小平在中国文学艺术工作者第四次代表大会上的祝辞中提出今后一个相当长的时期内全国人民压倒一切的中心任务，决定祖国命运千秋伟业的是（    ）。【出题：武汉大学】,['同心同德实现四个现代化']
《关于经济体制改革的决定》的通过，标志着经济体制改革以（    ）为重点展开。,['城市']
邓小平指出：“低速度就等于停步，甚至等于后退。”这句话的含义是 （    ）。出题：武汉大学）,['要抓住时机，加快发展']
实行依法治国，必须坚持（    ）。①有法可依②有法必依 ③执法必严④违法必究【出题：武汉大学】,['①②③④']
改革开放应当大胆探索，勇于开拓，提高改革决策的科学性，更加注重改革的（  ），在实践中开创新路。,['系统性、整体性、协同性']
歌曲《春天的故事》歌颂了邓小平同志的丰功伟绩，歌词“一九七九年，那是一个春天，有一位老人在中国的南海边画了一个圈”，这句歌词指的是（    ）。【出题：武汉大学】,['在深圳、珠海搞特区试点']
“站起来”“富起来”“强起来”，是习近平总书记在回顾近现代中国历史发展基础上做出的重要论断，其中，“站起来”“富起来”所对应的历史事件分别是（    ）。【出题：武汉大学】,['新中国成立、改革开放']
中国和日本在1982年到1983年间两国政府首脑互访中，确定的四项基本原则是（    ）。【出题：武汉大学】,['和平友好、平等互利、相互信赖、长期稳定']
“一国两制”构想的提出最开始是为了解决（    ）。【出题：武汉大学】,['台湾问题']
坚持和加强党的全面领导，首先要维护党中央权威和集中统一领导。保证全党（    ），是党和国家前途命运所系，是全国各族人民根本利益所在。,['令行禁止']
（    ）是社会主义民主政治的本质和核心。,['人民当家作主']
依法治国，关键是（    ）。,"['公正司法', '依法办事', '依法行政', '依法执政']"
学习贯彻党的十九大精神，要注意把握蕴含其中的（    ），接力探索，接续奋斗，坚定不移将改革推向前进。,"['改革精神', '改革要求', '改革部署']"
（    ）是较高风险暴露人员。【出题：武汉大学】,"['疫情相关的环境和生物样本检测人员', '急诊科工作的医护人员等', '普通门诊、病房工作的医护人员等', '对密接人员展开流行病学调查的公卫医师']"
疫情期间，去医院看病或者人群密集处最好使用（    ）。【出题：武汉大学】,"['医用外科口罩', 'N95医用防护口罩']"
坚持社会主义市场经济，就是使市场在资源配置中起（    ）。,['决定性作用']
从党的十二大到十四大，为推进党和国家领导制度改革、实现中央领导机构新老交替而设立的机构是（    ）。【出题：武汉大学】,['中央顾问委员会']
邓小平高度评价（    ），说它是马克思主义基本原理和中国社会主义实践相结合的政治经济学。,['《关于经济体制改革的决定》']
1990年10月，（    ）开业引入期货交易机制，成为中国期货交易的开端。【出题：武汉大学】,['郑州粮食批发市场']
改革开放后，在我国农村经济体制改革影响下的农村行政体制改革措施是（    ）。【出题：武汉大学】,['撤人民公社建乡镇政府，撤生产大队建村委会']
2016年4月26日，习近平在安徽同知识分子、劳动模范、青年代表座谈时强调，全面建成小康社会，进而实现中华民族伟大复兴的中国梦，必须依靠（   ），必须依靠（   ），必须依靠（   ）。【出题：武汉大学】,['知识；劳动；广大青年']
2003年10月，党的十六届三中全会通过的《关于完善社会主义市场经济体制若干问题的决定》，第一次在党的正式文件中完整地提出了（     ），要求“坚持以人为本，树立全面、协调、可持续的发展观”，完善社会主义市场经济体制。【出题：武汉大学】,['科学发展观']
1999年的宪法修正案正式将（    ）载入宪法。,['邓小平理论']
新时代党的建设，以（    ）为主线。,['加强党的长期执政能力建设、先进性和纯洁性建设']
旗帜鲜明讲政治是我们党作为马克思主义政党的根本要求，马克思主义政党具有（    ）。,"['高尚政治追求', '纯洁政治品质', '崇高政治理想', '严明政治纪律']"
改革开放以来，在民主政治的建设方面，我国进行了一系列制度创新，其中之一就是基层群众自治制度。这一制度的核心内容是（    ）。 【出题：武汉大学】,"['民主选举、民主决策', '民主管理、民主监督']"
党的十四大提出我们政治体制改革的目标是（    ）。【出题：武汉大学】,['以完善人民代表大会制度、共产党领导的多党合作和政治协商制度为主要内容，发展社会主义民主政治']
我国国内生产总值在2010年超越（    ），成为仅次于美国的世界第二大经济体。【出题：武汉大学】,['日本']
苏联解体以后，美国作为唯一的超级大国，极力使世界向（    ）方向发展，谋求建立以其为领导的世界秩序。,['单极化']
党的十九大报告指出，要深化文化体制改革，完善文化管理体制，加快构建把（  ）放在首位、社会效益和经济效益相统一的体制机制。,['社会效益']
抗日民族统一战线中的中间势力不包括（    ）。,['城市小资产阶级']
在1948年9月召开的中共中央政治局会议上，毛泽东强调，我们“不必搞资产阶级的议会制和三权鼎立等”，这套东西“袁世凯、曹锟都搞过，已经臭了”，我们应当“建立民主集中制的各级人民代表会议制度”。毛泽东这段话要回答的是即将成立的新中国的（    ）。,['政体问题']
为适应经济社会发展需要，2005年6月，国务院批准（    ）进行综合配套改革试点。【出题：武汉大学】,['上海浦东新区']
1970年4月24日，（  ）成功地用“长征”一号运载火箭发射了中国第一颗人造地球卫星。,['酒泉卫星发射中心']
（    ）是改革开放以来党的全部理论和实践的主题。,['中国特色社会主义']
党和国家的一切工作和方针政策，都要以是否符合（    ）为最高衡量标准。,['最广大人民群众的根本利益']
（    ）这一重大政治论断，赋予党的历史使命、理论遵循、目标任务以新的时代内涵，为我们深刻把握当代中国发展的新阶段新特征，科学制定党的路线方针政策提供了时代坐标和基本依据。,['中国特色社会主义进入新时代']
1930年5月，毛泽东在《反对本本主义》一文中提出和阐述的重要的思想有（    ）。,"['中国革命斗争的胜利要靠中国同志了解中国情况', '没有调查，没有发言权']"
要坚持和健全民主集中制、加强和改进党的基层组织建设，按照“（    ）”的方针培养和选拔德才兼备的领导干部。,"['知识化', '革命化', '年轻化', '专业化']"
在我国社会主义初级阶段，公有制经济居于主体地位。以下对公有制经济主体地位的理解正确的是（    ）。【出题：武汉大学】,"['公有资产在社会总资产中占优势', '国有经济控制国民经济的命脉，对经济发展起主导地位']"
邓小平在1979年针对党内出现的脱离群众问题，指出：“为了整顿党风，搞好民风，要先从我们（    ）整起。”【出题：武汉大学】,['高级干部']
2006年10月，党的（    ）全会通过《关于构建社会主义和谐社会若干重大问题的决定》。【出题：武汉大学】,['十六届六中']
（    ）把习近平新时代中国特色社会主义思想确立为党必须长期坚持的指导思想并庄严写入党章，实现了党的指导思想的与时俱进。,['党的十九大']
（    ）是解放思想的重要条件。,['民主']
在党的建设中，（    ）是经济工作和其他一切工作的生命线。【出题：武汉大学】,['思想政治工作']
在近代中国，民族资产阶级提出的建国方案是要（    ）。,['建立资产阶级共和国']
中国特色社会主义道路，就是在中国共产党的领导下，立足基本国情，以（    ）为中心，坚持四项基本原则，坚持改革开放，解放和发展社会生产力，巩固和完善社会主义制度，建设社会主义市场经济、社会主义民主政治、社会主义先进文化、社会主义和谐社会，建设富强民主文明和谐的社会主义现代化国家。【出题：武汉大学】,['经济建设']
十一届六中全会对社会主义改造基本完成以后，我国所要解决的主要矛盾进行了新概括，表述为（    ）。,['人民日益增长的物质文化需要同落后的社会生产之间的矛盾']
“社会主义基本制度确立以后，还要从根本上改变束缚生产力发展的经济体制，建立起充满生机和活力的社会主义经济体制。”十一届三中全会以来，党和国家对“束缚生产力发展的经济体制”进行改革的举措有（    ）。【出题：武汉大学】,"['建立家庭联产承包责任制', '实行国有企业公司制、股份制改革', '实行由市场决定价格的价格改革']"
在思想政治上坚持四项基本原则是实现四个现代化的基本前提。这四项基本原则是：（   ）。,"['坚持中国共产党的领导', '坚持社会主义道路', '坚持马列主义、毛泽东思想', '坚持无产阶级专政']"
在党的历史上首次提出“两个一百年”奋斗目标的是（    ）。【出题：武汉大学】,['党的十五大']
党的十五大提出力争到20世纪末在（    ）中初步建立现代企业制度。【出题：武汉大学】,['所有国有大中型骨干企业']
党的十九大明确提出，我国经济已由高速增长阶段转向（    ）。,['高质量发展阶段']
科学发展观的第一要义是（    ）。,['发展']
六五计划最鲜明的特点，就是（    ）。,['在重视经济发展同时把社会发展摆到突出位置']
新冠肺炎是否属于中医“疫”病范畴？【出题：武汉大学】,['是']
邓小平理论形成的时代背景是（    ）。,['和平与发展成为时代主题']
习近平指出，（    ）是实施乡村振兴战略的总目标。,['农业农村现代化']
新民主主义政治纲领规定的新民主主义国家（    ）。,"['国体是各革命阶级的联合专政', '政体是民主集中制的人民代表大会制度', '人民当家作主是新民主主义国家制度的核心内容和基本准则']"
全面坚持和正确处理“一个中心、两个基本点”的相互关系，是正确认识和处理（    ）之间的内在要求。,"['经济基础与上层建筑', '生产力与生产关系']"
什么情况下需要洗手？【出题：武汉大学】,"['护理患者后', '咳嗽打喷嚏后', '用餐前', '上厕所后']"
五四运动，孕育了以（    ）为主要内容的伟大五四精神，其核心是爱国主义精神。,"['科学', '爱国', '民主', '进步']"
1984年7月，（    ）公司成立，在全国国营商业中率先迈出股份制改革步伐。【出题：武汉大学】,['北京天桥百货股份有限公司']
20世纪90年代，科技部组织实施了国家重点基础研究发展计划，这个计划是（    ）。【出题：武汉大学】,['“973”计划']
党的十九大报告指出，坚持（  ）、源头防治，持续实施大气污染防治行动，打赢蓝天保卫战。,['全民共治']
邓小平提出建设有中国特色的社会主义或走“中国式”的现代化道路的依据是（   ）。,['一切从实际出发，走自己的路']
中国共产党的土地政策是与时俱进的。1950年6月，《中华人民共和国土地改革法》公布施行。这个《土地改革法》与1947年通过的《中国土地法大纲》相比，一个大的变化就是（    ）。,['由对富农征收多余的土地财产改变为保存富农经济']
生态文明的核心是（    ）。,['坚持人与自然和谐共生']
党的十三大提出的党在社会主义初级阶段的基本路线是（    ）。【出题：武汉大学】,['领导和团结全国各族人民，以经济建设为中心，坚持四项基本原则，坚持改革开放，自力更生，艰苦创业，为把我国建设成为富强、民主、文明的社会主义现代化强国而奋斗']
中国共产党人对科学社会主义发展的开创性贡献是（    ）。,['提出“中国特色社会主义”的重大命题']
科学发展观强调，加快转变经济发展方式的关键是（    ）。【出题：武汉大学】,['全面深化经济体制改革']
邓小平理论首要的基本理论问题是（    ）。,['什么是社会主义、怎样建设社会主义的问题']
判断改革和各方面工作是非得失，归根到底，要以（    ）为标准。,"['是否有利于提高人民的生活水平', '是否有利于增强社会主义国家的综合国力', '是否有利于发展社会主义社会的生产力']"
九届全国人大二次会议通过的《中华人民共和国宪法修正案》将（    ）正式写入宪法，是中国特色社会主义民主政治发展的重要成果。【出题：武汉大学】,['依法治国']
坚持党的领导，核心是坚持党的（    ）。【出题：武汉大学】,['先进性']
中国特色社会主义最本质的特征是（    ）。,['中国共产党的领导']
市场经济中企业的特征是（      ）。,['自主经营']
科学发展观的核心是（    ）。,['以人为本']
第一次对我国要走新型工业化道路作出明确部署，是在党的（    ）。,['十六大']
1978年全国科学大会在北京举行，邓小平指出，为社会主义服务的（    ）是劳动人民的一部分。,['脑力劳动者']
中国共产党第十六次全国代表大会召开的时间是 （      ）。【出题：武汉大学】,['2002年']
"针对1977年至1978年出现的国民经济比例失调的情况，1979年4月召开的中共中央工作会议，提出对国民经济实行（  ）的方针，坚决纠正前两年经济工作中的失误，认真清理过去在这方面长期存在的“左”倾错误影响。

",['“调整、改革、整顿、提高”\r\n']
我们建设的现代化经济体系，要借鉴发达国家有益做法，更要符合中国国情、具有中国特色。要建设（    ），资源节约、环境友好的绿色发展体系，多元平衡、安全高效的全面开放体系。这几个体系是统一整体，要一体建设、一体推进。,"['创新引领、协同发展的产业体系', '体现效率、促进公平的收入分配体系', '彰显优势、协调联动的城乡区域发展体系', '统一开放、竞争有序的市场体系']"
20世纪90年代初期外交工作的两个重点是（    ）。【出题：武汉大学】,"['打破西方国家的“制裁”，恢复和稳定同西方发达国家的关系', '开展睦邻外交，稳定和积极发展同周边国家的关系，加强同发展中国家的团结与合作']"
1997年，为解决农产品相对过剩问题，中央及时提出对农业结构实施战略性调整的方针，推进农业向（    ）转变。【出题：武汉大学】,"['专业化', '现代化', '商品化']"
1983年10月，邓小平提出（    ）的要求，为新时期我国教育事业改革发展指明了方向。【出题：武汉大学】,['教育要面向现代化、面向世界、面向未来']
（    ）年12月20日，中国政府对澳门恢复行使主权。,['1999']
（    ）战略布局，是我们党站在新的历史起点上把握我国发展新特征确定的治国理政新方略，是新的时代条件下推进改革开放和社会主义现代化建设、坚持和发展中国特色社会主义的战略抉择。,['四个全面']
新民主主义革命的主要内容是（    ）。,['没收封建地主阶级的土地归农民所有']
中国革命的首要问题是（    ）。,['认清革命的敌人和朋友']
实现“人民生活总体达到小康水平”目标是在（    ）计划完成之后。,['“九五”']
中美建交的前提是（    ）。【出题：武汉大学】,['一个中国原则']
科学发展观的核心是（    ）。【出题：武汉大学】,['以人为本']
党的十六大报告指出，贯彻“三个代表”重要思想，核心在（    ）。【出题：武汉大学】,['坚持党的先进性']
1990年7月，中共中央发出通知，通知明确规定，高等学校实行党委领导下的校长负责制，党委的主要任务是（  ）。,"['依靠全体教职工，推进学校的发展和改革', '培养适应社会主义现代化建设的又红又专的人才', '贯彻执行党的路线、方针、政策', '坚持社会主义办学方向']"
新冠肺炎疫情是新中国成立以来我国遭遇的传播速度最快、感染范围最广、防控难度最大的重大突发公共卫生事件。我们迅速打响疫情防控的（    ），夺取了全国抗疫斗争重大战略成果。,"['总体战', '阻击战', '人民战争']"
邓小平在南方谈话中，阐述的主要问题包括：（    ）。【出题：武汉大学】,"['姓“资”姓“社”的问题', '社会主义的本质问题', '计划与市场的关系问题', '发展的时机与速度问题']"
始终做到“三个代表”是我们党的立党之本、执政之基、力量之源。这里的“本”“基”“源”是指（    ）。【出题：武汉大学】,['人民群众的拥护和支持']
邓小平理论的精髓是（   ）。,['解放思想、实事求是']
（    ）明确提出实施西部大开发战略，通过优先安排基础设施建设、增加财政转移支付等措施，支持中西部地区和少数民族地区加快发展。【出题：武汉大学】,['党的十五届四中全会']
在“一国两制”的构想中，对台湾的政策不同于港澳的是（    ）。【出题：武汉大学】,['可以保留自己的军队']
2006年10月，党的十六届六中全会通过（    ）。【出题：武汉大学】,['《关于构建社会主义和谐社会若干重大问题的决定》']
中国共产党第十六次全国代表大会的历史性决策和贡献是（      ）。【出题：武汉大学】,['将“三个代表”重要思想确立为党的指导思想']
2003年10月，党的十六届三中全会通过的（    ），第一次在党的正式文件中完整提出了科学发展观。【出题：武汉大学】,['《关于完善社会主义市场经济体制若干问题的决定》']
新时代，党面临的（    ）具有尖锐性和严峻性。推进党的建设的新的伟大工程要一以贯之。,"['消极腐败危险', '精神懈怠危险', '脱离群众危险', '能力不足危险']"
社会主义核心价值体系的基本内容包括（    ）。,"['社会主义荣辱观', '中国特色社会主义共同理想', '以爱国主义为核心的民族精神和以改革创新为核心的时代精神', '马克思主义的指导思想']"
1980年5月，党中央、国务院正式决定把“出口特区”定名为（    ）。【出题：武汉大学】,['经济特区']
党的十六大报告强调，始终做到“三个代表”，是我们党的（    ）、执政之基、力量之源。【出题：武汉大学】,['立党之本']
（    ）是新时代党的建设的根本方针。,['坚持党要管党、全面从严治党']
2008年，北京奥运会的口号是（  ）。,['同一个世界、同一个梦想']
	对于教育，邓小平同志曾语重心长地告诫：“我们要千方百计，在别的方面忍耐一些，甚至于牺牲一点速度，把教育问题解决好。”这主要是因为（    ）。【出题：武汉大学】,['教育对国家发展具有基础性作用']
1925年至1927年的大革命的直接斗争目标是（    ）。,['推翻北洋军阀统治']
2012年3月，（    ）全国人大五次会议通过《关于修改国刑事诉讼法>的决定》，将尊重和保障人权写入了该法总则。【出题：武汉大学】,['十一届']
党的十九大报告从多个方面对我国生态系统保护作出了顶层设计，包括完成（  ）、永久基本农田、城镇开发边界三条控制线划定工作。,['生态保护红线']
“不忘初心、牢记使命”主题教育的总要求是（    ）。,"['守初心、担使命', '找差距、抓落实']"
使用公共交通工具如何进行新冠疫肺炎情防控（    ）【出题：武汉大学】,"['佩戴医用外科口罩或者N95口罩，并每日做好健康监测', '保持车站、车厢内的卫生整洁，及时清理垃圾', '置备体温计、口罩等', '保持公交良好的通风状态']"
促进了中华民族的觉醒，标志着中国人民抗日救亡运动新高潮到来的是（    ）。,['一·二九运动']
2002年，中国首位航天员杨利伟被顺利送上太空，标志着中国成为第（    ）个有能力独自将人送上太空的国家，实现了中华民族千年的飞天梦想。【出题：武汉大学】,['三']
1998年6月25日至7月3日，（    ）访华，并在上海公开阐述了美国对台政策的“三不”主张。【出题：武汉大学】,['克林顿']
胡锦涛明确指出：“（    ）是中国特色社会主义的本质属性。”这个重大判断，深刻总结了国内外社会主义建设的历史经验，深化了对社会主义本质的认识。,['社会和谐']
党的十九大报告指出，统筹推进“五位一体”总体布局，协调推进“四个全面”战略布局，提高党（    ）的能力和定力，确保党始终总揽全局、协调各方。,"['定政策', '把方向', '谋大局', '促改革']"
党的十六大报告强调，贯彻“三个代表”重要思想，必须把（    ）作为党执政兴国的第一要务，不断开创现代化建设的新局面。【出题：武汉大学】,['发展']
（    ）战争是机械化战争迈向信息化战争的转折点，引发世界性军事变革浪潮。,['海湾']
全面依法治国，总目标是（    ）。,['建设中国特色社会主义法治体系，建设社会主义法治国家']
建设和谐文化是构建社会主义和谐社会的重要任务，（  ）是建设和谐文化的根本。,['社会主义核心价值体系']
我国最早的经济特区是（    ）。,['深圳']
社会主义的根本任务是（    ）。,['发展生产力']
十一届三中全会强调，在人民内部的思想政治生活中，只能实行（    ）的方法，不能采取压制、打击手段。,['民主']
党的十三大正式制定了社会主义现代化建设（  ）的战略部署。,['三步走']
党的十六大提出，要在21世纪头二十年抓住战略机遇期，全面建设小康社会，这是实现现代化建设第三步战略目标必经的承上启下的发展阶段，也是（    ）的关键阶段。【出题：武汉大学】,"['扩大对外开放', '完善社会主义市场经济体制']"
全面从严治党，核心是（    ）。,['加强党的领导']
（    ）是党执政兴国的第一要务。,['发展']
党的（    ）系统论述了加强党的建设和改善党的领导问题。,['十四大']
在当代中国，坚持和发展（    ），就是真正坚持和发展马克思主义，就是真正坚持和发展科学社会主义。,['习近平新时代中国特色社会主义思想']
“三个代表”重要思想创造性地回答了（    ）。,['建设一个什么样的党，怎样建设党']
党的十九大报告指出，全面建成（    ）可持续的多层次社会保障体系。,"['权责清晰', '城乡统筹', '保障适度', '覆盖全民']"
基层民主自治体系的主要内容有（    ）。,"['企业职工代表大会', '城市居民委员会', '农村村民委员会']"
胡锦涛指出：“新形势下，党面临的（    ）是长期的、复杂的、严峻的，精神懈怠危险、能力不足危险、脱离群众危险、消极腐败危险更加尖锐地摆在全党面前。”,"['改革开放考验', '执政考验', '市场经济考验', '外部环境考验']"
依法治国就是广大人民群众在党的领导下，依照宪法和法律规定，通过各种途径和形式管理国家事务……不因领导人看法和注意力的改变而改变。下列属于20世纪90年代我国在民主法制建设上采取的重大举措的是（    ）。【出题：武汉大学】,['把实行“依法治国”方略写入宪法']
党的十一届三中全会以后，经济体制改革首先在（  ）取得突破性进展。,['农村']
正式把建立社会主义市场经济体制确立为我国经济体制改革目标是在党的（    ）。,['十四大']
2001年，中共中央颁布的《公民道德建设实施纲要》把公民基本道德规范集中概括为：（    ）、明礼诚信、团结友善、勤俭自强、敬业奉献。【出题：武汉大学】,['爱国守法']
新民主主义革命理论的核心问题是（    ）。,['无产阶级领导权']
（    ）是人与自然相处时应秉持的首要态度。,['尊重自然']
如何进行居家心理防护。（    ）【出题：武汉大学】,"['如果感觉到自己有较为严重的症状，需要及时向心理卫生专业人士寻求心理援助。', '疫情防控要认真科学，一定要从官方渠道了解信息，客观理性地认识疫情。', '合理安排居家生活，发现生活的意义和积极地行为，可以和家人进行一些健身活动', '学会觉察和评估自己的情绪状态']"
以下哪些人员属于密切接触者？【出题：武汉大学】,"['与病例乘坐同一交通工具井有近距离接触人员', '病例同病室的其他患者及陪护人员', '与病例共同居住、学习、工作或其他有密切接触的人员', '诊疗、护理、探视病例时未采取有效防护措施的医护人员、家属或其他与病例有类似近距离接触的人员']"
从1983年起，为完善国家与企业的分配关系，国营企业进行（    ）改革。【出题：武汉大学】,['两步利改税']
在五四运动中发挥决定性作用的新的政治力量是（    ）。,['工人阶级']
中国-东盟自由贸易区（CAFTA），是中国与东盟十国组建的自由贸易区。2001年，（    ）首倡建立该贸易区。【出题：武汉大学】,['中国']
首次提出“建设创新型国家”是在（    ）。,['十六届五中全会']
实施“973”计划的战略目标是：加强原始性创新，在更深层面和更广泛领域解决国家经济社会发展中的（    ）问题。【出题：武汉大学】,['科技']
《关于深入推进新型城镇化建设的若干意见》印发，以（   ）为核心，以提高质量为关键，以体制机制改革为动力，加快推进户籍制度改革，提升城市综合承载能力，制定完善土地、财政、投融资等配套政策。【出题：武汉大学】,['人的城镇化']
始终做到“三个代表”是我们党（    ）。,"['执政之基', '力量之源', '立党之本']"
1998年11月，根据党的十五大的部署，中央决定在县级以上党政领导班子、领导干部中深入开展以（    ）为主要内容的党性党风教育。【出题：武汉大学】,"['讲学习', '讲政治', '讲正气']"
江泽民强调推进党的建设新的伟大工程，重点是加强党的执政能力建设，不断提高科学判断形势的能力、（    ）。,"['驾驭市场经济的能力', '依法执政的能力', '总揽全局的能力', '应对复杂局面的能力']"
可以触碰口罩外侧吗？（    ）【出题：武汉大学】,['否']
2006年3月4日，胡锦涛在看望全国政协委员时提出了（    ）。,['八荣八耻']
以下关于商品经济的认识，表述正确的是（    ）。【出题：武汉大学】,['商品经济的充分发展是实现社会经济高度发达不可逾越的阶段']
党的十二大之后，我国经济体制改革最突出的特点是（    ）。,['改革的重点逐步转向城市']
“邓小平理论”这一概念被首次使用是在（    ）。【出题：武汉大学】,['党的十五大']
党的十六大报告强调，始终做到“三个代表”，是我们党的立党之本、执政之基、（    ）。【出题：武汉大学】,['力量之源']
1999年，根据邓小平关于现代化建设的战略思想，中央作出了实施（    ）战略的部署。【出题：武汉大学】,['西部大开发']
人民解放军始终把思想建设摆在各项建设的首位。1999年，全军广泛开展“四个教育”，主要内容包括（    ）、革命人生观教育、尊干爱兵教育和艰苦奋斗教育。【出题：武汉大学】,['爱国奉献教育']
从1994年底开始的国有大中型企业改革要求通过建立现代企业制度，把企业建成（   ）的法人实体和市场竞争主体。【出题：武汉大学】,"['自负盈亏', '自主经营', '自我发展', '自我约束']"
在疫情防控期间，什么情况下需要戴口罩？【出题：武汉大学】,"['治疗、护理患有呼吸道传染病病人时', '到医院看病时', '乘坐公共交通工具', '到公共场所，人员较密集的场所时']"
下列（    ）是党的十五大对政府与市场关系的表述。【出题：武汉大学】,['使市场在国家宏观调控下对资源配置起基础性作用']
习近平总书记在纪念邓小平同志诞辰110周年座谈会上的讲话中回顾邓小平曾提出的观点：“我坚信，世界上赞成马克思主义的人会多起来的，因为马克思主义是科学。它运用历史唯物主义揭示了人类社会发展的规律。”这是邓小平在（    ）时提出的。【出题：武汉大学】,['南方谈话']
“热词”是指出现频率比较高的词。历届党代会的热词，都是党和国家在这一时期的中心任务。1992年，党的十四大的热词应是（    ）。【出题：武汉大学】,['“社会主义市场经济体制”']
新型工业化道路，就是坚持以信息化带动工业化，以工业化促进信息化，走出一条科技含量高、经济效益好、（    ）、环境污染少、人力资源优势得到充分发挥的新型工业化路子。【出题：武汉大学】,['资源消耗低']
中国共产党的土地政策是与时俱进的。1950年至1953年，土改在新解放区广泛展开。土改中对待富农的政策是（    ）。,['保存富农经济']
2002年12月5日至6日，胡锦涛率领中央书记处的同志到西柏坡学习考察，并发表了重要讲话，他在讲话中首次提出（      ）的重要论断。【出题：武汉大学】,['“权为民所用，情为民所系，利为民所谋”']
党的十五大提出，进行国有企业改革，要实行（    ）和再就业工程，形成企业优胜劣汰的竞争机制。【出题：武汉大学】,"['规范破产', '减员增效', '鼓励兼并', '下岗分流']"
当今世界正在经历百年未有之大变局。（    ）正是在把握世界发展大势、应对全球共同挑战、维护人类共同利益的过程中创立并不断丰富发展的。,['习近平新时代中国特色社会主义思想']
第三届全国人大一次会议正式提出实现国家的“四个现代化，主要是指（    ）。,"['农业现代化', '科学技术现代化', '工业现代化', '国防现代化']"
新形势下，我们党面临许多严峻挑战，党内存在着许多亟待解决的问题，尤其是一些党员干部中发生的（  ）、（  ）、（  ）、（  ）。,"['官僚主义', '形式主义', '脱离群众', '贪污腐败']"
疫情期间，外出回家应该洗手吗？（    ）【出题：武汉大学】,['是']
党的十五届三中全会通过《关于农业和农村工作若干重大问题的决定》，强调农村出现的（    ）经营，能提高农业经济效益和市场化程度，是我国农业逐步走向现代化的现实途径之一。【出题：武汉大学】,['专业化']
深化市场取向的改革，关键是要处理好（    ）和（    ）的关系。,['政府 市场']
1985年4月10日，中共中央整党工作指导委员会发出第十二号通知，通知指出：第二期整党工作的基本任务是（  ）。,['统一思想、整顿作风、加强纪律、纯洁组织']
"2007年10月15至21日，中国共产党第十七次全国代表大会在北京举行,胡锦涛作题为（    ）的报告。【出题：武汉大学】",['《高举中国特色社会主义伟大旗帜，为夺取全面建设小康社会的新胜利而奋斗》']
实现全体人民共同富裕的宏伟目标，最终靠的是（    ）。,['发展']
20世纪90年代，我们对效率与公平的关系的认识是（    ）。【出题：武汉大学】,['效率优先，兼顾公平']
打喷嚏或咳嗽时，是否可以用手直接遮挡？【出题：武汉大学】,['否']
党的十六大报告强调，始终做到（        ），是我们党的立党之本、执政之基、力量之源。【出题：武汉大学】,['“三个代表”']
20世纪80年代中期，我国开始实施大规模的扶贫开发。其中，我国历史上第一个有明确目标、明确对象、明确措施和明确期限的国家扶贫开发行动纲领是（    ）。【出题：武汉大学】,['《国家八七扶贫攻坚计划（1994—2000年）》']
党的十八大提出，推进生态文明建设，要求我们树立（   ）的生态文明理念。【出题：武汉大学】,"['保护自然', '顺应自然', '尊重自然']"
邓小平关于社会主义本质的概括，具有重大的政治、理论和实践意义，表现为（    ）。,"['深化了对科学社会主义的认识', '遵循了科学社会主义的基本原则', '摆脱了长期以来拘泥于具体模式而忽略社会主义本质的错误倾向', '廓清了不合乎时代进步和社会发展规律的模糊观念']"
党的全国代表大会每五年召开一次，这一制度是（    ）起开始实现了制度化。【出题：武汉大学】,['党的十二大']
党的（    ）作出了全面推进依法治国的顶层设计，制定了路线图、施工图，在我国社会主义法治史上具有里程碑意义。,['十八届四中全会']
取得全民族抗战以来中国军队的第一次重大胜利，粉碎了日军不可战胜的神话的是（    ）。,['平型关大捷']
“长期共存、互相监督、肝胆相照、荣辱与共”的方针最终形成于党的（    ）。,['十二大']
下列不是“三个代表”重要思想产生的背景的是（    ）。【出题：武汉大学】,['打破了个人崇拜的思想束缚']
科学发展观最鲜明的精神实质表述最全面的是（    ）。,['解放思想、实事求是、与时俱进、求真务实']
在同新冠肺炎疫情的殊死较量中，中国人民和中华民族以敢于斗争、敢于胜利的大无畏气概，铸就了生命至上、（    ）的伟大抗疫精神。,"['舍生忘死', '命运与共', '尊重科学', '举国同心']"
哪种类型口罩能够有效预防由患者引起的飞沫传播？【出题：武汉大学】,"['N95或KN95口罩', '医用外科口罩']"
党的十一届三中全会以后，对毛泽东和毛泽东思想历史地位做出科学评价的历史文献是（    ）。,['《关于建国以来党的若干历史问题的决议》']
解放思想、实事求是，一切从实际出发建设社会主义，我国最大的“实际”就是（    ）。,['我国处于并将长期处于社会主义初级阶段']
邓小平理论形成的现实依据是（    ）。,['改革开放和现代化建设的实践']
为保持经济持续快速健康发展，2006年12月，中央经济工作会议提出（     ）的方针，既要保持经济平稳较快增长，防止大起大落，又要坚持好中求快，注重优化结构，努力提高质量和效益。【出题：武汉大学】,['“又好又快发展”']
马克思主义指导思想，中国特色社会主义共同理想，以爱国主义为核心的民族精神和以（    ）为核心的时代精神，社会主义荣辱观，构成社会主义核心价值体系的基本内容。【出题：武汉大学】,['改革创新']
社会主义初级阶段是我国建设社会主义不可逾越的一个历史阶段，（      ）。,['它决定了生产力落后、商品经济不发达的客观条件']
创造性地提出并深刻阐述中国特色社会主义理论体系，将科学发展观写入党章，是党的（    ）的重大理论贡献。【出题：武汉大学】,['十七大']
党的十八大报告指出，全面建成小康社会，必须以更大的政治勇气和智慧，不失时机深化重要领域改革，坚决破除一切妨碍（  ）的思想观念和体制机制弊端，构建系统完备、科学规范、运行有效的制度体系，使各方面制度更加成熟更加定型。,['科学发展']
经过多年探索，在发展社会主义民主政治问题上，党确立了一条基本原则：坚持（    ）的有机结合。【出题：武汉大学】,"['人民当家作主', '依法治国', '党的领导']"
我们党作出实行改革开放的历史性决策，是基于（    ）。,"['对人民群众期盼和需要的深刻体悟', '对时代潮流的深刻洞察', '对社会主义革命和建设实践的深刻总结', '对党和国家前途命运的深刻把握']"
在我国国有企业改革经历的三个阶段中，推行的主要改革措施是（    ）。【出题：武汉大学】,"['第三阶段，建立现代企业制度', '第二阶段，两步利改税', '第一阶段，放权让利，扩大企业自主权']"
解放思想的重要条件是（    ）。【出题：武汉大学】,['民主']
据《人民日报》记载，1992年海南省出口创汇五点四七亿美元（不含“三资”企业），比上年同期增长百分之三十七点五，超过年计划百分之四十七点八。出现这种现象的根本原因是（    ）。【出题：武汉大学】,['海南经济特区的设立']
发展社会主义先进文化，加强文化建设，必须以科学的理论武装人、以正确的舆论引导人、以高尚的精神塑造人、（    ）。【出题：武汉大学】,['以优秀的作品鼓舞人']
党的十六大报告强调，始终做到“三个代表”，是我们党的立党之本、（     ）、力量之源。【出题：武汉大学】,['执政之基']
解放战争时期，在国民党统治区形成了以学生运动为先导的人民民主运动，成为配合人民解放战争的第二条战线。第二条战线形成的原因是（    ）。,"['国统区爆发严重经济危机', '国民党顽固坚持内战政策', '国民党政府专制独裁、官员贪污腐败']"
（    ）是中等风险暴露人员。【出题：武汉大学】,"['从事与疫情相关的行管、警察、保安、快递等从业人员', '人员密集场所的工作人员，包括医院、机场、火车站、地铁、地面公交、飞机、火车、超市等相对密闭场所的工作人员', '普通门诊、病房工作的医护人员等']"
邓小平在南方谈话中，精辟地阐述了计划和市场的关系问题，主要观点包括：（    ）。【出题：武汉大学】,"['计划多一点还是市场多一点，不是社会主义与资本主义的本质区别', '计划和市场都是经济手段', '计划经济不等于社会主义，资本主义也有计划；市场经济不等于资本主义，社会主义也有市场']"
公有制的主体地位主要体现在（    ）。【出题：武汉大学】,"['公有资产在社会总资产中占优势', '国有经济控制国民经济命脉，对经济发展起主导作用']"
2001年6月，上海合作组织成立，中国、俄罗斯、哈萨克斯坦、吉尔吉斯斯坦、塔吉克斯坦、乌兹别克斯坦六国就合作打击（    ）势力达成共识。①帝国主义②分裂主义③恐怖主义④极端主义【出题：武汉大学】,['②③④']
2018年8月，习近平总书记在全国宣传思想工作会议上指出，要扎实抓好（    ）建设，更好引导群众、服务群众。,['县级融媒体中心']
在领导干部的所有能力中，（    ）是第一位的。,['政治能力']
20世纪90年代以来，中国在外交领域取得了较大的进展，截至1992年8月底，同中国建交的国家达到了（    ）个。【出题：武汉大学】,['154']
解放战争时期，中国人民解放军发动的三大战役不包括（    ）。,['渡江战役']
2006年10月，党的十六届六中全会通过的《关于构建社会主义和谐社会若干重大问题的决定》指出，（     ）是中国特色社会主义的本质属性，是国家富强、民族振兴、人民幸福的重要保证。【出题：武汉大学】,['社会和谐']
邓小平提出的“三步走“战略的第三步是（    ）。【出题：武汉大学】,['到二十一世纪中叶基本实现现代化，人均国民生产总值达到中等发达国家水平，人民过上比较富裕的生活']
科学发展观科学回答了（    ）的重大理论和实际问题。,['实现怎么样的发展、怎样发展']
1997年，党的十五大指出我国社会主义初级阶段的基本经济制度是（    ）。【出题：武汉大学】,['社会主义公有制为主体，多种所有制经济共同发展']
第九次亚太经济合作组织的主题是（  ）。,['新世纪、新挑战：参与、合作，促进共同繁荣']
1973年，农业科学家（  ）育成一代籼型杂交水稻，为我国的粮食生产作出重大贡献。,['袁隆平']
习近平强调，做好新形势下宣传思想工作，必须自觉承担起举旗帜、（    ）的使命任务。,"['聚民心', '兴文化', '展形象', '育新人']"
邓小平在《解放思想、实事求是，团结一致向前看》一文中指出，（    ）是小生产的产物，是同社会化大生产是根本不相容的。【出题：武汉大学】,['官僚主义']
1992年召开的党的十四大明确提出，我国经济体制改革的目标是建立（    ）。【出题：武汉大学】,['社会主义市场经济体制']
党的十八大以来，我们党形成并统筹推进（    ）总体布局，这是我们党对社会主义建设规律在实践和认识上不断深化的重要成果。,['五位一体']
“三个代表”重要思想的本质是（    ）。,['执政为民']
1980年9月，五届全国人大三次会议接受中共中央建议，决定成立立法修改委员会，主持修改宪法，（    ）具体负责宪法修改工作。【出题：武汉大学】,['彭真']
1996年，为加强精神文明建设而出台的文件是（    ）。【出题：武汉大学】,['《关于加强社会主义精神文明建设若干重要问题的决议》']
在准确把握国家安全形势变化新特点新趋势的基础上，以习近平同志为核心的党中央创新国家安全理念，统揽国家安全全局，创造性提出（    ）的概念。,['总体国家安全观']
旅行在外没有清水，不方便洗手用（    ）处理。【出题：武汉大学】,"['消毒液', '75%的酒精']"
党的十九大报告指出，构建党统一指挥、全面覆盖、权威高效的监督体系，把党内监督同国家机关监督、（  ）贯通起来，增强监督合力。,"['群众监督', '舆论监督', '民主监督', '司法监督']"
我国唯一一个省级经济特区是（    ）。【出题：武汉大学】,['海南']
2003年10月15日9时，中国首位航天员杨利伟被顺利送上太空，他乘坐的飞船名称是（    ）。【出题：武汉大学】,['“神州”五号']
把建立社会主义市场经济体制确立为我国经济体制改革目标的会议是（   ）。,['党的十四大']
党在社会主义初级阶段的基本路线的主要内容是（    ）。,['“一个中心、两个基本点”']
把精神文明建设的具体目标列入国民经济和社会发展规划，使社会主义精神文明建设在全社会得到普遍重视的文件是（    ）。【出题：武汉大学】,['《国民经济和社会发展“九五”计划和2010年远景目标纲要》']
口罩可以反复使用吗？【出题：武汉大学】,['否']
2005年12月29日，十届全国人大常委会第十九次会议决定废止（    ），标志着我国全面取消农业税。,['《中华人民共和国农业税条例》']
作风建设永远在路上。要始终坚持走群众路线，坚决反对（    ）。,"['官僚主义', '奢靡之风', '形式主义', '享乐主义']"
1983年，党中央作出决定废除人民公社后，建立作为基层政权的是（    ）。,['乡（镇）政府']
在五千多年的发展中，中华民族形成了以（    ）为核心的团结统一、爱好和平、勤劳勇敢、自强不息的伟大民族精神。,['爱国主义']
改革开放加速了中国的城市化进程。1978年我国城市数量为193个，1997年为668个，其中以中小城市的增长最为迅速。这主要是由于（    ）。【出题：武汉大学】,['乡镇企业的崛起与发展']
党的十七大报告强调，改革开放以来我们取得一切成绩和进步的根本原因，归结起来就是：（    ），形成了中国特色社会主义理论体系。【出题：武汉大学】,['开辟了中国特色社会主义道路']
19世纪末20世纪初，外国在华侵略势力中，占主要地位的是（    ）。,['英国']
我们党站在时代前列，保持先进性的根本体现和根本要求是（    ）。,['始终代表中国先进生产力的发展要求，大力促进先进生产力的发展']
1994年，国家科委、国家体改委发出《适应社会主义市场经济发展，深化科技体制改革实施要点》，强调科技体制改革要实行（  ）的方针。,['“稳住一头，放开一片”']
社会主义市场经济理论认为，计划经济与市场经济属于（   ）。,['不同的经济增长方式']
生态环境问题归根到底是（    ）。,['发展方式和生活方式问题']
党的十七大报告强调，改革开放以来我们取得一切成绩和进步的根本原因，归结起来就是：开辟了中国特色社会主义道路，（    ）。【出题：武汉大学】,['形成了中国特色社会主义理论体系']
中国特色社会主义道路，就是在中国共产党的领导下，立足基本国情，以经济建设为中心，坚持（    ），坚持改革开放，解放和发展社会生产力，巩固和完善社会主义制度，建设社会主义市场经济、社会主义民主政治、社会主义先进文化、社会主义和谐社会，建设富强民主文明和谐的社会主义现代化国家。【出题：武汉大学】,['四项基本原则']
党的领导（    ）。,"['是历史和人民选择的', '必须是全面的、系统的、整体的', '是由我国宪法明文规定的', '是由党的性质决定的']"
发展社会主义先进文化，就是发展（    ）社会主义文化。【出题：武汉大学】,"['面向现代化', '面向世界', '民族的科学的大众的', '面向未来']"
（    ）是核心战斗力，是军事发展中最活跃、最具革命性的因素。,['科学技术']
绿色发展，就其要义来讲，是（    ）。,['要解决好人与自然和谐共生问题']
党的十八届三中全会强调，要紧紧围绕（    ）深化经济体制改革。,['使市场在资源配置中起决定性作用和更好发挥政府作用']
（    ）是较低风险暴露人员。【出题：武汉大学】,"['集中学习和活动的托幼机构儿童、在校学生等', '医疗机构就诊（除发热门诊）的患者', '超市、商场、交通工具、电梯等人员密集区的公众']"
党的（    ）报告明确提出，要尊重劳动、尊重知识、尊重人才、尊重创造，确立“四个尊重”的重大方针。大力营造鼓励人们干事业、支持人们干成事业的社会氛围，赋予人才观念以新的时代内涵。【出题：武汉大学】,['十六大']
全面建设小康社会，是实现现代化建设第三步战略目标必经的承上启下的发展阶段，是一个能够充分体现（    ）的目标。,['社会主义优越性']
党的基本路线在改革开放实践中不断充实和完善。党的十七大把（    ）与“富强、民主、文明”一起写入了基本路线。,['和谐']
通过《关于建国以来党的若干历史问题的决议》是在党的（    ）。,['十一届六中全会']
在马克思主义中国化的理论成果中，第一次比较系统地初步回答了建设中国特色社会主义的一系列基本问题的是（    ）。,['邓小平理论']
“三个代表”重要思想是中国特色社会主义理论体系重要组成部分，是我们党必须长期坚持的指导思想。下列关于该思想的说法不正确的是（    ）。【出题：武汉大学】,['首次回答了什么是社会主义、怎样建设社会主义的问题']
社会主义核心价值体系包括（    ）。,"['社会主义荣辱观', '中国特色社会主义共同理想', '以爱国主义为核心的民族精神和以改革创新为核心的时代精神', '马克思主义指导思想']"
1992年，邓小平视察南方并发表重要谈话，回答了长期困扰和束缚人们思想的许多重大问题，他先后视察的城市包括：（    ）。【出题：武汉大学】,"['上海', '深圳', '珠海', '武昌']"
中国改革开放和现代化建设的总设计师是 （   ）。【出题：武汉大学】,['邓小平']
中国共产党的最大政治优势是（    ）。,['密切联系群众']
党的十八大以来，以习近平同志为主要代表的中国共产党人，顺应时代发展，从理论和实践结合上系统回答了（    ）这个重大时代课题，创立了习近平新时代中国特色社会主义思想。,['新时代坚持和发展什么样的中国特色社会主义、怎样坚持和发展中国特色社会主义']
由大革命失败到土地革命战争兴起的历史转折点是（    ）。,['八七会议']
1921年7月中国共产党第一次代表大会召开时，全国党员共约（    ）。,['50多人']
1938年，毛泽东在党的六届六中全会上作的题为《论新阶段》的政治报告中，最先提出了“马克思主义中国化”的命题。毛泽东提出要实现马克思主义的中国化，源于（    ）。,['对中国革命进程中正反两个方面的实践经验的科学总结']
邓小平在南方谈话中指出：“我们说党的基本路线要管一百年，要长治久安，就要靠这一条。真正关系到大局的是这个事。”其谈话中的“这个事”指的是（    ）。【出题：武汉大学】,['正确的组织路线和培养党的事业的接班人的问题']
党的十八大报告中提出全面深化经济体制改革的要求，指出经济体制改革的核心问题是处理好（   ）。【出题：武汉大学】,['政府和市场的关系']
社会主义社会的基本矛盾是（    ）。,['生产关系和生产力、上层建筑和经济基础之间的矛盾']
1997年7月1日，中国政府对香港恢复行使主权，香港特别行政区成立。香港特别行政区基本法开始实施。香港进入了“一国两制”、“港人治港”、高度自治的历史新纪元。香港特别行政区的高度自治权是（       ）。,['中央授予的地方事务管理权']
党的十七大提出，坚持（    ），就是真正坚持马克思主义。【出题：武汉大学】,['中国特色社会主义理论体系']
2012年3月，（    ）全国人大五次会议通过《关于修改的决定》，将尊重和保障人权写入了该法总则。【出题：武汉大学】,['十一届']
（    ）是经济工作和其他一切工作的生命线，是我们党和社会主义国家的重要政治优势。,['思想政治工作']
（    ）是我国国家制度和国家治理体系的本质属性，也是我国国家制度和国家治理体系有效运行、充满活力的根本所在。,"['体现人民共同意志', '维护人民合法权益', '始终代表最广大人民根本利益', '保证人民当家作主']"
可疑症状者需居住在通风良好的单人房间，并拒绝一切探视（    ）【出题：武汉大学】,['是']
据记载，1993年宁夏实现12.4万农民脱盲，103万农民参加了实用技术培训，发展农业科技示范户3.9万多户，推广实用技术1000多项，仅科技推广增产粮食就达二亿多公斤。根据材料，以下说法正确的是（    ）。【出题：武汉大学】,['科技的发展对农业生产起到积极促进作用']
"1978年12月召开的党的十一届三中全会，确定把全党工作的着重点转移到社会主义现代化建设上来，作出（    ）的重大决策，实现了党的历史上具有深远意义的伟大转折。


",['实行改革开放\r\n']
作风问题核心是（    ）。,['党同人民群众的关系问题']
它与香港一水之隔，对外开放区位优势突出，率先打开了对外开放的大门，从渔村迅速发展为国际都市，它是指（    ）。【出题：武汉大学】,['深圳']
《关于加快转变农业发展方式的意见》印发，这是（   ）首个系统部署转变农业发展方式工作的重要文件，统筹保供给、保安全、保生态、保收入。【出题：武汉大学】,['国家层面']
党的十六大明确提出，在优化结构和提高效益的基础上，国内生产总值到（     ）年力争比2000年翻两番，综合国力和国际竞争力明显增强。【出题：武汉大学】,['2020']
1931年，中国共产党在总结土地革命的经验的基础上，制定了土地革命中的阶级路线，即（    ）。,"['限制富农', '依靠贫农雇农', '保护中小工商业者，消灭地主阶级', '联合中农']"
科学发展观的根本方法是（     ）。【出题：武汉大学】,['统筹兼顾']
20世纪三十年代凯恩斯主义主张加强国家对经济生活的干预和宏观控制，强调对全社会进行总需求管理，特别是利用财政政策来调节总需求，这表明（    ）。【出题：武汉大学】,['资本主义也利用计划这一经济手段']
1999年12月20日零时，中华人民共和国政府恢复对澳门行使主权，从此澳门回到祖国的怀抱。下面发生在同年的大事有（    ）。①欧元正式问世 ②中国加入亚太经合组织 ③“神舟一号”试验飞船成功发射与回收 ④“依法治国、建设社会主义法治国家”被写入宪法【出题：武汉大学】,['①②③']
（    ）始终是我们党立于不败之地的强大根基。,['坚持人民主体地位，充分调动人民积极性']
2016年4月24日是我国首个“（   ）”。【出题：武汉大学】,['中国航天日']
构建“丝绸之路经济带”要创新合作模式，加强“五通”，即政策沟通、设施联通、贸易畅通、资金融通和（    ）。【出题：武汉大学】,['民心相通']
科学技术主要是为（    ）服务。,['经济建设']
实现四个现代化的根本前提是（    ）。【出题：武汉大学】,"['坚持马克思列宁主义、毛泽东思想', '坚持人民民主专政', '坚持共产党的领导', '坚持社会主义道路']"
“三个代表”重要思想，指的是（    ）。,"['代表着中国先进文化的前进方向', '代表着中国最广大人民的根本利益', '代表中国先进生产力的发展要求']"
下列（    ）是党的十五大对社会公平的认识。【出题：武汉大学】,['效率优先，兼顾公平']
2003年3月，中华人民共和国第十届全国人民代表大会第一次会议选举（    ）为中华人民共和国主席。【出题：武汉大学】,['胡锦涛']
改革开放以来，中国成功地走上了一条与本国国情和时代特征相适应的和平发展道路。坚持走和平发展道路，符合中国的历史文化传统，这是因为（   ）。,['中国人民在对外交流中始终强调亲仁善邻、和而不同']
习近平强调，在实施乡村振兴战略中要注意处理好（    ）。,"['充分发挥市场决定性作用和更好发挥政府作用的关系', '长期目标和短期目标的关系', '顶层设计和基层探索的关系', '增强群众获得感和适应发展阶段的关系']"
《关于建国以来党的若干历史问题的决议》是在党的（    ）上通过的。【出题：武汉大学】,['十一届六中全会']
科学发展观创造性地回答了（    ）。,['实现什么样的发展，怎样发展']
我国经济体制改革的目标是（    ）。,['建立和完善社会主义市场经济体制']
1987年9月，（    ）率先试行土地使用有偿出让，出让了一块5000多平方米土地的使用权，限期50年，揭开了国有土地使用制度从无偿、无限期、无流动变为有偿、有限期、有流动改革的序幕。【出题：武汉大学】,['深圳']
习近平总书记提出以“共商、共建、（  ）”为原则的新的全球治理观。,['共享']
深化供给侧结构性改革、推动经济高质量发展，总的要求是（    ）。,['巩固、增强、提升、畅通']
新型工业化道路，就是坚持以信息化带动工业化，以工业化促进信息化，走出一条科技含量高、（    ）、资源消耗低、环境污染少、人力资源优势得到充分发挥的新型工业化路子。【出题：武汉大学】,['经济效益好']
邓小平在《解放思想、实事求是，团结一致向前看》一文中指出，处理历史遗留问题是为了（    ）。【出题：武汉大学】,['向前看']
“恐怕再有三十年的时间，我们才会在各方面形成一整套更加成熟、更加定型的制度。在这个制度下的方针、政策，也将更加定型化。”将近三十年后，为坚持和完善中国特色社会主义制度，党召开的会议是（    ）。【出题：武汉大学】,['党的十九届四中全会']
参照2003年抗击非典期间北京小汤山医院模式，在武汉建设的集中收治新型冠状病毒肺炎患者的医院是火神山医院、（    ）。【出题：武汉大学】,['雷神山医院']
（    ）是落实立德树人根本任务的关键课程。,['思政课']
明确提出“发展才是硬道理”的是（    ）。【出题：武汉大学】,['邓小平']
（    ）是我们国家的主人，是决定我国前途和命运的根本力量，是历史的真正创造者。,['人民']
经济体制改革具有标志性的举措是证券交易所的建立。1990年11月，中国人民银行批准成立的（    ）证券交易所，是改革开放以来在大陆开业的第一家证券交易所。【出题：武汉大学】,['上海']
依据香港特别行政区基本法，香港特别行政区享有（     ）。,"['行政管理权', '独立的司法权和终审权', '立法权']"
下列不是“三个有利于”标准的是（     ）。,['是否有利于巩固社会主义制度']
2002年12月28日，中央政治局会议鲜明提出，要更加关注农村，关心农民，支持农业，要把（    ）作为全党工作的重中之重。【出题：武汉大学】,['“三农”问题']
2010年，上海举办的世界博览会主题是（  ）。,['城市，让生活更美好']
回顾党的十一届三中全会以来十四年走过的道路，“这十四年是真正集中力量进行社会主义现代化建设的十四年，是人民生活水平提高最快的十四年，开创了历史的新局面，取得了举世瞩目的成就”。提出这一论断的大会是（    ）。【出题：武汉大学】,['党的十四大']
青海省构建包括长江源、黄河源、澜沧江源“三园一区”的（    ），这是我国首次构建“归属清晰、权责明确、监管有效”的生态保护管理体制，为生态文明建设探索新路。【出题：武汉大学】,['三江源国家公园 ']
（    ）是国家安全的宗旨。,['人民安全']
改革开放开始后的一个很长时期内，我国经济体制改革的核心问题是如何正确认识和处理（    ）的关系。,['计划与市场']
邓小平理论被正式确立为党的指导思想并写入党章是在（    ）。【出题：武汉大学】,['1997年']
实施创新驱动发展战略，最根本的是要增强（    ），最紧迫的是要破除体制机制障碍，最大限度解放和激发科技作为第一生产力所蕴藏的巨大潜能。【出题：武汉大学】,['自主创新能力']
（    ）是新时代做好“三农”工作的总抓手。,['实施乡村振兴战略']
2016年2月19日，习近平在党的新闻舆论工作座谈会上强调，新闻舆论工作者要转作风改文风，俯下身、沉下心，察实情、说实话、动真情，努力推出（   ）的作品。【出题：武汉大学】,"['有思想', '有温度', '有品质']"
2001年底，中国正式加入（    ），对扩大对外开放、促进国内改革发展具有重大意义。【出题：武汉大学】,['世界贸易组织']
江泽民在庆祝中国共产党成立80周年大会上系统阐述了（    ）。,['“三个代表”重要思想']
十五大提出，公有制为主体、多种所有制经济共同发展，是我国社会主义初级阶段的一项基本经济制度。要确保公有制的主体地位就必须（    ）。【出题：武汉大学】,['使公有资产在社会总资产中占优势，国有经济控制国民经济命脉']
《关于深化人才发展体制机制改革的意见》指出，人才是经济社会发展的第一资源，（   ）是全面深化改革的重要组成部分，加快建设人才强国，最大限度激发人才创新创造创业活力，把各方面优秀人才集聚到党和国家事业中来。【出题：武汉大学】,['人才发展体制机制改革']
2004年9月，党的十六届四中全会通过（    ）。【出题：武汉大学】,['《关于加强党的执政能力建设的决定》']
凡是危害中国共产党领导和我国社会主义制度的各种风险挑战，（    ），只要来了，我们就必须进行坚决斗争，而且必须取得斗争胜利。,"['凡是危害我国人民根本利益的各种风险挑战', '凡是危害我国实现“两个一百年”奋斗目标、实现中华民族伟大复兴的各种风险挑战', '凡是危害我国核心利益和重大原则的各种风险挑战', '凡是危害我国主权、安全、发展利益的各种风险挑战']"
以国共两党合作为基础的抗日民族统一战线正式形成的标志是（    ）。,['国民党中央通讯社正式发表《中共中央为公布国共合作宣言》']
党的十八大报告指出，推进政治建设和政治体制改革要抓好的重要任务是提高基层人大代表特别是提高（  ）的比例。,['一线工人、农民、知识分子代表']
1997年召开的党的十五大是党在探索社会主义建设道路上的又一次思想解放和认识深化，主要是因为这次会议（    ）。①明确了党在新时期的工作重心 ②明确了社会主义初级阶段的所有制结构问题  ③明确了经济体制改革的目标 ④解决了社会主义初级阶段公有制实现形式的问题【出题：武汉大学】,['②④']
系统阐述了关于社会主义初级阶段的理论和党在社会主义初级阶段的基本路线是党的（    ）的贡献。【出题：武汉大学】,['十三大']
70多年来，在中国共产党领导下，人民政协坚持（    ）两大主题，服务党和国家中心任务，在建立新中国和社会主义革命、建设、改革各个历史时期发挥了十分重要的作用。,"['民主', '团结']"
邓小平在1980年《目前的形势和任务》讲话中指出了八十年代要做的三件大事是：（    ）。【出题：武汉大学】,"['台湾回归祖国，实现祖国统一', '加紧经济建设，加紧四个现代化建设', '在国际事务中反对霸权主义，维护世界和平']"
2005年，党的十六届五中全会提出建设（    ），在此战略的推动下，重要学科前沿和战略必争领域取得一批重大自主创新成果。【出题：武汉大学】,['“创新型国家”']
2002年12月5日至6日，胡锦涛率领中央书记处的同志到（     ）学习考察，并发表了重要讲话。他的讲话在全党产生重大影响，为党在新世纪新阶段经受住新考验新挑战做了必要的思想准备。【出题：武汉大学】,['西柏坡']
胡锦涛指出：“新形势下，党面临的（    ）考验是长期的、复杂的、严峻的。”,"['改革开放', '市场经济', '外部环境', '执政']"
中国第一个共产主义小组建立在（    ）。,['上海']
解放战争时期，毛泽东在《在晋绥干部会议上的讲话》中对新民主主义革命的总路线作了完整的概括。这里所说的“完整”是指在革命的对象中增加了（    ）。,['官僚资本主义']
党执政兴国的第一要务是（    ）。,['发展']
习近平总书记将供给侧结构性改革的重点，简练地概括为去产能，去库存，去杠杆，降成本，（  ）。,['补短板']
脱贫攻坚要稳定实现贫困人口“两不愁三保障”，三保障是（    ）。,"['义务教育有保障', '住房安全有保障', '基本医疗有保障']"
从法律上把民族区域自治制度确立为中国特色社会主义制度的一项基本政治制度的标志是：颁布并施行（    ）。【出题：武汉大学】,['《中华人民共和国民族区域自治法》']
（    ）是关系中华民族永续发展的根本大计。,['生态文明建设']
1992年以前许多民营企业采取挂靠国有或集体企业的形式进行经营，而此后则通过明确产权重新注册为私营企业，采用了有限责任公司或股份有限公司的形式。导致此变化的主要原因是（    ）。【出题：武汉大学】,['民营企业合法性的明确']
邓小平理论是逐步形成和发展起来的。邓小平理论逐步走向成熟是在（   ）。,['1992年的南方谈话中']
党的十五大提出，社会主义初级阶段的基本经济制度是（    ）。【出题：武汉大学】,['公有制为主体、多种所有制经济共同发展']
经济体制的改革首先取得突破性的进展是在（    ）。,['农村']
邓小平理论形成的历史根据是（    ）。,['社会主义建设的经验和教训']
2020年9月4日，习近平总书记在2020年中国国际服务贸易交易会全球服务贸易峰会上致辞并指出，经济全球化背景下，各国经济彼此依存，利益交融前所未有，（    ）是根本之计。【出题：武汉大学】,"['普惠共享', '以诚相待']"
中国抗日战争进入全民族抗战的新时期是在（    ）后。,['卢沟桥事变']
（    ）是中华民族的最高利益和根本利益。,['建设社会主义现代化强国，实现中华民族伟大复兴']
加强和创新社会治理，关键在体制创新，核心是（  ）。,['人']
2002年11月8日至14日，中国共产党第十六次全国代表大会在北京举行。江泽民作题为（      ）的报告。【出题：武汉大学】,['《全面建设小康社会，开创中国特色社会主义事业新局面》']
"邓小平指出，社会生产力的巨大发展，劳动生产率的大幅度提高，最主要的是靠科学的力量、技术的力量。邓小平深刻地概括出（  ）这个新论断，反映了科学技术在当代发展的新形势和对我国现代化建设的新要求。

",['科学技术是第一生产力\r\n']
邓小平《在全军政治工作会议上的讲话》中，提出了毛泽东思想的出发点和根本点是：（    ）。【出题：武汉大学】,['实事求是']
20世纪90年代，我国对社会主义市场经济体制中市场作用的认识是（    ）。【出题：武汉大学】,['市场在国家宏观调控下对资源配置起基础性作用']
将环境保护内容纳入国民经济和社会发展计划是从（    ）开始。【出题：武汉大学】,['第六个五年计划']
（    ）是社会发展的最根本的决定性因素。,['生产力']
解放思想，实事求是，是我们党的（    ）。,['思想路线']
中国共产党提出“小康”战略目标是在党的（    ）。,['十二大']
党的十七届六中全会提出文化改革发展的根本任务是（    ）。【出题：武汉大学】,['建设社会主义核心价值体系']
1992年初，在关乎中国改革开放和社会主义现代化建设前途命运的关键时刻，邓小平在视察武昌、深圳、珠海、上海等地时，发表了重要谈话。谈话的主要内容有（   ）。,"['不坚持社会主义，不改革开放，不发展经济，不改善人民生活，只能是死路一条', '革命是解放生产力，改革也是解放生产力', '计划多一点还是市场多一点，不是社会主义与资本主义的本质区别', '走社会主义道路，就是要逐步实现共同富裕']"
1982年党的十二大确定，中国共产党同各国共产党发展关系要遵循的原则是（    ）。【出题：武汉大学】,['独立自主、完全平等、互相尊重，互不干涉内部事务']
以人为本就是以最广大人民的（    ）为本。,['根本利益']
1993年5月，北京最后停止使用粮票，粮票全面退出历史舞台。一些布票、油票、肉票、豆腐票，也相继退出了人们的日常生活。这反映出的本质问题是（    ）。【出题：武汉大学】,['经济体制变革']
（    ）是对党的三代中央领导集体关于发展的重要思想的继承和发展，是马克思主义关于发展的世界观和方法论的集中体现。【出题：武汉大学】,['科学发展观']
2003年10月，党的（    ）全会通过的《关于完善社会主义市场经济体制若干问题的决定》，是新世纪完善社会主义市场经济的纲领性文件。【出题：武汉大学】,['十六届三中']
我国第一家中外合资企业是（    ）。,['北京航空食品有限公司']
坚持党要管党、全面从严治党（    ）。,"['“全面”是基础', '“治”是要害', '是新时代党的建设的根本方针', '“严”是关键']"
以下选项，（    ）不属于经济特区姓“社”不姓“资”的原因。【出题：武汉大学】,['在经济特区从事商业活动的人都认同社会主义意识形态']
从法律上把民族区域自治制度确立为中国特色社会主义制度的一项基本政治制度，标志是（    ）。,['1984年《中华人民共和国民族区域自治法》颁布实施']
习近平强调，共产党人的斗争是有方向、有立场、有原则的，大方向就是（    ）。,['坚持中国共产党领导和我国社会主义制度不动摇']
邓小平提出要完整地、准确地理解毛泽东思想的科学体系，强调毛泽东思想的精髓是（    ）。,['实事求是']
习近平在宁夏考察时强调，到（   ）年全面建成小康社会，任何一个地区、任何一个民族都不能落下。宁夏要努力实现经济繁荣、民族团结、环境优美、人民富裕，确保与全国同步建成全面小康社会。【出题：武汉大学】,['2020']
"十四届六中全会后,以创建（    ）为主要内容的群众性活动在全国各地进一步蓬勃开展。【出题：武汉大学】","['文明城市', '文明村镇', '文明行业']"
“三个代表”重要思想的集中概括是中国共产党必须始终代表（    ）。,"['中国最广大人民的根本利益', '中国先进文化的前进方向', '中国先进生产力的发展要求']"
（    ）年，九届全国人大四次会议批准了《中华人民共和国国民经济和社会发展第十个五年计划纲要》，为新世纪的改革开放和现代化建设明确了指导方针和奋斗目标。【出题：武汉大学】,['2001']
1946年6月底，国民党军队进攻以下哪个解放区，挑起了全国性的内战（    ）。,['中原解放区']
在中国特色社会主义理论体系中，被称为奠基之作的是（    ）。【出题：武汉大学】,['邓小平理论']
2001年12月11日，中国正式加入（    ）。,['世界贸易组织']
建设社会主义政治文明，最根本的就是要坚持党的领导、人民当家作主和依法治国的有机统一。党的领导是人民当家作主和依法治国的（    ）。【出题：武汉大学】,['根本保证']
2013年11月，我们党召开了（    ），对全面深化改革作出总部署、总动员。,['十八届三中全会']
中国反动势力的政治代表，在辛亥革命失败以后的一个时期主要是（    ）。,['北洋政府']
2005年，神州（  ）号载人飞船发射成功。,['六']
以下选项中，属于公有制经济的是（    ）。【出题：武汉大学】,"['集体经济', '国有经济', '混合所有制经济中的国有成分和集体成分']"
改革要有方向、有立场、有原则。全面深化改革必须坚持（    ）。,"['改革沿着中国特色社会主义方向前进', '党对改革的集中统一领导', '社会主义市场经济改革方向', '改革往有利于维护社会公平正义、促进人民福祉方向前进']"
发展社会主义先进文化，必须弘扬民族精神。在五千多年的发展中，中华民族形成了以（    ）为核心的团结统一、爱好和平、勤劳勇敢、自强不息的伟大民族精神。【出题：武汉大学】,['爱国主义']
江泽民指出：“我们搞的是社会主义市场经济，‘社会主义’这几个字是不能没有的，这并非多余，并非画蛇添足，而恰恰相反，这是画龙点睛。所谓‘点睛’，就是点明我们市场经济的（    ）。”,['性质']
《春天的故事》这首歌里面唱到：“一九九二年又是一个春天”，该句歌词所指的历史史实是（    ）。【出题：武汉大学】,['邓小平同志南方视察及其谈话']
习近平指出，马克思主义照亮了人类探索历史规律和寻求自身解放的道路，既是那个时代精神的精华又是整个人类精神的精华。主要在于（    ）。,"['马克思主义是实践的理论，指引着人民改造世界的行动', '马克思主义是人民的理论，第一次创立了人民实现自身解放的思想体系', '马克思主义是科学的理论，创造性地揭示了人类社会发展规律', '马克思主义是不断发展的开放的理论，始终站在时代前沿']"
不忘初心，方得始终。中国共产党人的初心和使命，就是（    ）。,['为中国人民谋幸福，为中华民族谋复兴']
全面贯彻落实总体国家安全观，要聚焦重点，抓纲带目，把确保（    ）作为首要任务，统筹推进各重点领域国家安全工作。,['政治安全']
戴口罩是阻断呼吸道分泌物传播的有效手段，以下关于口罩佩戴方法不正确的是？【出题：武汉大学】,['口罩两面轮流戴']
党的十二届三中全会通过（    ），实现了党在计划和市场关系问题上得出的全新认识。,['《关于经济体制改革的决定》']
（    ）是高风险暴露人员。【出题：武汉大学】,"['疫区指定医疗机构发热门诊的医生和护士', '对确诊病例、疑似病例进行流行病学调查的公共卫生医师', '收治患者（确诊病例、疑似病例）的病房、ICU和留观室工作的所有工作人员']"
"开展党性党风党纪教育活动,对于提高党的创造力、凝聚力和战斗力,具有十分重要的意义。在讲学习、讲政治、讲正气的“三讲”教育活动中，“讲政治”是（    ）。【出题：武汉大学】",['核心']
改革开放以来，邓小平反复强调坚持四项基本原则，其实质就是要求我们坚持（    ）。,['社会主义基本制度']
为鼓励广大科技人员建功立业，党中央、国务院决定从2000年起设立国家最高科学技术奖。2001年获奖的科学工作者为（    ）。【出题：武汉大学】,['吴文俊、袁隆平']
马克思主义早期在中国广泛传播的主要阵地有（    ）。,['《新青年》']
2003年12月31日，中共中央、国务院印发《关于促进农民增加收入若干政策的意见》，强调按照统筹城乡经济社会发展的要求，坚持（    ）的方针。【出题：武汉大学】,['“多予、少取、放活”']
对社会主义市场经济体制的正确认识有（   ）。,['它在所有制结构上，以公有制为主体、多种所有制经济共同发展']
改革开放以后，政府对经济活动的管理职能主要包括（    ）。【出题：武汉大学】,"['组织协调、提供服务、检查监督', '统筹规划、掌握政策、信息引导', '运用经济手段、法律手段和必要的行政手段保证经济总量平衡和结构协调']"
1927年1月，中国人民收回的英租界是在（    ）。,['九江、汉口']
党的十二大的主题报告是（    ）。【出题：武汉大学】,['《全面开创社会主义现代化建设的新局面》']
创建（    ）是我国实行对外开放的一个伟大创举。,['经济特区']
2008年8月8日至24日，以“同一个世界、同一个梦想”为口号的夏季奥运会在北京举行。这是第（    ）届夏季奥运会。【出题：武汉大学】,['二十九']
邓小平同志首次提出“解放思想、实事求是”是在（    ）。【出题：武汉大学】,['1978年中央工作会议上']
中国加入世界贸易组织是在（    ）。,['2001年']
五四运动前夕，中国工人阶级队伍发展到（    ）。,['200多万人']
习近平在参加青海代表团审议时强调指出，生态环境没有替代品，（   ）。要像保护眼睛一样保护生态环境，像对待生命一样对待生态环境，推动形成绿色发展生产方式和生活方式。要搞好中国三江源国家公园体制试点。【出题：武汉大学】,['用之不觉，失之难存 ']
加强和创新社会治理，关键在（    ）。,['体制创新']
我们要坚持（    ）的全球治理观，坚持全球事务由各国人民商量着办，积极推进全球治理规则民主化。,['共商共建共享']
2018年底召开的中央经济工作会议上指出，（  ）是现阶段我国经济发展和经济工作的主线。,['推进供给侧结构性改革']
2020年9月4日，习近平总书记在2020年中国国际服务贸易交易会全球服务贸易峰会上致辞并提出三点倡议，具体为（    ）。【出题：武汉大学】,"['共同激活创新引领的合作动能', '共同开创互利共赢的合作局面', '共同营造开放包容的合作环境']"
科学发展观最鲜明的精神实质是（   ）。,['解放思想、实事求是、与时俱进、求真务实']
中国共产党在抗日民族统一战线中坚持的策略总方针不包括（    ）。,['消灭顽固势力']
毛泽东在《共产党人发刊词》中指出，“这件伟大的工程也正在进行之中”，这里所说的“伟大工程”是指（    ）。,['建设全国范围的广大群众性的马克思主义政党']
邓小平《在全军政治工作会议上的讲话》中提出要搞好军民关系，一个重要的问题是（    ）。【出题：武汉大学】,['帮助集体经济的发展']
1993年，我国电话网容量已达3000万门，邮电发展速度超过“四小龙”在通信发展“起飞”阶段的速度。提出广东力争用二十年的时间赶上亚洲“四小龙”的是（    ）。【出题：武汉大学】,['邓小平']
2008年9月，（    ）飞船的航天员成功进行了中国人的第一次太空漫步。【出题：武汉大学】,['“神舟七号”']
邓小平强调：“我们要创造民主的条件，要重申‘三不主义’”。“三不主义”是指：（    ）。,"['不打棍子', '不抓辫子', '不扣帽子']"
标志着中国革命进入了创造红军的新时期的三大起义不包括（    ）。,['武昌起义']
新冠肺炎防控期间，密切接触者应该医学观察（    ）。【出题：武汉大学】,['14天']
新民主主义革命的最基本的动力是（    ）。,['无产阶级']
在照顾可疑症状者时，家庭成员也可以与可疑症状者共用物品。（    ）【出题：武汉大学】,['否']
我国对外开放格局的特点是（    ）。【出题：武汉大学】,['全方位、多层次、宽领域']
党的（    ）通过的《中国共产党章程（修正案）》，把“三个代表”重要思想同马克思列宁主义、毛泽东思想、邓小平理论一道，作为党必须长期坚持的指导思想写入党章。【出题：武汉大学】,['十六大']
明确提出我国经济体制改革目标的会议是（    ）。【出题：武汉大学】,['党的十四大']
邓小平认为，起草《关于建国以来党的若干历史问题的决议》最核心的一条是（    ）。,['确立毛泽东同志的历史地位，坚持和发展毛泽东思想']
在军队体制改革中，中央军委作出先实行军区联勤体制，逐步向大联勤体制过渡，最终建立三军后勤保障一体化体制的战略决策。全军从（    ）年起试行三军联勤体制。【出题：武汉大学】,['2000']
出现（    ）症状时，应该立即停止居家隔离并及时就医。【出题：武汉大学】,"['腹泻', '高烧超过39度', '出现呼吸困难（包括活动后加重的胸闷、憋气、气短）', '出现意识问题（包括嗜睡、说胡话、分不清昼夜等）']"
疫情期间，餐具消毒，用热水煮沸（      ）分钟即可。【出题：武汉大学】,['10']
在当代中国，坚持发展是硬道理的本质要求就是（    ）。,['坚持科学发展']
实现中华民族伟大复兴的中国梦，就要以（    ）为主线，把民族团结进步事业作为基础性事业抓紧抓好。,['铸牢中华民族共同体意识']
党的十五大以后，行政体制改革进一步加快。1998年（    ）通过《国务院机构改革方案》。【出题：武汉大学】,['九届全国人大一次会议']
党的（    ）报告强调，始终做到“三个代表”，是我们党的立党之本、执政之基、力量之源。【出题：武汉大学】,['十六大']
为推进落实社会主义市场经济体制的建立，1993年—1994年间通过的文件有（    ）。【出题：武汉大学】,"['《关于实行分税制财政管理体制的决定》', '《关于金融体制改革的决定》', '《关于进一步深化对外贸易体制改革的决定》']"
建设创新型国家，落实科教兴国战略，必须将科技和教育摆在经济社会发展的重要位置，把经济建设重心转移到（    ）的轨道上来，加速实现国家繁荣强盛。【出题：武汉大学】,"['提高劳动者素质', '依靠科技进步']"
邓小平强调：“在改革中，我们始终坚持两条根本原则，一是社会主义公有制经济为主体，一是（    ）。,['共同富裕']
党的十九大明确指出，我国发展新的历史方位是（    ）。,['中国特色社会主义进入了新时代']
2013年11月12日，习近平在党的十八届三中全会第二次全体会议上的讲话中指出，全面深化改革必须以（  ）为出发点和落脚点。,['促进社会公平正义增进人民福祉']
毛泽东第一次提出新民主主义革命的科学概念和总路线的著作是（    ）。,['《在晋绥干部会议上的讲话》']
1978年12月召开的党的（    ），重新确立了解放思想、实事求是的思想路线。,['十一届三中全会']
党的（    ）将“三个代表”重要思想与马克思列宁主义、毛泽东思想和邓小平理论一道确立为党必须长期坚持的指导思想，并写入党章。【出题：武汉大学】,['十六大']
20世纪80年代初期，中国鞋、袜子、玩具、台灯等商品进入美国的数量有限；到2005年底，上述商品已大量进入美国家庭。这一现象（    ）。【出题：武汉大学】,['体现了中国外向型经济发展成就']
解放思想，开动脑筋，实事求是，团结一致向前看，首先是（    ）。,['解放思想']
邓小平提出的“三个有利于”标准是（    ）。【出题：武汉大学】,"['是否有利于发展社会主义社会的生产力', '是否有利于提高人民的生活水平', '是否有利于增强社会主义国家的综合国力']"
2010年上海世博会的主题是（    ）。【出题：武汉大学】,['“城市，让生活更美好”']
1981年，中国共产党第十一届六中全会指出，在社会主义初级阶段，我国社会的主要矛盾是（    ）。,['人民日益增长的物质文化需要同落后的社会生产之间的矛盾']
我国社会主义初级阶段的分配制度是（    ）。【出题：武汉大学】,['按劳分配为主体、多种分配方式并存']
党的（    ）把邓小平理论同马克思列宁主义、毛泽东思想一道确立为中国共产党的指导思想，并写入修改后的《中国共产党章程》。【出题：武汉大学】,['十五大']
现代技术在军事中起着重要作用。2000年12月召开的中央军委扩大会议提出了军队建设要完成机械化和（    ）建设双重任务。【出题：武汉大学】,['信息化']
习近平深刻思考人类前途命运及中国和世界发展大势，在2013年提出的宏伟构想和中国方案是（    ）。,['共建“一带一路”']
我国开放中的“走出去”战略要解决的主要问题是我国经济发展中的（    ）。【出题：武汉大学】,['开拓市场的问题']
（    ）是低风险暴露人员。【出题：武汉大学】,"['集中学习和活动的托幼机构儿童、在校学生等', '居家室内活动、散居居民', '户外活动者，包括空旷场所、场地的儿童、学生', '居家隔离及与其共同生活人员']"
到（    ）年时，我国计算机、移动电话等电子产品产量居世界第一，建成了全球最大的宽带通信网络，互联网网民数量居世界第一位，成为了世界第一电子信息制造大国。【出题：武汉大学】,['2011']
中国特色社会主义制度的最大优势是（    ）。,['中国共产党的领导']
1980年5月，中共中央决定设立的经济特区有（    ）。【出题：武汉大学】,"['厦门经济特区', '深圳经济特区', '汕头经济特区', '珠海经济特区']"
以下关于科学发展观的说法正确的是（    ）。,"['是马克思主义关于发展的世界观和方法论的集中体现', '是发展中国特色社会主义必须长期坚持的指导思想', '是中国特色社会主义理论体系的主要组成部分']"
"党的十一届三中全会以后，邓小平指出：“要发展生产力，（    ）是必由之路。”他在强调坚持社会主义基本制度的同时，指出还要通过改革从根本上改变束缚生产力发展的经济体制，促进生产力的发展，从而解决了社会主义社会的发展动力问题。

",['经济体制改革\r\n']
抗战时期，中国共产党的土地政策是（    ）。,['减租减息']
"坚持党的领导，（    ），（    ），（    ），（    ），始终确保改革正确方向。
①贯彻党的基本路线             ②坚定走中国特色社会主义道路
③不走封闭僵化的老路           ④不走改旗易帜的邪路【出题：武汉大学】",['①③④②']
党的十九大明确提出，我国社会主要矛盾已经转化为人民日益增长的美好生活需要和不平衡不充分的发展之间的矛盾。主要依据是（    ）。,"['影响满足人们美好生活需要的因素很多，但主要是发展的不平衡不充分问题', '我国社会生产力水平总体上显著提高，很多方面进入世界前列', '人民生活水平显著提高，对美好生活的向往更加强烈']"
全面建成小康社会，“小康”讲的是发展水平，“全面”讲的是发展的平衡性、协调性、可持续性。全面小康（    ）。,"['是城乡区域共同的小康', '是“五位一体”全面进步的小康', '是惠及全体人民的小康', '打赢脱贫攻坚战是底线任务']"
社会主义市场经济的特色所在、优势所在是（  ）。,['坚持社会主义制度与市场经济的结合']
2006年10月，党的十六届六中全会通过的《关于构建社会主义和谐社会若干重大问题的决定》指出，社会和谐是中国特色社会主义的（      ），是国家富强、民族振兴、人民幸福的重要保证。【出题：武汉大学】,['本质属性']
科学发展观的根本方法是（    ）。,['统筹兼顾']
坚持和发展中国特色社会主义的总任务是（    ）。,['实现社会主义现代化和中华民族伟大复兴']
习近平新时代中国特色社会主义思想的核心要义是（    ）。,['坚持和发展中国特色社会主义']
建设中国特色社会主义的总依据是（    ）。,['社会主义初级阶段理论']
2015年11月，习近平在中央召开的扶贫开发工作会议上提出，脱贫攻坚要重点解决（    ）。,"['如何退', '扶持谁', '怎么扶', '谁来扶']"
党的十八大以来，习近平总书记对农村公路建设高度重视，多次作出重要指示，要求（    ）农村公路。,"['建好', '管好', '运营好', '护好']"
新时代强军目标的核心是（    ）。,['能打胜仗']
党的十六大报告指出，贯彻“三个代表”重要思想，本质在（    ）。【出题：武汉大学】,['坚持执政为民']
党的十八大报告指出，严格控制机构编制，减少领导职数，降低行政成本。推进（  ），完善体制改革协调机制，统筹规划和协调重大改革。,['大部门制改革']
（    ）是中国社会主义民主政治中独特的、独有的、独到的民主形式。【出题：武汉大学】,['协商民主']
党的十六大报告明确提出，要（     ），确立“四个尊重”的重大方针。大力营造鼓励人们干事业、支持人们干成事业的社会氛围，赋予人才观念以新的时代内涵。【出题：武汉大学】,['尊重劳动、尊重知识、尊重人才、尊重创造']
邓小平指出：“解决民族问题，中国采取的不是民族共和国联邦的制度，而是民族区域自治的制度。我们认为这个制度比较好，适合中国的情况。”我国实行民族区域自治的历史依据是（   ）。,['统一的多民族国家的长期存在和发展']
“863计划”是我国的（    ）计划。,['高科技发展']
1993年，诺贝尔物理学奖获得者、著名美籍华人学者杨振宁教授，受东莞市人民政府和东莞理工学院的聘请，担任该学院名誉院长。这是杨振宁教授第一次受聘为国内高等院校的名誉院长。这体现了（    ） 。【出题：武汉大学】,['改革开放以来全社会尊重知识尊重人才的风气逐渐形成']
党的十七大报告指出，新时期最显著的成就是  （    ）。【出题：武汉大学】,['快速发展']
2005年10月，党的（    ）全会明确提出建设社会主义新农村重大战略任务。【出题：武汉大学】,['十六届五中']
市场经济是法治经济。全国人大及其常委会在党的十五大之后，制定了许多发展社会主义市场经济的法律，其中包括《中华人民共和国证券法》和（    ）。【出题：武汉大学】,['《中华人民共和国合同法》']
可持续发展就是（    ）。【出题：武汉大学】,"['满足当前发展需要的发展', '不以牺牲后代人的利益来满足当代人利益的发展', '考虑未来发展需要的发展']"
党的十一届三中全会后，我国出现了全方位对外开放的新格局，正确的是（    ）。,['“经济特区—沿海开放城市—沿海经济开放区—内地”']
第一个由中国参与推动建立并以中国城市命名的地区性合作组织是（  ）。,['上海合作组织']
（    ）是伴随工业化发展，非农业在城镇集聚、农村人口向城镇集中的自然历史过程，是人类社会发展的客观规律，是国家现代化的重要标志。【出题：武汉大学】,['城镇化']
（    ）道路，就是坚持以信息化带动工业化，以工业化促进信息化，走出一条科技含量高、经济效益好、资源消耗低、环境污染少、人力资源优势得到充分发挥的道路。【出题：武汉大学】,['新型工业化']
历史深刻昭示我们，必须不断进行自我革命，同一切影响党的先进性、弱化党的纯洁性的问题作坚决斗争，实现（    ）。,"['自我革新', '自我完善', '自我净化', '自我提高']"
改革开放是新时期党和政府进行中国特色社会主义建设的重大举措。20世纪80年代，我国曾在改革中实践农民“离土不离乡，进厂不进城”的道路。这条道路是（    ）。【出题：武汉大学】,['大力发展乡镇企业']
1980年1月7日，党中央指出，实现四个现代化，关键是（    ）。,['科学技术现代化']
全面深化改革要以（   ）为出发点和落脚点。【出题：武汉大学】,['促进社会公平正义、增进人民福祉']
新发展理念是针对我国经济发展进入（  ）、世界经济复苏乏力形势提出的治本之策。,['新常态']
我国社会主义改革是一场新的革命，其性质是（    ）。,['社会主义制度的自我完善和发展']
“发展才是硬道理”“发展是党执政兴国的第一要务”“发展是解决中国一切问题的‘总钥匙’”，这是对社会主义建设历史经验的深刻总结。中国解决所有问题的关键是要靠自己的发展，而发展的根本目的是（   ）。,['使人民共享发展成果，实现共同富裕']
十六大报告强调，加强党的建设必须切实解决（    ）这两大历史性课题。【出题：武汉大学】,"['提高党的领导水平和执政水平,提高拒腐防变和抵御风险的能力']"
针对抗日战争进入相持阶段后统一战线内部出现的危机，中国共产党提出的三大口号是（    ）。,"['“坚持抗战到底，反对中途妥协”', '“力求全国进步，反对向后倒退”', '“巩固国内团结，反对内部分裂”']"
2006年10月，党的十六届六中全会通过的《关于构建社会主义和谐社会若干重大问题的决定》指出，社会和谐是（     ）的本质属性，是国家富强、民族振兴、人民幸福的重要保证。【出题：武汉大学】,['中国特色社会主义']
实施可持续发展战略的核心问题是（  ）。,['实现经济社会和人口、资源、环境协调发展']
习近平新时代中国特色社会主义思想的核心内容是（    ）。,"['“八个明确”', '“十四个坚持”']"
我国的政党制度是（    ）。,['中国共产党领导的多党合作和政治协商']
第一次明确提出“我们的社会主义制度还是处于初级的阶段”是在党的（    ）上。【出题：武汉大学】,['十一届六中全会']
中国民主主义革命经历了旧民主主义革命和新民主主义革命两个阶段，“旧”阶段转变到“新”阶段的根本标志是（    ）。,['中国革命领导阶级的变化']
科学发展观的核心立场是（    ）。,['以人为本']
党领导人民治理国家的基本方略是（    ）。,['依法治国']
2012年3月，（    ）全国人大五次会议通过《关于修改共和国刑事诉讼法>的决定》，将尊重和保障人权写入了该法总则。【出题：武汉大学】,['十一届']
2008年，党的（    ）通过《关于推进农村改革发展若干重大问题的决定》，要求大力推进改革创新，积极发展现代农业。【出题：武汉大学】,['十七届三中全会']
我国经济运行面临的突出矛盾和问题，根源是重大结构性失衡。概括起来，主要表现为（    ）。,"['实体经济结构性供需失衡', '金融和实体经济失衡', '房地产和实体经济失衡']"
党的十七届三中全会明确提出推进（  ）改革发展的指导思想、目标任务、重大原则。,['农村']
（    ）是引领发展的第一动力。,['创新']
对于改革开放，正确的认识是（    ）。【出题：武汉大学】,"['是社会主义制度的自我完善和发展', '是经济体制的根本性变革']"
党的纪律主要包括（    ）、工作纪律、生活纪律。,"['政治纪律', '组织纪律', '廉洁纪律', '群众纪律']"
《关于进一步健全（   ）救助供养制度的意见》印发。《意见》指出，保障城乡的基本生活，是完善社会救助体系、编密织牢民生安全网的重要举措，是坚持共享发展、保障和改善民生的应有之义，也是打赢脱贫攻坚战、全面建成小康社会的必然要求。【出题：武汉大学】,['特困人员']
以下预防新冠肺炎措施错误的是？【出题：武汉大学】,['紧闭门窗']
"（  ） 是邓小平在领导改革开放和现代化建设这一新的革命过程中，不断提出和反复思考的首要的基本的理论问题。
",['什么是社会主义、怎样建设社会主义\r\n']
加强纪律建设是全面从严治党的治本之策。要坚持纪严于法、纪在法前，把纪律和规矩挺在前面。党的规矩总的包括（    ）。,"['党在长期实践中形成的优良传统和工作惯例', '党的纪律特别是政治纪律', '党章', '国家法律']"
（    ）是立国之本，是改革开放和现代化建设健康发展的保证。【出题：武汉大学】,['四项基本原则']
实现现代化的前提是（    ）。【出题：武汉大学】,"['坚持人民民主专政', '坚持社会主义道路', '坚持共产党的领导', '坚持马列主义、毛泽东思想']"
党的十六大将“三个代表”重要思想与马克思列宁主义、毛泽东思想和邓小平理论一并确立为我党必须长期坚持的指导思想，并写入党章。贯彻“三个代表”重要思想，核心在（   ）。,['保持党的先进性']
实现社会主义现代化，最根本的就是要通过（    ），不断促进生产力的发展，使我国形成发达的生产力。,['改革']
海南全岛建设自由贸易试验区，要以（  ）为核心，赋予更大改革自主权，支持海南大胆试、大胆闯、自主改，加快形成法治化、国际化、便利化的营商环境和公平开放统一高效的市场环境。,['制度创新']
党的十二大之后，（    ）成为我们党的全部理论和实践创新的主题。,['中国特色社会主义']
1997年东南亚国家爆发金融危机，很快波及整个亚洲和世界其他地区。随后，党的（    ）在阐述应对该危机的方案时指出，既要“引进来”，又要“走出去”，是对外开放基本国策两个紧密联系、相互促进的方面。【出题：武汉大学】,['十五届二中全会']
社会主义道德建设的核心是（    ）。,['为人民服务']
新冠肺炎患者病情危重，多见于（    ）。【出题：武汉大学】,"['晚期妊娠和围产期女性', '肥胖人群', '有慢性基础疾病者', '老年人']"
2000年2月，（    ）在广东考察工作时提出“三个代表”重要思想。,['江泽民']
习近平指出，领导干部要把践行“三严三实”贯穿于全部工作生活中，养成一种习惯，化为一种境界。“三严”是（    ）。,"['严以律己', '严以修身', '严以用权']"
2001年9月颁布的《公民道德建设实施纲要》强调，要把（    ）紧密结合起来，促进物质文明与精神文明协调发展。【出题：武汉大学】,"['道德建设', '依法治国', '法制建设', '以德治国']"
2004年1月，中共中央印发《关于进一步繁荣发展哲学社会科学的意见》，提出实施 （    ）。【出题：武汉大学】,['马克思主义理论研究和建设工程']
中国特色社会主义事业的战略布局是（    ）。,"['全面依法治国', '全面从严治党', '全面建成小康社会', '全面深化改革']"
确定建立社会主义市场经济体制的改革目标，是在党的（    ）。,['十四大']
坚持以人为本，最终是为了实现（    ）。,['人的全面发展']
推动建立新型国际关系，要在和平共处五项原则基础上发展同世界各国的友好合作。首要是（    ）。,['按照亲诚惠容理念和与邻为善、以邻为伴方针深化同周边国家关系']
