适时开展党内集中教育活动，是解决党内突出问题、加强党的建设的重要措施， 是党保持先进性和纯洁性的成功实践。其中不忘初心、牢记使命主题教育是在（    ）正式提出的。【出题：武汉大学】,['党的十九大 ']
建设现代化经济体系，必须实施乡村振兴战略。治理有效是实施乡村振兴战略总要求的内容之一。为此，要加强农村基层基础工作，健全（    ）。【出题：武汉大学】,['自治、法治、德治相结合的乡村治理体系']
（    ） 对我国全面深化改革作出了总体部署。【出题：武汉大学】,['党的十八届三中全会  ']
全面依法治国，必须抓住党员干部这个（    ）。 【出题：武汉大学】,['关键少数']
（  ）是人民当家做主和依法治国的根本保证。,['党的领导']
19世纪后半叶，一个名叫张德彝的中国人正在法国游历，他在日记中记录下这一幕场景：“将军出令施放火器，众兵抗而不遵，倒戈相向。”人们投掷石块，士兵阵前倒戈，两个政府军将军在罗西耶街被射杀。这个场景发生在（    ）。【出题：武汉大学】,['巴黎公社时期']
习近平总书记在“不忘初心、牢记使命”主题教育总结大会上的讲话中指出，要把学习贯彻党的创新理论作为思想武装的重中之重，同学习马克思主义基本原理贯通起来，同学习党史、新中国史、改革开放史、（    ）结合起来，同新时代我们进行伟大斗争、建设伟大工程、推进伟大事业、实现伟大梦想的丰富实践联系起来，在学懂弄通做实上下苦功夫，在解放思想中统一思想，在深化认识中提高认识，切实增强贯彻落实的思想自觉和行动自觉。【出题：武汉大学】,['社会主义发展史']
（      ）是社会主义法治的根本要求，是全面推进依法治国题中应有之义。【出题：武汉大学】,['坚持党的领导']
2019年11月，习近平总书记在上海考察时强调，要扎实推进党的建设，开展主题教育不能学归学、说归说、做归做，衡量实际成效的根本标尺就是（    ）、推动事业发展。【出题：武汉大学】,['解决问题']
“四个自信”的重要论述，创造性地拓展了党的十八大提出的中国特色社会主义“三个自信”的谱系，习近平总书记在( )上明确提出：中国共产党人“坚持不忘初心、继续前进”，就要坚持“四个自信”即“中国特色社会主义道路自信、理论自信、制度自信、文化自信”。【出题：武汉大学】,['庆祝中国共产党成立95周年大会 ']
习近平总书记主持召开中央全面深化改革委员会第十五次会议，会议强调，要健全农业支持保护制度，提高政策的精准性、指向性和实效性，引导农业发展由（    ）导向转为（    ）导向。要大力实施乡村振兴战略，健全城乡融合发展体制机制和政策体系。【出题：武汉大学】,['增产、提质']
要让发展成果更多更公平地惠及全体人民，归根到底要通过（    ）来落实，共享发展才有坚实的根基。  ,['制度']
直接推动第一国际成立的事件是（    ）。【出题：武汉大学】,['1863年波兰人民反对沙皇俄国压迫的民族起义']
2019年5月，中共中央印发的《中国共产党党员教育管理工作条例》规定，党员每年集中学习培训时间一般不少于（    ）学时。【出题：武汉大学】,['32']
（    ）年11月12日，党的十八届三中全会通过《中共中央关于全面深化改革若干重大问题的决定》。决定指出，全面深化改革的总目标是完善和发展中国特色社会主义制度，推进国家治理体系和治理能力现代化。经济体制改革的核心问题是处理好政府和市场的关系，使市场在资源配置中起决定性作用和更好发挥政府作用。【出题：武汉大学】,['2013']
社会主义法治必须坚持党的领导。坚持党的领导，不是一句空的口号，必须具体体现在党（    ）上。【出题：武汉大学】,"['带头守法', '保证执法', '领导立法', '支持司法']"
解决台湾问题、实现祖国完全统一（    ）。【出题：武汉大学】,"['是中华民族根本利益所在', '是全体中华儿女的共同愿望']"
科学社会主义产生的历史背景是（    ）。【出题：武汉大学】,"['资本主义社会基本矛盾的爆发', '社会化大生产的发展', '无产阶级的发展壮大', '资本主义生产方式的确立']"
20世纪60年代形成的红旗渠精神的内涵是（    ）。,"['团结协作', '无私奉献', '自力更生', '艰苦创业']"
《共产党宣言》批判的社会主义流派有（    ）。【出题：武汉大学】,"['封建的社会主义', '小资产阶级的社会主义']"
党的十九届四中全会审议通过的《决定》对于坚持和完善中国特色社会主义制度、推进国家治理体系和治理能力现代化总体目标的设定，是对标党的十九大报告提出的新时代中国特色社会主义发展的战略安排制定的。关于《决定》设定的总体目标，以下说法错误的是（    ）。【出题：武汉大学】,['到二〇五〇年，建成富强、民主、文明、和谐、美丽的社会主义现代化强国 ']
习近平总书记在出席达沃斯世界经济论坛2017年年会开幕式并发表主旨演讲时强调：（    ）是社会生产力发展的客观要求和科技进步的必然结果。【出题：武汉大学】,['经济全球化']
健全城乡发展一体化机制，要加快构建新型农业经营体系。坚持农村土地（  ）所有权，依法维护农民土地承包权。【出题：武汉大学】,['集体']
"和平与发展成为时代主题是邓小平理论形成的（    ）。
",['时代背景']
2003年，中共中央和国务院强调（  ）是关系党和国家事业发展的关键问题。,['人才问题']
（      ）是我们现阶段战略目标，也是实现中华民族伟大复兴中国梦关键一步。【出题：武汉大学】,['全面建成小康社会']
（      ）是文化软实力的灵魂、文化软实力建设的重点，是决定文化性质和方向的最深层次要素。【出题：武汉大学】,['核心价值观']
着力解决突出环境问题。构建政府为主导、（    ）为主体、社会组织和公众共同参与的环境治理体系。【出题：武汉大学】,['企业']
习近平总书记主持召开中央全面深化改革委员会第十五次会议，会议强调，要把（    ）放在突出位置，健全粮食安全制度体系，加快转变农业发展方式，在探索现代农业发展道路上创造更多经验。【出题：武汉大学】,['保障粮食安全']
我们要牢固树立社会主义生态文明观，推动形成（    ）现代化建设新格局，为保护生态环境做出我们这代人的努力！【出题：武汉大学】,['人与自然和谐发展 ']
党的十九大提出，坚持（    ） 的发展思想，深入贯彻创新、协调、绿色、开放、共享的新发展理念。【出题：武汉大学】,['以人民为中心']
2019年3月发布的《关于加强和改进中央和国家机关党的建设意见》指出，重点强化（    ），带动廉洁纪律、群众纪律、工作纪律、生活纪律严起来，使铁的纪律成为广大党员、干部日常习惯和自觉遵循。【出题：武汉大学】,['政治纪律和组织纪律  ']
实现社会主义现代化和中华民族伟大复兴，是坚持和发展中国特色社会主义的（    ）。【出题：武汉大学】,['总任务']
2019年7月30日，中共中央政治局召开会议。会议要求，坚持房子是用来（    ）的、不是用来（    ）的定位，落实房地产长效管理机制，不将房地产作为短期刺激经济的手段。【出题：武汉大学】,['住 炒 ']
全面深化改革，要强化权力运行制约和监督体系，落实党风廉政建设责任制，（   ）负主体责任，纪委负监督责任，制定切实可行的责任追究制度。【出题：武汉大学】,['党委  ']
中国特色社会主义进入了新时代，我国经济发展也进入了新时代，基本特征就是我国经济已由高速增长阶段转向高质量发展阶段。我国经济正处在攻关期。攻关期攻关的内容是（    ）。【出题：武汉大学】,"['转变发展方式', '转换增长动力', '优化经济结构']"
建设现代化经济体系，必须加快实施创新驱动发展战略，加快建立技术创新体系，促进科技成果转化。我国要建立的技术创新体系的内容是（    ）。【出题：武汉大学】,"['以企业为主体', '以市场为导向', '产学研深度融合']"
党的十八届四中全会提出，依法保障“一国两制”实践和推进祖国统一。下列符合依法保障“一国两制”实践的要求的有（    ）。【出题：武汉大学】,"['坚持宪法的最高法律地位', '严格依照宪法和基本法办事', '全面准确贯彻“港人治港”“澳人治澳”的方针']"
2019年9月3日，习近平总书记在中央党校（国家行政学院）中青年干部培训班开班式上强调，共产党人的斗争是（  ）的，大方向就是坚持中国共产党领导和我国社会主义制度不动摇。【出题：武汉大学】,"['有方向', '有原则', '有立场']"
国家主席习近平发表二〇一九年新年贺词时指出，这一年，中国制造、中国创造、中国建造共同发力，继续改变着中国的面貌。具体表现有（   ）。【出题：武汉大学】,"['北斗导航向全球组网迈出坚实一步', '第二艘航母出海试航', '国产大型水陆两栖飞机水上首飞', '嫦娥四号探测器成功发射']"
面对权力监督这一党全面领导和长期执政的最大挑战，习近平总书记在十八届中央纪委二次全会上提出要加强对权力运行的制约和监督，（    ），形成不敢腐的惩戒机制、不能腐的防范机制、不易腐的保障机制。【出题：武汉大学】,['把权力关进制度的笼子里']
揭开空想社会主义篇章第一页的历史著作是（    ）。【出题：武汉大学】,['《乌托邦》']
巴黎公社失败后，马克思就为公社起草了总委员会关于巴黎公社的宣言（    ），对公社的事业进行了总结。【出题：武汉大学】,['《法兰西内战》']
为了与国际市场进行更深度的融合，不断提升对外开放的层次和水平，（      ）的股票交易于2014年11月17日开始。【出题：武汉大学】,['沪港通']
中国特色社会主义的总依据是（      ）。【出题：武汉大学】,['社会主义初级阶段']
我国的根本政治制度是（    ）。【出题：武汉大学】,['人民代表大会制度']
党的十八大提出，到（    ），依法治国基本方略全面落实，法治政府基本建成。【出题：武汉大学】,['2020年']
中国梦的核心内涵是（    ）。  【出题：武汉大学】,['中华民族伟大复兴    ']
下面关于“一带一路”的说法不正确的是（      ）。【出题：武汉大学】,['坚持开放、绿色、合作理念']
中共中央在《关于加强和改进党的群团工作的意见》中指出，群团事业是党的事业的重要组成部分，党的群团工作是党治国理政的一项经常性、基础性工作，是党组织动员广大人民群众为完成党的中心任务而奋斗的重要法宝。（   ）是做好群团工作的根本保证。【出题：武汉大学】,['加强党的领导']
2016年7月25日，中共中央在中南海召开党外人士座谈会，习近平强调，当前我国正处于全面建成小康社会决胜阶段，（   ）有能力有责任继续发挥重要法宝作用。【出题：武汉大学】,['统一战线']
党的十九大报告明确指出，从2020年到本世纪中叶可以分两个阶段来安排。第一个阶段的奋斗目标是（    ）。【出题：武汉大学】,['基本实现社会主义现代化']
实现中华民族伟大复兴的中国梦，就是要实现国家富强、（    ）、人民幸福。【出题：武汉大学】,['民族振兴']
2019年7月15日至16日，习近平总书记在内蒙古考察并指导开展“不忘初心、牢记使命”主题教育时指出，要坚持因地制宜、因村施策，宜种则种、宜养则养、宜林则林，把产业发展落到促进（    ）上来。要建强农村基层党支部，提升乡镇和村为农民和农业服务能力。【出题：武汉大学】,['农民增收']
我国实行的是社会主义市场经济体制，意味着发展社会主义市场经济，既要发挥市场作用，又要发挥政府作用。发挥社会主义市场经济体制优势的内在要求包括（      ）。【出题：武汉大学】,"['科学的宏观调控', '有效的政府治理']"
为中国人民谋幸福是中国共产党人的初心。守初心，就是要（      ）。【出题：武汉大学】,"['坚持以人民为中心', '牢记人民对美好生活的向往是奋斗目标', '牢记全心全意为人民服务的根本宗旨', '以牢固的公仆意识践行初心']"
16—17世纪的空想社会主义又被称为早期的空想社会主义，在这一时期空想社会主义者的思想表达方式有（    ）。【出题：武汉大学】,"['小说体裁', '讨伐性的檄文', '法典形式']"
全面深化改革的总目标是（      ）。【出题：武汉大学】,"['推进国家治理体系和治理能力现代化', '完善和发展中国特色社会主义制度']"
闵采尔的“千载太平天国”内容不包括（    ）。【出题：武汉大学】,['采取自愿的办法没收教会，僧侣，诸侯的财产']
做好民族工作，最关键的是搞好（    ），最管用的是争取人心。【出题：武汉大学】,['民族团结 ']
2016年7月1日，庆祝中国共产党成立95周年大会在京隆重举行。习近平强调，面向未来，面对挑战，全党同志一定要（    ）。【出题：武汉大学】,['不忘初心、继续前进 ']
邓小平在（    ）中指出：计划经济不等于社会主义，资本主义也有计划；市场经济不等于资本主义，社会主义也有市场。计划和市场都是经济手段。【出题：武汉大学】,['南方谈话']
全面深化改革，要深化行政执法体制改革，相对集中（   ），推进综合执法，着力解决全责交叉、多头执法问题，建立权责统一、权威高效的行政执法体制。【出题：武汉大学】,['执法权']
党的十八大报告指出：回首近代以来中国波澜壮阔的历史，展望中华民族充满希望的未来，我们得出一个坚定的结论：全面建成小康社会，加快推进社会主义现代化，实现中华民族伟大复兴，必须（    ）。【出题：武汉大学】,['坚定不移走中国特色社会主义道路']
确保两岸关系和平发展的关键是（    ）。【出题：武汉大学】,['坚持体现一个中国原则的“九二共识”']
"2019年11月8日至10日，中央军委基层建设会议在北京召开。习近平主席指出,要加强（    ）培育，发扬一不怕苦、二不怕死精神，把官兵带得很有血性，把部队带得虎虎生威。【出题：武汉大学】",['战斗精神']
被称为“工人阶级的圣经”的著作是（    ）。【出题：武汉大学】,['《资本论》']
2013年3 月 25 日 习近平在坦桑尼亚尼雷尔国际会议中心发表演讲，首次提出“真实亲诚”的对非政策理念和（      ）。【出题：武汉大学】,['正确义利观']
第七届世界军人运动会于2019年10月18日至27日在（    ）举办。这是党的十九大后我国举办的第一场大型国际赛事，是展示国家发展伟大成就、诠释我国和平发展道路、彰显改革强军全新面貌、弘扬中华民族优秀文化的重要窗口。【出题：武汉大学】,['湖北武汉   ']
在全力做好疫情防控的同时，中国以对生命负责、对人民负责、对历史负责、对国际社会负责的态度，建立最严格且专业高效的信息发布制度，第一时间发布权威信息，速度、密度、力度前所未有。持续、权威、清晰的疫情信息，有效回应了公众关切、凝聚了社会共识。关于信息公开说法正确的有（    ）。,"['建立分级分层新闻发布制度。坚持国家和地方相结合、现场发布与网上发布相结合', '依法、及时、公开、透明发布疫情信息，制定严格规定，坚决防止瞒报、迟报、漏报', '依法适时订正病例数据', '多渠道多平台传播信息']"
保持党的先进性和纯洁性、巩固党的执政基础和执政地位主要靠（  ）。【出题：武汉大学】,"['密切联系群众', '坚持党的群众路线']"
党内监督的任务是确保党章党规党纪在全党有效执行，维护党的团结统一，重点解决（    ）问题。,"['党的观念淡漠、组织涣散、纪律松弛', '党的领导弱化、党的建设缺失、全面从严治党不力', '管党治党宽松软']"
2019年1月25日，习近平总书记在中共中央政治局第十二次集体学习时强调，全媒体不断发展，出现了（    ），信息无处不在、无所不及、无人不用，导致舆论生态、媒体格局、传播方式发生深刻变化，新闻舆论工作面临新的挑战。【出题：武汉大学】,"['全程媒体', '全员媒体', '全效媒体', '全息媒体']"
2019年5月31日，“不忘初心、牢记使命”主题教育工作会议召开，习近平总书记在会议上指出，要牢牢把握（    ）的总要求。【出题：武汉大学】,"['找差距', '守初心', '抓落实', '担使命']"
党的十九届四中全会提出，到（    ）时，全面实现国家治理体系和治理能力现代化。【出题：武汉大学】,['新中国成立一百年']
勇于自我革命，从严管党治党是中国共产党（    ）。【出题：武汉大学】,['最鲜明的品格']
2018年12月19日至21日，中央经济工作会议指出，积极的（  ）政策要加力提效，实施更大规模的减税降费，较大幅度增加地方政府专项债券规模；稳健的货币政策要松紧适度，保持流动性合理充裕，改善货币政策传导机制，提高直接融资比重，解决好民营企业和小微企业融资难融资贵的问题。【出题：武汉大学】,['财政']
市场经济的本质是（      ）。【出题：武汉大学】,['市场决定资源的配置']
生态环境问题归根到底是（    ）。【出题：武汉大学】,['经济发展方式问题']
（    ） 是党的新闻舆论工作的根本原则。【出题：武汉大学】,['党性原则 ']
党的（    ）首次提出着力践行以人民为中心的发展思想。【出题：武汉大学】,['十八届五中全会 ']
法治领域改革有一个特点，就是很多问题都涉及法律规定。关于法制领域的改革说法错误的是（      ）。【出题：武汉大学】,['改革要于法有据，不能违背现行法律']
"1978年12月召开的党的十一届三中全会，重新确立了解放思想、实事求是的思想路线，停止使用“以阶级斗争为纲”的错误提法，确定把全党工作的着重点转移到（  ）上来。

",['社会主义现代化建设']
党的十二大报告强调：“建设高度的（    ），是我们的根本目标和根本任务之一。”【出题：武汉大学】,['社会主义民主']
2019年11月27日，习近平总书记出席全军院校长集训开班式并发表重要讲话。他指出，新时代军事教育方针，就是坚持党对军队的绝对领导，为强国兴军服务，立德树人，（    ），培养德才兼备的高素质、专业化新型军事人才。【出题：武汉大学】,['为战育人']
2035年我国基本实现社会主义现代化的内涵包含（    ）。【出题：武汉大学】,"['国家治理体系和治理能力现代化基本实现', '我国经济实力、科技实力将大幅跃升，跻身创新型国家前列', '现代社会治理格局基本形成']"
改革开放以来，我们坚持走和平发展道路，这是因为（      ）。【出题：武汉大学】,"['和平是中国人民最迫切、最深厚的愿望', '实现中国梦必须要有和平的国际环境', '和平符合中华民族优秀和文化传统']"
党的八大的历史功绩包括（    ）。,"['坚持既反对保守又反对冒进，在综合平衡中稳步前进的经济建设方针', '继续加强人民民主专政，进一步扩大国家的民主生活，逐步制定比较完备的法律', '正确区分和处理两类不同性质的矛盾', '正确分析了国内形势和国内主要矛盾的变化，提出了党在今后的根本任务']"
习近平新时代中国特色社会主义思想是（    ）。【出题：武汉大学】,"['马克思主义中国化最新成果', '是中国特色社会主义理论体系的重要组成部分', '是全党全国人民为实现中华民族伟大复兴而奋斗的行动指南', '党和人民实践经验和集体智慧的结晶']"
党的十八大报告中指出，建设中国特色社会主义的总任务是（   ）。【出题：武汉大学】,"['实现社会主义现代化 ', '实现中华民族伟大复兴']"
马克思主义具有强大的生命力，这种强大生命力的根源在于它的丰富内容体现了（    ）。【出题：武汉大学】,['科学性与革命性的统一 ']
中国特色社会主义进入了新时代，这是我国发展新的（    ）。【出题：武汉大学】,['历史方位']
1848年，轰轰烈烈的资产阶级民主革命在欧洲大陆上蔓延开来，“二月革命”和“六月起义”是这个时期最具有标志性的革命运动，马克思还亲自写下著作为其记录与讴歌。这两场革命运动发生在（    ）。【出题：武汉大学】,['法国']
党的十九届四中全会提出，必须坚持党政军民学、东西南北中，（  ），坚决维护党中央权威，健全总揽全局、协调各方的党的领导制度体系，把党的领导落实到国家治理各领域各方面各环节。【出题：武汉大学】,['党是领导一切的']
协调好生产、生活、生态用水，开发利用水资源要把保障（    ）作为前提。  ,['生活用水']
习近平总书记在纪念周恩来同志诞辰120周年座谈会上指出，我们要向周恩来同志学习，坚持立党为公、执政为民，自觉践行全心全意为人民服务的根本宗旨，把（  ）贯彻到治国理政全部活动之中，把人民对美好生活的向往作为奋斗目标，依靠人民创造历史伟业。,['党的群众路线']
党的十九大报告提出了新时代党的建设总要求。其中，作为新时代党的建设的统领的是（    ）。【出题：武汉大学】,['党的政治建设']
2018年8月27日，习近平总书记在推进“一带一路”建设工作5周年座谈会上强调，共建“一带一路”不仅是经济合作，而且是完善全球（    ）和全球治理、推进经济全球化健康发展的重要途径。【出题：武汉大学】,['发展模式 ']
《太阳城》《论最好的国家》这两部空想社会主义重要著作的作者是（    ）。【出题：武汉大学】,['康帕内拉']
我国社会主要矛盾的变化，没有改变我们对我国社会主义所处历史阶段的判断，我国仍处于并将长期处于社会主义（    ）的基本国情没有变，我国是世界最大发展中国家的国际地位没有变。【出题：武汉大学】,['初级阶段']
改革开放只有进行时，没有完成时。新时代坚持和发展中国特色社会主义，根本动力仍然是全面（    ）。【出题：武汉大学】,['深化改革']
2017年8月1日，习近平在庆祝中国人民解放军建军90周年大会上发表重要讲话时强调，要全面实施（    ）战略，坚持自主创新的战略基点，瞄准世界军事科技前沿，加强前瞻谋划设计，加快战略性、前沿性、颠覆性技术发展，不断提高科技创新对人民军队建设和战斗力发展的贡献率。【出题：武汉大学】,['科技兴军']
2013年11月23日，中国政府宣布划设中华人民共和国（      ），并发布航空器识别规则公告和识别区示意图。当日，中国空军在识别区内进行首次空中巡逻。【出题：武汉大学】,['东海防空识别区']
习近平在纪念中国人民抗日战争暨世界反法西斯战争胜利75周年座谈会上的讲话中指出，实现中华民族伟大复兴，必须（   ）。【出题：武汉大学】,"['坚持中国共产党领导', '坚持斗争精神', '坚持走中国特色社会主义道路', '坚定不移走和平发展道路', '坚持以人民为中心']"
第六届世界互联网大会紧紧围绕习近平总书记提出的推进全球互联网治理体系变革的“四项原则”，构建网络空间命运共同体的“五点主张”，秉持（    ）的理念，为各方提供碰撞思想、营造共识、携手合作的平台，共同构建网络空间命运共同体。【出题：武汉大学】,"['开放', '共赢', '互信', '平等']"
2013年9月5日，习近平主席在20国集团领导人峰会第一阶段会议上就世界经济形势进行发言，提到全球经济复苏依然有很长的路要走，我们要放眼长远，坚定维护和发展开放型经济。开放型的世界经济的特点是（      ）。【出题：武汉大学】,"['发展创新，这是世界经济可持续增长的要求', '利益融合，这是世界经济平衡增长的要求', '增长联动，这是世界经济强劲增长的要求']"
19世纪三四十年代，欧洲爆发了三大工人运动，它们是（    ）。 【出题：武汉大学】,"['德国西里西亚纺织工人起义', '法国里昂纺织工人起义', '英国宪章运动']"
第一国际成立于（    ）。【出题：武汉大学】,['1864年']
2018年12月19日至21日，中央经济工作会议在北京举行。会议确定，促进区域协调发展。要统筹推进西部大开发、（    ）全面振兴、中部地区崛起、东部率先发展。【出题：武汉大学】,['东北']
（  ）是中国共产党人理想信念的灵魂。【出题：武汉大学】,['马克思主义']
科学发展观的第一要义是（  ），核心是（  ），基本要求是（  ），根本方法是（  ）。,['发展，以人为本，全面协调可持续，统筹兼顾']
2019年3月18日，习近平总书记在学校思想政治理论课教师座谈会上强调，思想政治理论课是落实立德树人根本任务的关键课程。（    ）阶段是人生的“拔节孕穗期”，最需要精心引导和栽培。【出题：武汉大学】,['青少年']
（  ）是老百姓解决温饱后的第一需求，是极重要的民生，也是最基本的发展环境。 【出题：武汉大学】,['平安']
党的十八大报告指出，要坚持（    ），健全党内民主制度体系，以党内民主带动人民民主。【出题：武汉大学】,['民主集中制']
2016年，习近平对在全党开展“两学一做”学习教育作出重要指示强调，（    ）学习教育是加强党的思想政治建设的一项重大部署，基础在学，关键在做，各级党组织要履行抓好学习教育的主体责任。【出题：武汉大学】,['“两学一做”']
气候变化是人类面临的共同挑战，各国期待我国发挥引领作用。要加大建设（    ）力度，既推动经济可持续发展，又拓展这个领域的国际合作和发展空间。【出题：武汉大学】,['生态文明']
毛泽东同志说：“‘实事’就是客观存在着的一切事物，‘是’就是客观事物的内部联系，即规律性，‘求’就是我们去研究。”这段话出自（   ）。【出题：武汉大学】,['《改造我们的学习》']
习近平向第九届北京香山论坛致贺信时强调，维护亚太地区持久和平安宁，符合地区国家共同利益，需要各国贡献智慧和力量。面对复杂的安全威胁，各国要紧密团结起来，坚定维护以（  ）为核心的国际体系，不断完善新型安全伙伴关系，推动构建符合地区发展实际的安全架构。【出题：武汉大学】,['联合国']
党的十九届四中全会提出，（    ）是人民军队的建军之本、强军之魂。【出题：武汉大学】,['党对人民军队的绝对领导']
党的十八届三中全会提出健全国家自然资源管理体制的要求，落实（    ）所有自然资源资产所有权。【出题：武汉大学】,['全民 ']
毛泽东思想的活的灵魂是（  ）。【出题：武汉大学】,"['群众路线', '独立自主', '实事求是']"
党的政治建设的首要任务包含（    ）。【出题：武汉大学】,"['坚持党中央权威和集中统一领导', '保证全党服从中央']"
党的十九大报告指出，加强基层党组织带头人队伍建设，扩大基层党组织覆盖面，着力解决一些基层党组织（  ）问题。,"['虚化', '边缘化', '弱化']"
2019年10月，习近平总书记对科技特派员制度推行20周年作出重要指示强调，科技特派员制度推行20年来，坚持（    ），队伍不断壮大，成为党的“三农”政策的宣传队、农业科技的传播者、科技创新创业的领头羊、乡村脱贫致富的带头人，使广大农民有了更多获得感、幸福感。【出题：武汉大学】,"['科技下乡', '服务“三农”', '人才下沉']"
2017年3月20日，中共中央办公厅印发《关于推进“两学一做”学习教育常态化制度化的意见》。“两学一做”具体内容包括（      ）。【出题：武汉大学】,"['学党章党规', '做合格党员', '学系列讲话']"
党的十八大以来，以习近平同志为核心的党中央以前所未有的勇气和定力推进全面从严治党， 各地区各部门以扎实有效的反腐成果回应了人民群众热切期盼，我党致力于构建一体推进（    ）体制机制。【出题：武汉大学】,['不敢腐、不能腐、不想腐 ']
两岸关系的政治基础是（    ）。【出题：武汉大学】,['一个中国原则']
马克思列宁主义与中国实际结合的第一次历史性飞跃的理论成果是（    ）。【出题：武汉大学】,['毛泽东思想']
习近平总书记主持召开中央全面深化改革委员会第十一次会议，会议指出，加强农业科技社会化服务体系建设，要以增加农业科技服务有效供给、加强（    ）为着力点，以提高农业科技服务效能为目标，推进农技推广机构服务创新，强化高校与科研院所服务功能，壮大市场化社会化服务力量，加快构建开放竞争、多元互补、协同高效的农业科技社会化服务体系。【出题：武汉大学】,['供需对接']
宪法是国家的根本大法，是治国安邦的总章程。2014年11月1日，十二届全国人大常委会第十一次会议通过《关于设立国家宪法日的决定》，将（      ）设立为国家宪法日。【出题：武汉大学】,['12月4日']
党的十一届三中全会作出对外开放的决策，中国大门逐渐被打开，其中最关键、最重大的步骤是（    ）。【出题：武汉大学】,['创办经济特区']
2019年11月8日至10日，中央军委基层建设会议在北京召开。习近平主席指出，要锻造能打仗、打胜仗的过硬基层，使基层真正做到（    ）、来之能战、战之必胜。【出题：武汉大学】,['召之即来']
2019年11月8日至10日，习近平主席出席中央军委基层建设会议并发表重要讲话。他指出，要锻造听党话、跟党走的过硬基层，确保党对军队的绝对领导直达基层、直达官兵。深化“不忘初心、牢记使命”主题教育和（    ）主题教育。【出题：武汉大学】,['“传承红色基因、担当强军重任”']
2019年10月25日，习近平总书记对中医药工作作出重要指示，他强调，要遵循中医药发展规律，传承精华，守正创新，加快推进中医药现代化、（    ），坚持中西医并重，推动中医药和西医药相互补充、协调发展，推动中医药事业和产业高质量发展。【出题：武汉大学】,['产业化']
1985年2月26日，中共中央办公厅转发中央组织部《关于大量吸收优秀知识分子入党的报告》。《报告》要求各级党委高度重视党员队伍文化科学水平偏低的情况，把决心为社会主义现代化建设事业和共产主义事业献身的优秀知识分子大量吸收到党内来。这项工作的重点应该放在优秀的（  ）身上。,['中青年知识分子']
习近平新时代中国特色社会主义思想明确中国特色社会主义制度的最大优势是（    ）。【出题：武汉大学】,['中国共产党的领导']
（      ）是正确处理改革发展稳定的结合点。【出题：武汉大学】,['改善人民生活']
“四风”问题归根到底是（    ）出现动摇所致。【出题：武汉大学】,[' 理想信念']
党的十八大以来，党中央从坚持和发展中国特色社会主义全局出发，提出并形成了（    ）的战略布局。【出题：武汉大学】,"['全面深化改革', '全面建成小康社会', '全面依法治国', '全面从严治党']"
（  ）是马克思主义活的灵魂。【出题：武汉大学】,"['实事求是', '与时俱进', '解放思想']"
党支部要领导本地区本部门本单位（  ）等群团组织，支持他们依照各自章程独立负责地开展工作。【出题：武汉大学】,"['共青团', '工会', '妇女组织']"
正式党员不足3人的单位，应当按照（  ）的原则，成立联合党支部。【出题：武汉大学】,"['地域相邻', '便于管理', '规模适当', '行业相近']"
对存在换届选举（  ）等问题的，上级党组织应当及时严肃处理。【出题：武汉大学】,"['拉票贿选', '黑恶势力干扰渗透', '宗族宗教']"
2019年7月15日至16日，习近平总书记在内蒙古考察并指导开展“不忘初心、牢记使命”主题教育时指出，民族区域自治制度是我国的（    ）制度，要认真总结民族区域自治的理论和实践经验，坚持和完善这一制度，促进民族团结融合，促进各民族像石榴籽一样紧紧抱在一起。【出题：武汉大学】,['基本政治']
建设一支听党指挥、能打胜仗、作风优良的人民军队是党在新形势下的强军目标，这一目标中体现我军鲜明特色和政治优势的是（      ）。【出题：武汉大学】,['作风优良']
2014年3月24日，习近平出席在荷兰海牙举行的第三届核安全峰会并发表讲话，提出“（   ）”的中国核安全观。【出题：武汉大学】,['理性、协调、并进']
（    ）年，党中央决定在县处级以上领导干部中开展“三严三实”专题教育。【出题：武汉大学】,['2015']
习近平强调（  ）是战胜一切困难的强大力量，是凝聚人心、成就伟业的重要保证。,['团结']
习近平同志指出，我们党作为百年大党，如何永葆先进性和纯洁性、永葆青春活力，如何永远得到人民拥护和支持，如何实现（  ），是我们必须回答好、解决好的一个根本性问题。,['长期执政']
在第二次世界大战中，（    ）带领苏联人民打败法西斯，取得了反法西斯战争的胜利，保卫了世界上第一个社会主义国家。【出题：武汉大学】,['斯大林']
（      ）是政法工作的核心价值追求。【出题：武汉大学】,['促进社会公平正义']
改革开放取得重大成功的关键是把（    ）作为党和国家的生命线。【出题：武汉大学】,['党的基本路线']
中国特色社会主义文化是激励全党全国各族人民奋勇前进的强大（    ）。【出题：武汉大学】,['精神力量']
党的十九届四中全会提出，“一国两制”是党领导人民实现祖国和平统一的一项重要制度，是中国特色社会主义的一个伟大创举。必须严格依照宪法和（  ）对香港特别行政区、澳门特别行政区实行管治，维护香港、澳门长期繁荣稳定。【出题：武汉大学】,['基本法']
中共中央对党风廉政建设和反腐败斗争的长期性、复杂性、艰巨性始终保持清醒的认识，着眼于（  ），始终把党风廉政建设和反腐败斗争放在突出位置。,['保持党的先进性和纯洁性']
习近平总书记在2013年11月12日关于《切实把思想统一到十八届三中全会上来》的讲话中，引用了汉代王符的“大鹏之动，非一羽之轻也；骐骥之速，非一足之力也。”这句话说明全面深化改革必须紧紧依靠人民，要做到（      ）。【出题：武汉大学】,"['坚持走群众路线', '发挥群众首创精神', '尊重人民的主体地位', '坚持以人为本']"
全面依法治国是坚持和发展中国特色社会主义的本质要求和重要保障，事关我们党（    ），事关人民（    ），事关党和国家（    ）。【出题：武汉大学】,"['执政兴国', '幸福安康', '事业发展']"
建设现代化经济体系，需要扎实管用的政策举措和行动。当前，要大力发展实体经济。实体经济是（    ）。【出题：武汉大学】,"['财富创造的根本源泉', '现代化经济体系的坚实基础', '国家强盛的重要支柱', '一国经济的立身之本']"
习近平新时代中国特色社会主义思想，深化了对三大规律的认识，即（  ）。,"['社会主义建设规律', '共产党执政规律', '人类社会发展规律']"
十九届中央纪委三次全会上，习近平总书记强调纪检监察机关是党和国家监督专责机关，要忠诚于党、忠于人民，带头增强“四个意识”。其中，“四个意识”是指政治意识、大局意识、（    ）。【出题：武汉大学】,['核心意识、看齐意识 ']
加强和创新社会治理，关键在（    ）创新，核心是人。只有人与人和谐相处，社会才会安定有序。【出题：武汉大学】,['体制']
党的十九大报告指出，我们坚持爱国者为主体的“港人治港”、“澳人治澳”，发展壮大爱国爱港爱澳力量，增强香港、澳门同胞的（  ）意识和爱国精神。,['国家']
2015年3月26日，中央反腐败协调小组国际追逃追赃工作办公室首次启动针对外逃腐败分子的（      ）。4 月 22 日，国际刑警组织中国国家中心局集中公布 100 名涉嫌犯罪外逃国家工作人员、 重要腐败案件涉案人等人员的红色通缉令。到 2019 年 9 月，“百名红通人员”已有 60 名落网。【出题：武汉大学】,['天网行动']
在就培育和弘扬社会主义核心价值观、弘扬中华传统美德进行第十三次集体学习时，习近平指出要把培育和弘扬（   ）作为凝魂聚气、强基固本的基础工程。【出题：武汉大学】,['社会主义核心价值观']
“人民对美好生活的向往，就是我们的奋斗目标。”这是哪位领导人提出的？（   ）【出题：武汉大学】,['习近平']
党的十八大报告提出，要进一步健全基层党组织领导的充满活力的基层群众（    ）。【出题：武汉大学】,['自治机制']
党的十八届三中全会提出使（      ）在资源配置中起决定性作用。【出题：武汉大学】,['市场']
中国特色社会主义进入新时代，我国社会主要矛盾已经转化为（    ）。【出题：武汉大学】,['人民日益增长的美好生活需要和不平衡不充分的发展之间的矛盾']
习近平总书记在《坚持和完善中国特色社会主义制度推进国家治理体系和治理能力现代化》中指出，要坚定中国特色社会主义制度自信。（    ）是一个国家的最大优势，制度竞争是国家间最根本的竞争。【出题：武汉大学】,['制度优势']
（    ）不属于马克思主义的组成部分。【出题：武汉大学】,['马克思主义社会学']
2016年9月3日，习近平出席在浙江杭州举行的二十国集团工商峰会开幕式并发表主旨演讲，提出建设创新、开放、联动、包容型世界经济，强调全球经济治理应该以（      ）为基础，更好反映世界经济格局新现实。【出题：武汉大学】,['平等']
党长期坚持的优良传统是（  ）。【出题：武汉大学】,"['严格党内生活', '加强党的团结统一', '坚持民主集中制', '开展批评和自我批评']"
莫尔在《乌托邦》一书中，关于乌托邦的经济制度和生产分配的描述包括（    ）。【出题：武汉大学】,"['实行按需分配', '不存在城乡差别', '注重人的全面发展', '社会生产是按计划组织起来的']"
中国特色社会主义政治发展道路（    ）。【出题：武汉大学】,"['是近代以来中国人民长期奋斗历史逻辑、理论逻辑、实践逻辑的必然结果', '是坚持党的本质属性、践行党的根本宗旨的必然要求']"
2020年9月4日，习近平总书记在2020年中国国际服务贸易交易会全球服务贸易峰会上致辞并指出，我们要顺应（    ）发展趋势，共同致力于消除“数字鸿沟”，助推服务贸易数字化进程。【出题：武汉大学】,"['网络化', '智能化', '数字化']"
1988年，戈尔巴乔夫在苏共第十九次代表大会上推出了“人道的、民主的社会主义”的路线，并提出了三大“革命性倡议”，其中不包括（    ）。【出题：武汉大学】,['“多党制”']
深度贫困地区党委和政府要坚持把脱贫攻坚作为“十三五”期间头等大事和第一民生工程来抓，坚持以脱贫攻坚统揽经济社会发展全局。打好攻坚战的关键是（      ）。【出题：武汉大学】,['人员调配']
2020年是脱贫攻坚决战决胜之年，有望如期实现现行标准下农村贫困人口全部脱贫、贫困县全部摘帽。这得益于2013年提出（      ）的理念，坚持“三位一体”的大扶贫格局。【出题：武汉大学】,['精准扶贫']
习近平总书记指出，（  ）是国之重器。要下定决心、保持恒心、找准重心，加速推动信息领域核心技术突破。,['核心技术']
党的十七大报告对改革开放推动一个发展中大国摆脱贫困、加快实现现代化、巩固和发展社会主义的宝贵经验做了（  ）的精辟概括。,['“十个结合”']
"邓小平说：“在改革中，我们始终坚持两条根本原则，（    ）。”毫不动摇地坚持公有制和按劳分配，维护公有制和按劳分配的主体地位，是体现社会主义本质的前提。
",['一是以社会主义公有制为主体，一是共同富裕\r\n']
19世纪70年代后，以伯恩施坦为代表的（      ）乘机开始泛滥，打着“发展”马克思主义、反对“教条主义”的旗号，宣扬马克思主义已经“过时”。【出题：武汉大学】,['修正主义']
党的十八届三中全会提出加快构建新型农业经营体系，坚持（    ）在农业中的基础性地位。【出题：武汉大学】,['家庭经营']
（    ）不是《资本论》中的研究对象。【出题：武汉大学】,['光的波粒二象性']
党的十九届四中全会指出，（  ）是党和人民在长期实践探索中形成的科学制度体系，我国国家治理一切工作和活动都依照其展开。【出题：武汉大学】,['中国特色社会主义制度']
习近平总书记在中央第七次西藏工作座谈会上强调，面对新形势新任务，必须全面贯彻新时代党的治藏方略，坚持统筹推进“五位一体”总体布局、协调推进“四个全面”战略布局，坚持稳中求进工作总基调，铸牢中华民族共同体意识，提升发展质量，保障和改善民生，推进生态文明建设，加强党的组织和（    ），确保国家安全和长治久安，确保人民生活水平不断提高，确保生态环境良好，确保边防巩固和边境安全，努力建设团结富裕文明和谐美丽的社会主义现代化新西藏。【出题：武汉大学】,['政权建设']
坚持中国特色社会主义政治发展道路，关键是（    ）。,"['扩大社会主义民主，发展社会主义政治文明', '以保证人民当家作主为根本', '以增强党和国家的活力、调动人民积极性为目标', '要坚持党的领导、人民当家作主和依法治国有机统一']"
实现中国梦的路径是（      ）。【出题：武汉大学】,"['弘扬中国精神', '走中国道路', '凝聚中国力量']"
《党政领导干部选拔任用工作暂行条例》规定，选拔任用党政领导干部必须坚持（  ）的原则。,"['党管干部的原则', '公开、平等、竞争、择优的原则', '德才兼备、任人唯贤的原则', '群众公认、注重实绩的原则']"
“第一国际”的全称是（    ）。【出题：武汉大学】,['国际工人协会']
2019年9月3日，习近平总书记在中央党校（国家行政学院）中青年干部培训班开班式上指出，领导干部要主动投身到各种斗争中去，在大是大非面前敢于（    ），在矛盾冲突面前敢于迎难而上，在危机困难面前敢于挺身而出，在歪风邪气面前敢于坚决斗争。【出题：武汉大学】,['亮剑']
十八大指出，在改革开放三十多年一以贯之的接力探索中，我们坚定不移高举（    ）伟大旗帜，既不走封闭僵化的老路，也不走改旗易帜的邪路。【出题：武汉大学】,['中国特色社会主义']
2013年3月25日，习近平在坦桑尼亚尼雷尔国际会议中心发表演讲，首次提出“（      ）”的对非政策理念和正确义利观。 【出题：武汉大学】,['真实亲诚']
（    ） 是中国国家组织形式和活动方式的基本原则。【出题：武汉大学】,['民主集中制 ']
文化软实力的灵魂、文化软实力建设的重点是（    ）。 【出题：武汉大学】,['核心价值观']
2020年2月3日，中共中央政治局常务委员会召开会议，听取中央应对新型冠状病毒感染肺炎疫情工作领导小组和有关部门关于疫情防控工作情况的汇报。习近平总书记指出，疫情防控要坚持（    ）。【出题：武汉大学】,['全国一盘棋']
习近平总书记在决战决胜脱贫攻坚座谈会上的重要讲话中指出：“其作始也简，其将毕也必巨。”脱贫攻坚越到最后越要加强和改善党的领导。各级党委（党组）一定要（    ）。,['一鼓作气、决战决胜']
2019年3月1日，习近平总书记在中央党校（国家行政学院）中青年干部培训班开班式上的讲话指出，能否敢于负责、勇于担当，最能看出一个干部的（    ）和作风。【出题：武汉大学】,['党性']
深化农村改革，要好好研究农村土地（  ）之间的关系。【出题：武汉大学】,"['承包权', '经营权', '所有权']"
一个国家的文化软实力，从根本上说，取决于其核心价值观的（  ）。【出题：武汉大学】,"['生命力', '感召力', '凝聚力']"
巴黎公社为国际共运提供的历史经验包括（    ）。【出题：武汉大学】,"['必须建立无产阶级的革命政党，发挥党的政治领导作用', '必须建立无产阶级的革命武装，为进行无产阶级革命和实现无产阶级专政提供首要条件。', '必须打碎旧的国家机器，建立无产阶级专政的国家机器']"
党的十九届四中全会提出，必须坚定不移走中国特色社会主义法治道路，全面推进依法治国，坚持（   ）共同推进，坚持法治国家、法治政府、法治社会一体建设。【出题：武汉大学】,"['依法执政', '依法治国', '依法行政']"
全面贯彻落实总体国家安全观，必须坚持统筹发展和安全两件大事，必须坚持人民安全、政治安全、国家利益至上的有机统一。国家安全的准则是（    ）。【出题：武汉大学】,['国家利益至上']
马克思主义哲学来源于（    ）。【出题：武汉大学】,['德国古典哲学']
（    ）工作，是统一战线的基础性、战略性工作。 【出题：武汉大学】,['党外知识分子']
社会主义市场经济本质上是（    ）。【出题：武汉大学】,['法治经济']
全面推进依法治国的总抓手是（    ）。【出题：武汉大学】,['建设中国特色社会主义法治体系']
“四个意识”是指政治意识、大局意识、核心意识、（    ）。【出题：武汉大学】,['看齐意识']
人类历史上首次大规模的社会主义建设，是从（    ）开始的。【出题：武汉大学】,['苏联']
2019年1月23日，中国科研团队宣布，通过体细胞克隆技术，成功获得5只BMAL1基因敲除的（    ）。【出题：武汉大学】,['克隆猴']
中共中央把握疫情形势发展变化，确定了“外防输入、（    ）”的防控策略，巩固深化国内疫情防控成效，及时处置聚集性疫情，分类推动复工复产，关心关爱境外中国公民。,['内防反弹']
1956年毛泽东作（    ）的报告，就是中国共产党从本国实际出发，探索适合本国国情的建设社会主义道路的开始。【出题：武汉大学】,['《论十大关系》']
2014年11月11日，习近平在北京主持亚太经合组织第二十二次领导人非正式会议，并发表讲话，倡导（      ）的亚太伙伴关系。【出题：武汉大学】,['共建、互信、包容、合作、共赢']
（      ）是政法工作的根本目标。【出题：武汉大学】,['保障人民安居乐业']
中国特色社会主义坚持以经济建设为中心，在经济不断发展的基础上，协调推进（      ）等。【出题：武汉大学】,"['生态文明建设', '政治建设', '社会建设', '文化建设']"
（    ）是马克思的作品。【出题：武汉大学】,"['《序言》', '《法兰西内战》', '《共产党宣言》', '《资本论》']"
蒲鲁东主义反映了在资本主义急剧发展中濒临破产的小资产者的心理和愿望。第一国际时期，马克思主义同蒲鲁东主义的斗争主要围绕（    ）等问题展开。【出题：武汉大学】,"['关于工人阶级解放的根本道路问题', '关于国际的性质和组织原则问题', '关于所有制问题']"
党的群众路线教育实践活动有效整治了（    ）。【出题：武汉大学】,"['享乐主义 ', '奢靡之风', '形式主义', '官僚主义']"
《党政领导干部选拔任用工作条例》规定，提任（    ）级以上领导职务，由副职提任正职的，应当在副职岗位工作两年以上；由下级正职提任上级副职的，应当在下级正职岗位工作三年以上。【出题：武汉大学】,['县处']
2015年12月17日，中国成功发射暗物质粒子探测卫星（      ）。【出题：武汉大学】,['悟空']
2019年5月，中共中央印发的《中国共产党党员教育管理工作条例》规定，基层党组织应当注重分析党员（    ）状况和（    ）状态，党组织负责人应当经常同党员谈心谈话，有针对性地做好思想政治工作。【出题：武汉大学】,['思想、心理']
（  ）是阻断贫困代际传递的治本之策。【出题：武汉大学】,['教育']
（    ）是强军之基。【出题：武汉大学】,['依法治军、从严治军']
1867年出版的马克思的（    ）在政治经济学上实现了伟大的革命，是对《共产党宣言》基本思想的全面系统的科学论证，为国际共产主义运动的进一步发展奠定了科学的理论基础，是无产阶级推翻资本主义、建立新社会的思想武器。【出题：武汉大学】,['《资本论》']
2016年4月18日，习近平主持召开中央全面深化改革领导小组第二十三次会议并发表重要讲话，他强调改革把以（   ）的发展思想体现在经济社会发展各个环节，做到老百姓关心什么、期盼什么，改革就要抓住什么、推进什么，通过改革给人民群众带来更多获得感。【出题：武汉大学】,['人民为中心']
"制度化、规范化、程序化是社会主义民主政治的根本保障。以
（   ）为核心，坚持和完善人民代表大会制度，坚持和完善中国共产党领导的多党合作和政治协商制度、民族区域自治制度以及基层群众自治制度，推进社会主义民主政治法治化。【出题：武汉大学】",['保障人民当家作主']
（    ）不属于马克思主义哲学著作。【出题：武汉大学】,['《自然哲学的数学原理》']
2014年5月4日，习近平总书记在北大师生座谈会上谈到，青年是标志时代的最灵敏的晴雨表，时代的责任赋予青年，时代的光荣属于青年。青年的价值取向决定了未来社会的价值取向，而青年又处在价值观形成和确立的时期，因此，广大青年在树立和培育社会主义价值观时，要注意（      ）。【出题：武汉大学】,"['修德', '笃实', '明辨', '勤学']"
理直气壮唱响网上主旋律，巩固壮大主流思想舆论，是掌握互联网战场主动权的重中之重。要加强互联网内容建设，做强网上正面宣传，旗帜鲜明坚持正确（  ），用习近平新时代中国特色社会主义思想团结、凝聚亿万网民，推进网上宣传理念、内容、形式、方法、手段等创新，把握好时度效，构建网上网下同心圆，更好凝聚社会共识。【出题：武汉大学】,"['政治方向', '舆论导向', '价值取向']"
全党要牢固树立“四个意识”，在（  ）上同以习近平同志为核心的党中央保持高度一致，自觉维护以习近平同志为核心的党中央权威和集中统一领导。,"['政治方向', '政治原则', '政治道路', '政治立场']"
国有企业是中国特色社会主义的重要物质基础和政治基础，是我们党执政兴国的重要支柱和依靠力量，坚持党对国有企业的领导是重大政治原则，党对国有企业的领导是（      ）的有机统一。【出题：武汉大学】,"['思想领导', '组织领导', '政治领导']"
高举中国特色社会主义伟大旗帜，最根本的就是坚持（  ）和（  ）。,"['中国特色社会主义道路', '中国特色社会主义理论体系']"
在早期空想社会主义思想中，（    ）的思想带有浓厚神学和神秘主义色彩。【出题：武汉大学】,['闵采尔']
党的十九届四中全会指出，要毫不动摇巩固和发展（  ），毫不动摇鼓励、支持、引导非公有制经济发展，坚持按劳分配为主体、多种分配方式并存，加快完善社会主义市场经济体制，完善科技创新体制机制，建设更高水平开放型经济新体制。【出题：武汉大学】,['公有制经济']
供给侧结构性改革提出的“三去一降一补”指的是（      ）。【出题：武汉大学】,['去产能、去库存、去杠杆、降成本、补短板']
在这场疫情攻坚战中，2020年1月7日中国疾控中心成功分离出新型冠状病毒毒株，1月12日将“不明原因的病毒性肺炎”更名为“（    ）”。,['新型冠状病毒感染的肺炎']
党的十八大精神，说一千道一万，归结为一点，就是坚持和发展（  ）。,['中国特色社会主义']
（    ）是党在新形势下进行具有许多新的历史特点的伟大斗争的根本保证。【出题：武汉大学】,['全面从严治党']
（    ）年全面建成小康社会，是党向人民、向历史作出的庄严承诺。【出题：武汉大学】,['2020']
（  ）是提高党的执政能力和领导水平的必然要求，是推进国家治理体系和治理能力现代化的一场深刻变革。,['深化党和国家机构改革']
我国经济已由（    ），正处在转变发展方式、优化经济结构、转换增长动力的攻关期，建设现代化经济体系是跨越关口的迫切要求和我国发展的战略目标。【出题：武汉大学】,['高速增长阶段转向高质量发展阶段']
党的十九届四中全会提出，要建立健全把（  ）放在首位、社会效益和经济效益相统一的文化创作生产体制机制。【出题：武汉大学】,['社会效益']
习近平在全国宣传思想工作会议上强调，宣传思想工作的根本任务就是（      ）。【出题：武汉大学】,"['巩固马克思主义在意识形态领域的指导地位', '巩固全党全国人民团结奋斗的共同思想基础']"
习近平总书记在中央党的群团工作会议上讲话指出，要下决心纠正机关化、行政化、贵族化、娱乐化，切实保持和增强党的群团工作的（      ）、（      ）、（      ）。【出题：武汉大学】,"['群众性', '先进性', '政治性']"
《乌托邦》的作者是（    ）。【出题：武汉大学】,['莫尔']
中国将高举和平、发展、合作、共赢的旗帜，恪守维护世界和平、促进共同发展的外交政策宗旨，坚定不移在和平共处五项原则基础上发展同各国友好合作，推动建设（    ）的新型国际关系。【出题：武汉大学】,['相互尊重、公平正义、合作共赢']
习近平总书记主持召开中央全面深化改革委员会第十一次会议，会议指出，构建更加完善的（    ）体制机制，要坚持以供给侧结构性改革为主线，坚持深化市场化改革、扩大高水平开放，破除阻碍要素自由流动的体制机制障碍，扩大要素市场化配置范围，健全要素市场体系，推进要素市场制度建设，实现要素价格市场决定、流动自主有序、配置高效公平，为推动高质量发展、建设现代化经济体系打下坚实制度基础。【出题：武汉大学】,['要素市场化配置']
马克思主义始终是我们党和国家的指导思想，是我们（  ）追求真理、改造世界的强大思想武器。,['认识世界、把握规律']
马克思因长期过度劳累，身患疾病，于（    ）在伦敦逝世。【出题：武汉大学】,['1883年']
统筹发展和安全，增强忧患意识，做到居安思危，是我们党治国理政的一个重大原则。必须坚持国家利益至上，以人民安全为宗旨，以（    ）为根本。【出题：武汉大学】,['政治安全']
党的十九届四中全会提出，必须践行绿水青山就是金山银山的理念，坚持节约资源和保护环境的基本国策，坚持节约优先、保护优先、（   ）为主的方针，坚定走生产发展、生活富裕、生态良好的文明发展道路，建设美丽中国。【出题：武汉大学】,['自然恢复']
习近平总书记向2019年“读懂中国”广州国际会议致贺信指出，中国是经济全球化的受益者，更是（    ），将坚定不移走和平发展道路，奉行互利共赢开放战略，继续为开放型世界经济发展增添动力。【出题：武汉大学】,['贡献者']
2018年10月23日，世界上最长的跨海大桥——全长55公里的（    ）开通仪式在（    ）顺利举行。【出题：武汉大学】,['港珠澳大桥 广东珠海']
实现中华民族伟大复兴的“中国梦”，基本内涵是实现（   ）。【出题：武汉大学】,"['民族振兴', '人民幸福', '国家富强']"
人民当家作主和依法治国的根本保证是（    ）。【出题：武汉大学】,['党的领导']
实现中华民族伟大复兴，必须推翻压在中国人民头上的三座大山。下面（    ）不属于压在中国人民头上的大山。【出题：武汉大学】,['民族资本主义']
（      ）在党和国家各种监督形式中是最根本的、第一位的。【出题：武汉大学】,['党内监督']
“不忘初心、牢记使命”主题教育的具体目标是理论学习有收获、思想政治受洗礼、（  ）敢担当、（  ）解难题、清正廉洁作表率。,['干事创业；为民服务']
马克思鲜明指出《资本论》的研究目的是揭示（    ）社会的经济规律。【出题：武汉大学】,['资本主义']
坚持党性和人民性相统一，就是要坚持（  ），把握正确导向，把体现党的主张和反映人民心声统一起来。 【出题：武汉大学】,['讲政治']
2008年世界经济危机后，马克思的著作（    ）再次引发了巨大关注。【出题：武汉大学】,['《资本论》']
习近平总书记主持召开中央全面深化改革委员会第十一次会议，会议强调，（    ）是中国特色社会主义教育制度的重要内容。要全面贯彻党的教育方针，坚持立德树人，把其纳入人才培养全过程。【出题：武汉大学】,['劳动教育']
闵采尔政治思想的核心是（    ）。【出题：武汉大学】,['建立千载太平天国']
2012年，习近平在阜平调研时提出，扶贫开发要坚持（    ）。【出题：武汉大学】,"['因地制宜', '分类指导', '因势利导', '科学规划']"
建设现代化经济体系，要大力发展（    ），筑牢现代化经济体系的坚实基础。【出题：武汉大学】,['实体经济']
2019年中央一号文件指出，毫不放松抓好粮食生产，推动藏粮于地、藏粮于技落实落地，确保粮食播种面积稳定在16.5亿亩。实施（    ）战略是指建设集中连片、旱涝保收、高产稳产的高标准农田；持续加强耕地质量保护与提升，巩固提升粮食产能；建立合理耕地轮作制度，实现种地养地相结合；促进资源永续利用和可持续发展，夯实国家粮食安全基础；推进技术集成创新，推广高产高效、资源节约技术模式。【出题：武汉大学】,['藏粮于地  ']
2015年8月19日，经李克强总理签批，国务院印发《关于同意将江西省（   ）列为国家历史文化名城的批复》，同意将其列为国家历史文化名城。【出题：武汉大学】,['瑞金市']
全面加强和改进党的建设，使党的执政方略更加（  ），执政体制更加（  ），执政方式更加（  ），执政基础更加（  ）。,['完善，健全，科学，巩固']
习近平总书记主持召开中央全面深化改革委员会第十一次会议，会议强调，要注重同中国特色社会主义根本制度、基本制度、重要制度对标对表，理清工作思路和工作抓手，结合四中全会部署的各项改革任务，（    ）。【出题：武汉大学】,['一体推动、一体落实']
全面深化改革的出发点和落脚点是（      ）。【出题：武汉大学】,['促进社会公平正义、增进人民福祉']
2019年11月，习近平总书记在上海考察时指出，城市是人民的城市，人民城市为人民。无论是城市规划还是城市建设，无论是新城区建设还是老城区改造，都要坚持（    ），聚焦人民群众的需求，合理安排生产、生活、生态空间，走内涵式、集约型、绿色化的高质量发展路子。【出题：武汉大学】,['以人民为中心']
习近平总书记在《学习马克思主义基本理论是共产党人的必修课》中指出，要深刻认识（    ）的重大理论贡献。它是第一次全面阐述科学社会主义原理的伟大著作，深刻阐述了马克思主义的科学世界观，深刻阐述了马克思主义政党的先进品格。【出题：武汉大学】,['《共产党宣言》']
在（    ）担任苏共中央总书记以后，苏联和东欧国家的改革逐渐偏离社会主义方向，在各种因素综合作用下，最终发生了东欧剧变、苏联解体的历史悲剧。【出题：武汉大学】,['戈尔巴乔夫']
2019年10月21日，习近平总书记对科技特派员制度推行20周年作出重要指示，他强调，新时代深入实施科技特派员制度，要紧紧围绕创新驱动发展、乡村振兴和（    ），进一步完善制度体系和政策环境，进一步发展壮大科技特派员队伍，把创新的动能扩散到田间地头。【出题：武汉大学】,['脱贫攻坚']
2020年8月28日至29日，中央第七次西藏工作座谈会在北京召开，习近平总书记用了三组关键词再次注解了新时代“老西藏精神”，具体为（    ）。【出题：武汉大学】,['缺氧不缺精神、艰苦不怕吃苦、海拔高境界更高']
党的十八届三中全会提出的全面深化改革的总目标是（  ）。【出题：武汉大学】,"['推进国家治理体系和治理能力现代化', '完善和发展中国特色社会主义制度']"
2015年8月24日，习近平总书记在中央第六次西藏工作座谈会上明确的战略思想是（      ）。【出题：武汉大学】,"['治国必治边', '治边先稳藏']"
"2017年1月12日,习近平在中纪委全会上发表重要讲话。他强调，保持坚强政治定力，坚持全面从严治党、依规治党，着力构建（   ）的体制机制。【出题：武汉大学】","['不敢腐', '不想腐', '不能腐']"
社会主义核心价值观中，最深层、最根本、最永恒的是（    ）。【出题：武汉大学】,['爱国主义']
党的十九大提出全面建设社会主义现代化国家的进程分两个阶段来安排。其中第一个阶段的目标是（    ）。【出题：武汉大学】,['基本实现社会主义现代化']
（    ）是马克思主义政党保持纯洁性的根本。【出题：武汉大学】,['思想纯洁']
党的十八届四中全会提出，全面推进依法治国，总目标是建设中国特色社会主义法治体系，建设社会主义法治国家。为此要实现（   ）。【出题：武汉大学】,['科学立法、严格执法、公正司法、全民守法']
新时代党的建设要求坚持和加强党的全面领导，坚持党要管党、全面从严治党，以（    ）为根基。【出题：武汉大学】,['坚定理想信念宗旨']
2019年11月5日，习近平总书记出席第二届中国国际进口博览会开幕式并发表题为《开放合作 命运与共》的主旨演讲。他指出，面对矛盾和摩擦，（    ）才是正道。只要平等相待、互谅互让，就没有破解不了的难题。【出题：武汉大学】,['协商合作']
（  ）是马克思主义哲学的另一个重要组成部分，是关于人类社会发展一般规律的科学。,['历史唯物主义']
党小组会一般每月召开1次，组织党员参加（  ）等。【出题：武汉大学】,"['政治学习', '开展批评和自我批评', '谈心谈话']"
莫尔作为空想社会主义的探索者，其主要思想观点有（    ）。【出题：武汉大学】,"['认为私有制是产生一切剥削和压迫现象的根源，主张消灭私有制建立公有制社会', '认为劳动对人具有重要意义，提出人人参加劳动，消灭寄生现象', '主张消灭商品交换、消灭货币、实行社会生产的有计划性和按需分配的原则', '主张消灭城乡对立和差别，消灭工农对立和差别']"
在社会主义核心价值观中，（  ）是国家层面的价值要求。【出题：武汉大学】,"['富强', '文明', '和谐', '民主']"
党的十九大报告提出了新时代党的建设总要求，提出要全面推进党的建设，其中摆在首位的是（    ）。【出题：武汉大学】,['政治建设']
习近平总书记在“不忘初心、牢记使命”主题教育总结大会上的讲话中指出，一个忘记来路的民族必定是没有出路的民族，一个忘记（    ）的政党必定是没有未来的政党。【出题：武汉大学】,['初心']
习近平总书记在《坚持和完善中国特色社会主义制度推进国家治理体系和治理能力现代化》中指出，中国特色社会主义制度是一个严密完整的科学制度体系，起四梁八柱作用的是根本制度、基本制度、重要制度，其中具有统领地位的是（    ）。【出题：武汉大学】,['党的领导制度']
坚持人民主体地位，必须坚持法治为了人民、依靠人民、造福人民、（      ）。【出题：武汉大学】,['保护人民']
（      ）是中国共产党的生命线和根本工作路线。【出题：武汉大学】,['群众路线']
康帕内拉《太阳城》一书将批判的矛头直指（    ）。【出题：武汉大学】,['统治阶级']
党的十九届四中全会提出，必须坚定文化自信，牢牢把握社会主义先进文化前进方向，激发全民族文化创造活力，更好构筑（   ）、中国价值、中国力量。【出题：武汉大学】,['中国精神']
党的十九大报告指出，坚持总体国家安全观，必须坚持（  ）至上，以人民安全为宗旨，以政治安全为根本。,['国家利益']
康帕内拉于（    ）写成《太阳城》一书。【出题：武汉大学】,['1601年']
普列汉诺夫等人于1883年创立了俄国第一个马克思主义革命团体，该团体名称是（      ）。【出题：武汉大学】,['“劳动解放社”']
实现中华民族伟大复兴，必须推翻压在中国人民头上的哪几座大山？（    ）【出题：武汉大学】,"['封建主义', '官僚资本主义', '帝国主义']"
（      ）是发挥社会主义市场经济体制优势的内在要求。【出题：武汉大学】,"['科学的宏观调控', '有效的政府治理']"
党的十八大以来，党中央提出并形成了（  ）的战略布局。【出题：武汉大学】,"['全面深化改革', '全面从严治党', '全面建成小康社会', '全面依法治国']"
1917年2月，俄国人民在以列宁为首的布尔什维克党的领导下，进行了（     ）。【出题：武汉大学】,['二月革命']
党的十八大报告首次提出了“富强、民主、文明、和谐，自由、平等、公正、法治，爱国、敬业、诚信、友善”的社会主义核心价值观，其中自由、平等、公正、法治是（      ）【出题：武汉大学】,['社会层面的价值要求']
（  ）是中国特色社会主义的本质属性。  【出题：武汉大学】,['社会和谐']
2016年10月11日，习近平总书记在中央全面深化改革领导小组第二十八次会议上强调（      ）是改革的责任主体，是推进改革的重要力量。【出题：武汉大学】,['中央和国家机关有关部门']
2016年9 月3日，习近平出席在浙江杭州举行的二十国集团工商峰会开幕式并发表主旨演讲，提出建设创新、开放、联动、包容型世界经济，强调全球经济治理应该以（      ）为基础，更好反映世界经济格局新现实。【出题：武汉大学】,['平等']
（    ）的问题，是检验一个政党、一个政权性质的试金石。【出题：武汉大学】,['为什么人']
反腐倡廉要坚持全面从严治党，落实（    ）要求，严明党的纪律和规矩，落实党风廉政建设两个责任。  ,['三严三实 ']
《党政领导干部选拔任用工作条例》规定，选拔任用党政领导干部，必须把（    ）放在首位，符合将领导班子建设成为坚持党的基本理论、基本路线、基本方略，全心全意为人民服务，具有推进新时代中国特色社会主义事业发展的能力，结构合理、团结坚强的领导集体的要求。【出题：武汉大学】,['政治标准']
1978年5月，中国政府首次派出大规模高级别的经济代表团访问发达资本主义国家，其中包括（    ）。【出题：武汉大学】,"['法国', '瑞士', '联邦德国']"
习近平总书记主持召开中央全面深化改革委员会第十五次会议，会议强调，党的十八届三中全会以来，我们全面部署、系统推进农业农村改革，增强了农业农村发展活力，为打赢脱贫攻坚战提供了重要制度支撑。要坚决守住（    ）这三条底线，继续抓好重点领域和关键环节改革，统筹谋划、把稳方向、全力攻坚。【出题：武汉大学】,"['耕地红线不突破', '土地公有制性质不改变', '农民利益不受损']"
（    ）年，中国成为世界第一货物贸易大国，中国货物进出口总额为 4.16 万亿美元。【出题：武汉大学】,['2013']
（      ）是我们党执政兴国的“一线指挥部”，（      ）就是“一线总指挥”。【出题：武汉大学】,['县委 县委书记']
2012年12月29日，习近平总书记在考察河北时指出，全面建成小康社会，最艰巨最繁重的任务在（      ），特别是在贫困地区。【出题：武汉大学】,['农村']
我国核安全观的内容是（      ）。【出题：武汉大学】,['理性、协调、并进']
全面深化改革，要加强和改善党对全面深化改革的领导，建设学习型、服务型、（   ）的马克思主义执政党。【出题：武汉大学】,['创新型']
加强和改进党的作风建设，核心问题是（    ）。【出题：武汉大学】,['保持党同群众的血肉联系']
（    ）的工作总基调是党治国理政的重要原则，也是做好经济工作的方法论。【出题：武汉大学】,['稳中求进']
中国共产党是中国特色社会主义事业的（  ），处在总揽全局、协调各方的地位。,['领导核心']
马克思在对（    ）的总结中提出“无产阶级绝不能简单地掌握资本主义国家机器，而必须用暴力将它打碎”的思想。【出题：武汉大学】,['巴黎公社']
2019年5月，中共中央印发的《中国共产党党员教育管理工作条例》规定，经党支部党员大会通过、基层党委审批接收的预备党员，自（    ）之日起，即取得党籍。【出题：武汉大学】,['通过']
（    ）属于《共产党宣言》的内容。【出题：武汉大学】,"['分析了无产阶级的历史地位', '肯定了资产阶级在历史上起过非常革命的作用', '指出自有文字记载以来到资本主义社会的全部历史都是阶级斗争的历史']"
党的十九大报告提出了新时代党的建设总要求，把党建设成为朝气蓬勃的马克思主义执政党是新时代党的建设的目标之一。这个目标的内容还有（    ）。【出题：武汉大学】,"['人民衷心拥护', '经得起各种风浪考验', '勇于自我革命', '始终走在时代前列']"
工联主义形成于19世纪50至60年代的英国。第一国际时期，马克思主义与工联主义的斗争主要围绕（    ）等问题展开。【出题：武汉大学】,"['关于参加英国选举法改革问题', '关于工人运动的道路问题', '关于爱尔兰民族解放运动的问题']"
以下符合对“长征精神”特征的描述是（    ）。【出题：武汉大学】,"['顾全大局、严守纪律、紧密团结的精神', '为了救国救民，不怕任何艰难险阻，不惜付出一切牺牲的精神', '把全国人民和中华民族的根本利益看得高于一切，坚定革命的理想和信念，坚信正义事业必然胜利的精神', '坚持独立自主、实事求是，一切从实际出发的精神']"
（    ）是近代以来中华民族最伟大的梦想。【出题：武汉大学】,['实现中华民族伟大复兴']
习近平总书记在向第六届世界互联网大会致贺信中指出，各国应顺应时代潮流，勇担发展责任，共迎风险挑战，共同推进网络空间全球治理，努力推动构建（    ）。【出题：武汉大学】,['网络空间命运共同体']
坚持中国特色社会主义法治道路，最根本的是（    ）。【出题：武汉大学】,['坚持中国共产党的领导']
2016年1月5日，习近平总书记在重庆召开的推动长江经济带发展座谈会上讲话指出，推动长江经济带发展是国家一项重大区域发展战略，对此描述错误的是（      ）。【出题：武汉大学】,['减少大开发']
 2014年10 月 15 日 习近平主持召开文艺工作座谈会，强调只有牢固树立马克思主义文艺观，真正做到了以（    ）为中心，文艺才能发挥最大正能量。【出题：武汉大学】,['人民']
党的十八大报告中明确指出，开展党的群众路线教育实践活动，以（    ）为主要内容，着力解决人民群众反映强烈的突出问题，提高做好新形势下群众工作的能力。【出题：武汉大学】,['为民务实清廉']
（  ），充分调动人民积极性，始终是我们党立于不败之地的强大根基。,['坚持人民主体地位']
（    ）是迄今为止世界上第一个以进口为主题的国家级展会，是中国推动建设开放型世界经济、支持经济全球化的实际行动。【出题：武汉大学】,['中国国际进口博览会']
党的十八大要求全党坚定对中国特色社会主义的（  ）【出题：武汉大学】,"['道路自信', '理论自信', '制度自信']"
全面推进依法治国，总目标是（    ）。【出题：武汉大学】,"['建设社会主义法治国家', '建设中国特色社会主义法治体系']"
中国特色社会主义理论体系、道路和制度的相互关系是（   ）。【出题：武汉大学】,"['三者统一于中国特色社会主义伟大实践', '中国特色社会主义理论体系是行动指南', '中国特色社会主义道路是实现途径', '中国特色社会主义制度是根本保障']"
2018年是中国改革开放（    ）周年。【出题：武汉大学】,['40']
（    ）是中国特色社会主义的本质要求和重要保障。【出题：武汉大学】,['全面依法治国']
党的十八大报告指出：（   ）是兴国之魂，决定着中国特色社会主义发展方向。【出题：武汉大学】,['社会主义核心价值体系']
党的十五大以后，中国特色社会主义文化建设以实施（  ）为核心，通过加强管理和深化改革，出现了繁荣发展的新局面。,['精品战略']
1864年9月28日，英国工人为声援波兰起义在伦敦圣马丁堂举行大会，经大会讨论，决定成立世界上第一个国际性工人组织（    ），并选出了一个由英、法、德、意等工人代表组成的中央委员会作为领导机构。【出题：武汉大学】,['国际工人协会']
2019年2月22日，习近平总书记在中共中央政治局第十三次集体学习时指出，要注重在稳增长的基础上防风险，强化（    ）政策、货币政策的逆周期调节作用，确保经济运行在合理区间，坚持在推动高质量发展中防范化解风险。【出题：武汉大学】,['财政']
党的十八大报告中明确提出“两个一百年”奋斗目标，即中国共产党成立100年时（      ），在新中国成立一百年时把我国建设成为富强民主文明和谐的社会主义现代化国家。【出题：武汉大学】,['全面建成小康社会']
2015年以来，习近平总书记先后6次针对扶贫问题召开座谈会，提出（      ）等要求。【出题：武汉大学】,"['真扶贫、扶真贫、真脱贫', '既要看数量，更要看质量', '小康不小康，关键看老乡']"
党的十九届四中全会提出，坚持和完善党和国家监督体系，强化对权力运行的制约和监督。党和国家监督体系是党在长期执政条件下实现（   ）的重要制度保障。【出题：武汉大学】,"['自我完善', '自我提高', '自我净化', '自我革新']"
走中国特色社会主义政治发展道路，必须坚持党的领导、人民当家作主、依法治国有机统一。以下选项内容正确的是（    ）。【出题：武汉大学】,"['依法治国是党领导人民治理国家的基本方式', '党的领导是人民当家作主和依法治国的根本保证', '人民当家作主是社会主义民主政治的本质特征']"
中国共产党人的初心和使命是（    ）。【出题：武汉大学】,['为中国人民谋幸福，为中华民族谋复兴']
我们既要创造更多物质财富和精神财富以满足人民日益增长的美好生活需要，也要提供更多优质生态产品以满足人民日益增长的优美生态环境需要。必须坚持（    ）的方针。【出题：武汉大学】,['节约优先、保护优先、自然恢复为主']
（    ）是好干部的第一位标准，是不是好干部首先看这一条。【出题：武汉大学】,['理想信念坚定']
习近平总书记在宁德调研时，特别看重基层工作，对宁德全体党员尤其是领导干部明确提出“四下基层”的要求，就是：（    ）、现场办公下基层、调查研究下基层、宣传党的方针政策下基层。,['信访接待下基层']
经济建设是全党的中心工作，坚持以经济建设为中心不动摇，就必须坚持以经济体制改革为重点不动摇。当前，我国深化经济体制改革的重点是（    ）。【出题：武汉大学】,['完善产权制度和要素市场化配置']
习近平总书记在“不忘初心、牢记使命”主题教育总结大会上的讲话中指出，党的十九届四中全会提出建立不忘初心、牢记使命的制度。建章立制，要坚持系统思维、辩证思维、（    ），体现指导性、针对性、操作性。【出题：武汉大学】,['底线思维']
党的十八届三中全会决定成立国家安全委员会，要遵循（      ）的原则。【出题：武汉大学】,['集中统一、科学谋划、统分结合、协调行动、精干高效']
（    ）不符合《塞瓦兰人的历史》一书对塞瓦兰人的描述。【出题：武汉大学】,['存在商品、黄金和货币流通']
2019年9月20日，习近平发表讲话强调，（    ）是中国共产党把马克思列宁主义统一战线理论、政党理论、民主政治理论同中国实际相结合的伟大成果，是中国共产党领导各民主党派、无党派人士、人民团体和各族各界人士在政治制度上进行的伟大创造。【出题：武汉大学】,['人民政协']
（  ）是党的生命所系、力量所在。,['中国共产党的先进性']
党的十九大报告指出，（    ）是引领发展的第一动力。【出题：武汉大学】,['创新']
2020年2月12日，习近平总书记主持召开中共中央政治局常务委员会会议，指出疫情防控工作到了最吃劲的关键阶段。以下表述正确的有（    ）。,"['强调要全面增强收治能力，坚决做到“应收尽收、应治尽治”，提高收治率', '强调人口流入大省大市要按照“联防联控、群防群控”要求，切实做好防控工作', '强调要围绕“提高收治率和治愈率”“降低感染率和病亡率”，抓好疫情防控重点环节', '强调要提高患者特别是重症患者救治水平，集中优势医疗资源和技术力量救治患者']"
2020年8月24日，中共中央总书记、国家主席、中央军委主席习近平在中南海主持召开经济社会领域专家座谈会并发表重要讲话。下列哪些属于此次讲话主要内容。（    ）【出题：武汉大学】,"['要以辩证思维看待新发展阶段的新机遇新挑战', '要以科技创新催生新发展动能', '要以高水平对外开放打造国际合作和竞争新优势', '要以深化改革激发新发展活力', '要以共建共治共享拓展社会发展新局面', '要以畅通国民经济循环为主构建新发展格局']"
建设现代化经济体系，必须实施乡村振兴战略。实施乡村振兴战略的总要求是（    ）。【出题：武汉大学】,"['生活富裕', '治理有效', '生态宜居、乡风文明', '产业兴旺']"
1881年，法国工人党在大选中受挫后，法国工人运动中出现了“马隆—布鲁斯派”，他们主张党的每个地方组织根据可能性自由制定自己的纲领，把党的活动限制在统治阶级可能允许的范围内。“马隆—布鲁斯派”因而被称为（    ）。【出题：武汉大学】,['可能派']
习近平总书记主持召开中央全面深化改革委员会第十五次会议，会议指出，推进对外贸易创新发展，要落实新发展理念，紧紧围绕构建（    ），以供给侧结构性改革为主线，深化科技创新、制度创新、业态和模式创新，加快提升贸易质量，稳定产业链供应链，培育外贸新动能，深入推进贸易便利化，优化外贸发展环境。【出题：武汉大学】,['新发展格局']
我国政权的组织原则是（    ）。,['民主集中制']
2016年5月17日，习近平总书记主持召开哲学社会科学工作座谈会，提出要着力构建中国特色哲学社会科学，强调坚定中国特色社会主义道路自信、理论自信、制度自信，说到底是要坚定（      ），这是更基本、更深沉、更持久的力量。【出题：武汉大学】,['文化自信']
"1980年5月，邓小平发表《关于农村政策问题》的谈话，肯定了（    ）这种形式，指出它不会影响我们制度的社会主义性质。

",['包产到户\r\n']
2019年初发布的《中共中央关于加强党的政治建设的意见》指出，党的（    ）是党的根本性建设，决定党的建设方向和效果，事关统揽推进伟大斗争、伟大工程、伟大事业、伟大梦想。【出题：武汉大学】,['政治建设']
2019年3月18日，习近平总书记在学校思想政治理论课教师座谈会上强调，办好思想政治理论课关键在（    ）。【出题：武汉大学】,['教师']
从中华民族整体利益把握两岸关系大局，最根本的、最核心的是（    ）。【出题：武汉大学】,['维护国家领土和主权完整']
2019年10月，习近平总书记对中医药工作作出重要指示指出，新中国成立以来，我国中医药事业取得显著成就，为增进人民健康作出了重要贡献。推动中医药走向世界，充分发挥中医药防病治病的独特优势和作用，为（    ）贡献力量。【出题：武汉大学】,"['实现中华民族伟大复兴的中国梦', '建设健康中国']"
推进依法治国，实现社会主义民主政治，需要完善和发展基层民主制度，依法推进基层民主和行业自律，实行（   ）。【出题：武汉大学】,"['自我监督', '自我服务', '自我教育 ', '自我管理']"
（    ）是推动社会进步最活跃、最革命的要素。【出题：武汉大学】,['生产力']
2019年5月15日，国家主席习近平在亚洲文明对话大会开幕式上指出，亚洲是人类最早的定居地之一，也是人类文明的重要发祥地。亚洲地大物博、山河秀美，在世界三分之一的陆地上居住着全球（    ）的人口，47个国家、1000多个民族星罗棋布。【出题：武汉大学】,['三分之二']
"邓小平强调：贫穷不是社会主义，社会主义要消灭贫穷；我们要建设的中国特色社会主义，是不断发展社会生产力的社会主义；我们确定的基本路线，是以（  ）为中心，实现社会主义现代化的发展路线。

",['经济建设']
党的十八大报告指出，（   ）是兴国之要，发展仍是解决我国所有问题的关键。【出题：武汉大学】,['以经济建设为中心 ']
坚持总体国家安全观，以（    ）为宗旨。【出题：武汉大学】,['人民安全']
党的十八大强调，建设中国特色社会主义的总布局是（    ）。【出题：武汉大学】,['五位一体 ']
伟大斗争，伟大工程，伟大事业，伟大梦想，紧密联系、相互贯通、相互作用，其中起决定性作用的是党的建设新的（    ）。【出题：武汉大学】,['伟大工程']
我国社会生产力水平总体上显著提高，社会生产能力在很多方面进入世界前列，更加突出的问题是（    ），这已经成为满足人民日益增长的美好生活需要的主要制约因素。【出题：武汉大学】,['发展不平衡不充分']
2019年3月1日，习近平总书记在中央党校（国家行政学院）中青年干部培训班开班式上指出，离开了人民，我们就会一事无成。要牢记（    ）是真正的英雄，任何时候都不能忘记为了谁、依靠谁、我是谁，真正同人民结合起来。【出题：武汉大学】,['群众 ']
全面深化改革必须以（  ）为出发点和落脚点。【出题：武汉大学】,"['增进人民福祉', '促进社会公平正义']"
习近平主持召开中央全面深化改革委员会第十五次会议，会议指出，要从落实城市主体责任、推动群众习惯养成、加快分类设施建设、完善配套支持政策等方面入手，加快构建（  ）的垃圾分类长效机制，树立科学理念，分类指导，加强全链条管理。【出题：武汉大学】,"['全民参与', '因地制宜', '政府推动', '城乡统筹', '以法治为基础']"
莫尔于（    ）发表《乌托邦》，这标志着空想社会主义的诞生。【出题：武汉大学】,['1516年']
习近平总书记在《思政课是落实立德树人根本任务的关键课程》中指出，要加强党对思想政治理论课建设的领导。各级党委要把思政课建设摆上重要议程，在（    ）等方面采取有效措施。【出题：武汉大学】,['工作格局、队伍建设、支持保障']
保持党的先进性和纯洁性、巩固党的执政基础和执政地位靠什么？最重要的就是要（  ）、密切联系群众。,['坚持党的群众路线']
党的十八大报告指出，党的（    ）是党的力量所在，是实现经济社会发展、民族团结进步、国家长治久安的根本保证。【出题：武汉大学】,['集中统一']
习近平总书记在《学习马克思主义基本理论是共产党人的必修课》中指出，要深刻认识（    ）对世界社会主义产生的深远影响。它的问世，就在实践上推动了世界社会主义发展，深刻改变了人类历史进程。【出题：武汉大学】,['《共产党宣言》']
习近平总书记指出:“党政军民学，东西南北中，党是领导一切的，是最高的（    ）领导力量。”【出题：武汉大学】,['政治']
习近平总书记指出：“全面推进依法治国涉及很多方面，在实际工作中必须有一个总揽全局、牵引各方的总抓手，这个总抓手就是建设中国特色社会主义（    ）体系。”【出题：武汉大学】,['法治']
（      ）是坚持和发展中国特色社会主义最本质的特征，是社会主义法制最根本的保证。【出题：武汉大学】,['党的领导']
马克思主义政治经济学来源于（    ）。【出题：武汉大学】,['英国古典政治经济学']
毛泽东思想活的灵魂包括（    ）。【出题：武汉大学】,"['群众路线', '实事求是', '独立自主']"
十月革命是世界历史上划时代的重大事件，开辟了人类历史的新纪元，产生了深远的历史影响。它的历史意义包括（    ）。【出题：武汉大学】,"['促进了马克思列宁主义的传播，推动了一大批无产阶级政党的建立', '将马克思主义关于无产阶级革命的理论变为现实，开启无产阶级革命的新时代', '沉重打击了帝国主义的统治，鼓舞了资本主义国家的革命运动']"
2017年8月1日，习近平主席在庆祝中国人民解放军建军90周年大会上发表重要讲话时强调，人民军队始终和人民（    ），完全彻底为人民奋斗，哪里有敌人，哪里有困难，哪里就有人民子弟兵。【出题：武汉大学】,"['共命运', '心连心', '同呼吸']"
在新中国社会主义过渡时期，（    ）在各种经济成分中居于领导地位。【出题：武汉大学】,['社会主义国营经济']
（    ）的制定与实施，标志着中国农村家庭联产承包责任制作为农村经济体制改革的一项战略决策的全面推广。【出题：武汉大学】,['《关于经济体制改革的决定》']
（  ）问题，是一个政党、一个国家的根本性问题。,['战略']
1990年12月4日至8日，中共中央组织部在北京召开建国以来第（  ）次全国干部档案工作会议。,['三']
2016年，习近平在安徽调研时强调，各级党委和政府要按照（   ）总体布局和“四个全面”战略布局，奋力开创经济社会发展新局面。【出题：武汉大学】,['“五位一体”']
坚持党的领导、加强党的建设，是我国国有企业的光荣传统，是国有企业的“根”和“魂”，是我国国有企业的（      ）。【出题：武汉大学】,['政治归属']
在对（    ）历史经验进行总结后，马克思和恩格斯进一步丰富和完善了革命的理论，第一次提出了“无产阶级专政”等概念。【出题：武汉大学】,['1848年欧洲革命']
2020年1月25日，中共中央政治局常务委员会召开会议研究新型冠状病毒感染的肺炎疫情防控工作，中共中央总书记习近平主持会议，会议要求各级党政领导干部特别是主要领导干部要坚守岗位、（  ），在防控疫情斗争中经受考验，深入防控疫情第一线，及时发声指导，及时掌握疫情，及时采取行动，做到守土有责、守土尽责。【出题：武汉大学】,['靠前指挥']
《党政领导干部选拔任用工作条例》明确规定，破格提拔干部必须从严掌握。任职试用期未满或者提拔任职不满一年的，不得破格提拔。不得在任职年限上连续破格。不得越（    ）级提拔。【出题：武汉大学】,['二']
习近平总书记指出，（    ）是最大的民生工程、民心工程、根基工程。【出题：武汉大学】,['就业']
党的七届二中全会把党的工作重心由农村转移到城市，毛泽东告诫全党（    ）。,"['警惕资产阶级用糖衣炮弹的攻击', '务必继续保持谦虚谨慎，不骄不躁的作风', '务必继续保持艰苦奋斗的作风']"
“如果我们选择了最能为人类而工作的职业，那么，重担就不能把我们压倒，因为这是为大家作出的牺牲；那时我们所享受的就不是可怜的、有限的、自私的乐趣，我们的幸福将属于千百万人，我们的事业将悄然无声地存在下去，但是它会永远发挥作用，而面对我们的骨灰，高尚的人们将洒下热泪。”这段话出自马克思的（    ）。【出题：武汉大学】,['《青年在选择职业时的考虑》']
党的十九届四中全会提出，坚持和完善（  ），巩固全体人民团结奋斗的共同思想基础。发展社会主义先进文化、广泛凝聚人民精神力量，是国家治理体系和治理能力现代化的深厚支撑。【出题：武汉大学】,['繁荣发展社会主义先进文化的制度']
新型冠状病毒肺炎是近百年来人类遭遇的影响范围最广的全球性大流行病，对全世界是一次严重危机和严峻考验。中国把（    ）放在第一位，以坚定果敢的勇气和决心，采取最全面最严格最彻底的防控措施，有效阻断病毒传播链条。,['人民生命安全和身体健康']
（    ）年9月7日、10月3日，习近平分别在哈萨克斯坦纳扎尔巴耶夫大学、印度尼西亚国会发表演讲，先后提出共同建设“丝绸之路经济带”与“21 世纪海上丝绸之路”，即“一带一路”倡议。【出题：武汉大学】,['2013']
2019年7月30日，中共中央政治局召开会议。会议认为，今年以来，面对国内外风险挑战明显增多的复杂局面，各地区各部门贯彻党中央决策部署，打好三大攻坚战，适时适度实施宏观政策逆周期调节，有力推动（    ）发展。【出题：武汉大学】,['高质量']
新形势下，农业主要矛盾已经由总量不足转变为（    ）矛盾。【出题：武汉大学】,['结构性']
党的十九届四中全会提出，要完善国家行政体制，优化政府职责体系，优化政府组织结构，健全（  ）体制机制。【出题：武汉大学】,['充分发挥中央和地方两个积极性']
坚持立党为公、执政为民，发扬党的优良传统和作风，不断增强（  ）能力。,"['自我完善', '自我净化', '自我提高', '自我革新']"
2019年7月15日至16日，习近平总书记在内蒙古考察并指导开展“不忘初心、牢记使命”主题教育时指出，要继续完善农村公共基础设施，改善农村人居环境，重点做好（    ），把乡村建设得更加美丽。【出题：武汉大学】,"['垃圾污水治理', '村容村貌提升', '厕所革命']"
国家文化软实力集中体现了一个国家基于文化而具有的凝聚力和生命力，以及由此产生的吸引力和影响力。任何一个大国的发展进程，也是软实力提高的进程。要提高国家文化软实力，就要努力（      ）。【出题：武汉大学】,"['提高国际话语权', '传播当代中国价值观念', '展示中华文化独特魅力', '夯实国家文化软实力的根基']"
在党的七届二中全会上，毛泽东提出了“两个务必”的思想，其原因包括（    ）。【出题：武汉大学】,"['党的工作方式发生了变化', '全国大陆即将解放', '中国共产党即将成为在全国执政的执政党']"
中国特色社会主义新时代，是承前启后、继往开来、在新的历史条件下继续夺取中国特色社会主义伟大胜利的时代，是（    ）。【出题：武汉大学】,"['决胜全面建成小康社会、进而全面建设社会主义现代化强国的时代', '全国各族人民团结奋斗、不断创造美好生活、逐步实现全体人民共同富裕的时代', '全体中华儿女戮力同心、奋力实现中华民族伟大复兴中国梦的时代', '我国日益走近世界舞台中央、不断为人类作出更大贡献的时代']"
全面从严治党要求加强党的思想建设。思想建设是党的基础性建设，思想建设的首要任务是（    ）。【出题：武汉大学】,['坚定理想信念']
世界上第一次工人阶级夺取政权的革命是（    ）。【出题：武汉大学】,['巴黎公社']
党的十八届三中全会指出，全面深化改革必须坚持社会主义市场经济改革方向，以促进社会（   ）。【出题：武汉大学】,['公平正义']
党的执政地位，决定了（    ）在党和国家各种监督形式中是最基本的、第一位的。【出题：武汉大学】,['党内监督']
（    ）是治国理政最大最重要的规矩。【出题：武汉大学】,['法律']
健全城乡发展一体化机制，要坚持走中国特色新型（   ）道路。【出题：武汉大学】,['城镇化']
全面深化改革，政府要加强发展战略、规划、标准等制定和实施，加强对市场活动的（    ），加强各类公共服务提供。【出题：武汉大学】,['监管']
坚定不移走中国特色社会主义法治道路，完善以宪法为核心的中国特色社会主义法律体系，（    ）是当代中国发展进步的根本制度保障。【出题：武汉大学】,['中国特色社会主义制度']
列宁认为，坚强有力的无产阶级政党的领导是工人运动取得成功的根本保证。他套用阿基米德的名言提出口号：（     ）【出题：武汉大学】,['“给我们一个革命家组织，我们就能把俄国翻转过来！”']
2019年7月30日，中共中央政治局召开会议。会议强调，做好下半年经济工作意义重大。要坚持稳中求进工作总基调，坚持以供给侧结构性改革为主线，坚持新发展理念、推动高质量发展，坚持推进改革开放，坚持（   ）的总体思路，统筹国内国际两个大局，统筹做好稳增长、促改革、调结构、惠民生、防风险、保稳定各项工作，促进经济持续健康发展。【出题：武汉大学】,"['社会政策要托底', '宏观政策要稳', '微观政策要活']"
党的十八届三中全会针对健全城乡发展一体化体制机制的改革举措包括（      ）。【出题：武汉大学】,"['加快构建新型农业经营体系', '赋予农民更多财产权利', '推进城乡要素平等交换和公共资源均衡配置']"
2019年6月24日，习近平总书记在中央政治局第十五次集体学习时指出，要坚持（  ），不断纯洁党的队伍，保证党的肌体健康。【出题：武汉大学】,"['自我提高', '自我净化', '自我完善', '自我革新']"
党的十九届四中全会强调，坚持和完善中国特色社会主义制度、（  ），是全党的一项重大战略任务。【出题：武汉大学】,['推进国家治理体系和治理能力现代化']
新发展理念中的（      ）注重的是解决发展内外联动问题。【出题：武汉大学】,['开放发展']
我国进入社会主义初级阶段的起点是（   ）。,['社会主义改造的完成']
2006年3月4日胡锦涛在看望全国政协委员时提出了以（  ）为主要内容的社会主义荣辱观。,['八荣八耻']
党的领导是社会主义法治最根本的保证。坚持党的领导，必须具体体现在党要领导立法、保证执法、支持司法和（      ）。【出题：武汉大学】,['带头守法']
2019年3月发布的《关于加强和改进中央和国家机关党的建设意见》指出，提高部门党组（党委）理论学习中心组学习质量效果，充分发挥（    ）作用。【出题：武汉大学】,['领学促学 ']
十八大报告指出，解放思想、实事求是、（    ）、求真务实，是科学发展观最鲜明的精神实质。【出题：武汉大学】,[' 与时俱进']
（    ）在党的八大中提出了“三个主体、三个补充”的思想。【出题：武汉大学】,['陈云']
实现社会公平正义的最主要决定性因素是（    ）。【出题：武汉大学】,['经济社会发展水平']
2019年1月25日，习近平总书记在中共中央政治局第十二次集体学习时强调，我们要因势而谋、应势而动、顺势而为，加快推动媒体融合发展，使主流媒体具有强大（   ），形成网上网下同心圆，使全体人民在理想信念、价值理念、道德观念上紧紧团结在一起，让正能量更强劲、主旋律更高昂。【出题：武汉大学】,"['影响力', '传播力', '引导力', '公信力']"
1957年4月，中共中央决定进行以反对（    ）为内容的整风运动。,"['宗派主义', '官僚主义', '主观主义']"
2013年3月17日，习近平总书记在十二届全国人大一次会议闭幕会上讲话指出，实现中华民族伟大复兴的中国梦，就是要实现（      ）。【出题：武汉大学】,"[' 民族振兴', '人民幸福', '国家富强 ']"
党的十九大报告提出，党的政治建设的首要任务是（    ）。【出题：武汉大学】,['保证全党服从中央，坚持党中央权威和集中统一领导']
1845年，马克思、恩格斯合作撰写了（      ），第一次比较系统地阐述了历史唯物主义基本原理。【出题：武汉大学】,['《德意志意识形态》']
2020年5月18日，习近平主席在第73届世界卫生大会视频会议开幕式上发表致辞，呼吁各国团结合作战胜疫情，共同构建（    ）。,['人类卫生健康共同体']
2020年3月10日，习近平总书记赴湖北省武汉市考察疫情防控工作，指出抗击疫情有两个阵地，一个是医院救死扶伤阵地，一个是（    ）阵地。,['社区防控']
2019年3月发布的《关于加强和改进中央和国家机关党的建设意见》指出，中央和国家机关党的建设关系党中央权威和集中统一领导，关系党中央决策部署的贯彻落实，关系最广大人民根本利益的实现。推进新时代党的建设新的（    ），中央和国家机关必须走在前、做表率。【出题：武汉大学】,['伟大工程 ']
马克思领导的世界上第一个国际工人组织是（    ）。【出题：武汉大学】,['国际工人协会']
党的十九届四中全会提出，要坚持人民军队最高领导权和指挥权属于党中央，健全人民军队（  ）制度体系，把党对人民军队的绝对领导贯彻到军队建设各领域全过程。【出题：武汉大学】,['党的建设']
《共产党宣言》作出了（    ）最终必然要代替资本主义的结论。【出题：武汉大学】,['社会主义']
习近平总书记向2019中关村论坛致贺信中指出，当前，新一轮科技革命和产业变革正加速演进，（    ）、合作共赢是大势所趋。中国愿积极参与全球创新合作，同世界各国共享创新发展成果，携手构建人类命运共同体。【出题：武汉大学】,['创新发展']
2019年10月18日，中共中央总书记、国家主席、中央军委主席习近平出席世界军人运动会开幕式并宣布运动会开幕。这是第（  ）届世界军人运动会。【出题：武汉大学】,['七']
中国梦的基本内涵是实现（   ）。【出题：武汉大学】,"['人民幸福', '民族振兴', '国家富强']"
党的十八大报告指出，中国在国际关系中弘扬（    ）的精神，共同维护国际公平正义。【出题：武汉大学】,"['合作共赢 ', '包容互鉴', '平等互信 ']"
习近平总书记在纪念中国人民抗日战争暨世界反法西斯战争胜利75周年座谈会上的讲话中指出，中国人民抗日战争胜利是（    ）。【出题：武汉大学】,"['以爱国主义为核心的民族精神的伟大胜利', '全民族众志成城奋勇抗战的伟大胜利', '中国共产党发挥中流砥柱作用的伟大胜利', '中国人民同反法西斯同盟国以及各国人民并肩战斗的伟大胜利']"
习近平总书记在《思政课是落实立德树人根本任务的关键课程》中指出，推动思政课改革创新，要做到若干“统一”。其中包括（    ）。【出题：武汉大学】,"['坚持理论性和实践性相统一', '坚持政治性和学理性相统一', '坚持价值性和知识性相统一', '坚持建设性和批判性相统一']"
（    ）是解决历史遗留的香港、澳门问题的最佳方案，也是香港、澳门回归后保持长期繁荣稳定的最佳制度。【出题：武汉大学】,['“一国两制”']
下面哪项不是“三严三实”专题教育的要求：（    ）。【出题：武汉大学】,['行政要实 ']
一个国家实行什么样的司法制度，归根到底是由（    ）决定的。【出题：武汉大学】,['国情']
2019年11月8日至10日，习近平主席出席中央军委基层建设会议并发表重要讲话。他指出，全军要坚持以新时代中国特色社会主义思想为指导，深入贯彻新时代党的强军思想，深入贯彻新时代军事战略方针，落实（    ）要求，发扬优良传统，强化改革创新，全面锻造听党话、跟党走的过硬基层，能打仗、打胜仗的过硬基层，法纪严、风气正的过硬基层。【出题：武汉大学】,['“四个坚持扭住”']
2019年5月12日是我国第11个全国防灾减灾日，主题是“提高灾害防治能力，构筑（    ）防线”。【出题：武汉大学】,['生命安全 ']
改革开放以来，无论我们对党政关系进行了怎样的调整，但有一条是不变的，就是坚持党的领导。处理好党政关系，首先要坚持（    ），在这个大前提下才是各有分工，而且无论怎么分工，出发点和落脚点都是坚持和完善党的领导。【出题：武汉大学】,['党的领导']
推动建立新型国际关系，要积极参与全球治理体系改革和建设。中国秉持的全球治理观的内容是（    ）。【出题：武汉大学】,['共商共建共享']
从1958年参加核潜艇研制工作开始，第六届全国道德模范（    ）至今仍战斗在核潜艇研制领域，为我国核潜艇事业奉献了毕生心血。他是我国第一代核潜艇的总设计师、中国工程院院士、中国船舶重工集团719研究所名誉所长，被誉为“中国核潜艇之父”。【出题：武汉大学】,['黄旭华']
2019年11月8日至10日，习近平主席出席中央军委基层建设会议并发表重要讲话。他指出，加强新时代我军（    ），是强军兴军的根基所在、力量所在。【出题：武汉大学】,['基层建设']
2019年9月3日，习近平总书记在中央党校（国家行政学院）中青年干部培训班开班式上指出，马克思主义产生和发展、社会主义国家诞生和发展的历程充满着斗争的艰辛。（   ），都是在斗争中诞生、在斗争中发展、在斗争中壮大的。【出题：武汉大学】,"['建立中国共产党', '实行改革开放', '推进新时代中国特色社会主义事业', '成立中华人民共和国']"
2019年7月9日，习近平总书记在中央和国家机关党的建设工作会议上指出，要处理好党建和业务的关系，坚持党建工作和业务工作（    ）。【出题：武汉大学】,"['一起落实', '一起检查', '一起谋划', '一起部署']"
2019年7月30日，中共中央政治局召开会议。会议要求，实施好就业优先政策，做好（    ）等重点群体就业工作。【出题：武汉大学】,"['农民工', '退役军人', '高校毕业生']"
马克思主义主要由（    ）组成。【出题：武汉大学】,"['马克思主义政治经济学', '科学社会主义', '马克思主义哲学']"
空想社会主义产生的直接思想材料是（    ）。【出题：武汉大学】,['欧洲的启蒙思想']
全面深化改革，要发展社会主义民主政治，要发展基层民主，畅通民主渠道，推进基层（    ）制度化。【出题：武汉大学】,['协商']
2018年7月，在“八八战略”实施15周年之际，习近平总书记又赋予（    ）“干在实处永无止境、走在前列要谋新篇、勇立潮头方显担当”的新期望。【出题：武汉大学】,['浙江']
1848年6月1日，由马克思担任主编的（    ）正式出版，该报成为团结各民主派、组织动员群众进行斗争的舆论阵地，其政治立场就是宣传《共产党宣言》与《共产党在德国的要求》的基本精神，为贯彻同盟的革命策略服务。【出题：武汉大学】,['《新莱茵报》']
2020年8月31日，中共中央政治局召开会议，审议《黄河流域生态保护和高质量发展规划纲要》，指出要把黄河流域生态保护和高质量发展作为事关中华民族伟大复兴的千秋大计，贯彻新发展理念，遵循自然规律和客观规律，统筹推进山水林田湖草沙（   ），改善黄河流域生态环境，优化水资源配置，促进全流域高质量发展，改善人民群众生活，保护传承弘扬黄河文化，让黄河成为造福人民的幸福河。【出题：武汉大学】,"['系统治理', '综合治理', '源头治理']"
毛泽东在《论十大关系》中概括了一系列重大关系问题，其中包括（    ）等。【出题：武汉大学】,"['中国和外国的关系', '是非关系', '中央和地方的关系', '经济建设和国防建设的关系']"
党的十九大报告提出了新时代党的建设总要求，明确了新时代党的建设的总体布局，要求把（    ）贯穿党的所有建设各个方面。【出题：武汉大学】,['制度建设']
（    ）是当代中国马克思主义、21世纪马克思主义，是全党全国人民为实现中华民族伟大复兴而奋斗的行动指南，是经过实践检验、富有实践伟力的强大思想武器，必须长期坚持并不断发展。【出题：武汉大学】,['习近平新时代中国特色社会主义思想']
党的十八大报告中明确指出，要围绕（      ）在全党深入开展群众路线教育实践活动。【出题：武汉大学】,['先进性和纯洁性']
习近平总书记在“不忘初心、牢记使命”主题教育总结大会上的讲话中指出，不忘初心、牢记使命，必须完善和发展党内制度，形成（    ）。制度优势是一个政党、一个国家的最大优势。【出题：武汉大学】,['长效机制']
（    ）是深化行政体制改革的核心。   【出题：武汉大学】,['转变政府职能  ']
1956年1月10日，（    ）首先宣布全部实行全行业公私合营。【出题：武汉大学】,['北京市']
党的十九届四中全会提出，坚持和完善中国特色社会主义行政体制，构建职责明确、依法行政的（  ）。【出题：武汉大学】,['政府治理体系']
（      ）是中国特色社会主义的本质属性。【出题：武汉大学】,['社会和谐']
实施创新驱动发展战略，最根本的是要增强（    ）。【出题：武汉大学】,['自主创新能力']
社会主义民主协商程序须从实际出发，按照（    ）的要求制定协商计划、明确协商议题和内容、确定协商人员、开展协商活动、注重协商成果运用反馈，确保协商活动有序务实高效。【出题：武汉大学】,"['规范有序', '民主集中', '科学合理', '简便易行']"
2015年3月12日，习近平总书记在十二届全国人大三次会议解放军代表团全体会议上明确提出，把（      ）上升为国家战略。【出题：武汉大学】,['军民融合发展']
科学的（    ）是优化资源配置、维护市场统一、促进社会公平、实现国家长治久安的制度保障。【出题：武汉大学】,['财税体制  ']
1917年4月17日，列宁结束了流亡生活回到俄国，发表了（     ），制定了从资产阶级民主革命向社会主义革命过渡的明确路线和具体计划。【出题：武汉大学】,['《四月提纲》']
2020年8月24日，中共中央总书记、国家主席、中央军委主席习近平在中南海主持召开经济社会领域专家座谈会并发表重要讲话强调，要以（    ）为主构建新发展格局。【出题：武汉大学】,['畅通国民经济循环']
党的十九大报告指出，把（  ）作为根本政治担当，永葆共产党人政治本色。,"['为党分忧', '对党忠诚', '为民造福', '为党尽职']"
党的建设面临的危险包括（      ）。【出题：武汉大学】,"['能力不足危险', '消极腐败危险', '脱离群众危险', '精神懈怠危险']"
党的十八大强调，我们党担负着团结带领人民（  ）的重任。【出题：武汉大学】,"['实现中华民族伟大复兴', '全面建成小康社会', '推进社会主义现代化']"
加强社会治理制度建设，完善党委领导、政府负责、社会协同、公众参与、法治保障的社会治理体制，提高社会治理社会化、法治化、智能化、专业化水平，打造（    ）的社会治理格局。【出题：武汉大学】,['共建共治共享']
当代爱国主义的鲜明主题是（    ）。【出题：武汉大学】,['实现中华民族伟大复兴的中国梦']
2020年4月29日，习近平总书记主持召开中共中央政治局常务委员会会议，指出经过艰苦卓绝的努力，（    ）取得决定性成果，全国疫情防控阻击战取得重大战略成果；强调要抓好重点地区、重点群体疫情防控工作，有针对性加强输入性风险防控工作。,['湖北保卫战']
（   ），是党和人民实践经验和集体智慧的结晶，习近平总书记是这一思想的主要创立者。【出题：武汉大学】,['习近平新时代中国特色社会主义思想']
党员领导干部应当定期为基层党员讲党课，党委（党组）书记每年至少讲（    ）次党课。【出题：武汉大学】,['1']
党的十八大报告指出，深化干部人事制度改革，建设高素质执政骨干队伍，坚持和发展中国特色社会主义，关键在于建设一支（    ）的执政骨干队伍。【出题：武汉大学】,"['政治坚定', '作风优良', ' 奋发有为', '能力过硬']"
马克思主义是（    ）的理论。【出题：武汉大学】,"['人民的', '开放的', '科学的', '实践的']"
2020年4月14日，国务院总理李克强在北京出席东盟与中日韩（10+3）抗击新冠肺炎疫情领导人特别会议并发表讲话，介绍中国统筹推进疫情防控和经济社会发展的经验，提出全力（    ）等合作倡议。,"['努力恢复经济发展', '加强防控合作', '着力密切政策协调']"
社会治理的中心必须向基层下移，落实到城乡社区。城乡社区处于当同群众连接的“（    ）一公里”，做好社区治理工作十分重要。【出题：武汉大学】,['最后  ']
为加强和规范统一战线工作，巩固和发展爱国统一战线，根据《中国共产党章程》制定，由中共中央颁布（      ），自2015年5月18日起施行。这也是中国共产党关于统一战线工作的第一部党内法规。【出题：武汉大学】,['《中国共产党统一战线工作条例》']
2020年2月1日，国务院副总理（    ）率中央赴湖北指导组听取湖北省、武汉市疫情防控重点工作情况汇报，强调打赢这场攻坚战关键在“防”，要采取果断措施。,['孙春兰']
坚持和发展中国特色社会主义的本质要求和重要保障是（    ）。【出题：武汉大学】,['依法治国 ']
“红船精神”是开天辟地、敢为人先的首创精神，坚定理想、百折不挠的（  ）精神，立党为公、忠诚为民的奉献精神。,['奋斗']
2016年，刘云山在陕西调研时强调，切实加强（   ）党建工作，扎实开展“两学一做”学习教育，推动全面从严治党向基层延伸，不断增强基层党组织凝聚力战斗力。【出题：武汉大学】,['基层']
2019年10月21日，习近平总书记对科技特派员制度推行20周年作出重要指示，他强调，（    ）是乡村全面振兴的重要支撑。【出题：武汉大学】,['创新']
2020年1月13日，习近平总书记在十九届中央纪委四次全会上的讲话中指出：“要坚持以人民为中心的工作导向，以优良作风决胜全面建成小康社会、决战脱贫攻坚。要通过清晰的制度导向，把干部干事创业的手脚从（    ）的桎梏、‘套路’中解脱出来，形成求真务实、清正廉洁的新风正气”。【出题：武汉大学】,['形式主义、官僚主义']
2013年5月9日 ，中共中央印发《关于在全党深入开展党的群众路线教育实践活动的意见》。2013年6月至 2014 年9月，全党分两批开展以为民务实清廉为主要内容的党的群众路线教育实践活动，集中整治（      ）等问题。【出题：武汉大学】,"['官僚主义', '享乐主义 ', '奢靡之风', '形式主义']"
在早期空想社会主义主要代表人物中，作为掘地派运动的领导者和代言人的是（    ）。【出题：武汉大学】,['温斯坦莱']
加强中华民族大团结，长远和根本的是增强（    ），积极培养中华民族共同体意识。【出题：武汉大学】,['文化认同  ']
（    ）揭开了党在思想、政治、组织等领域的全面拨乱反正，表明中国从此进入了社会主义事业发展的新时期。【出题：武汉大学】,['党的十一届三中全会']
"改革开放以来，邓小平反复强调坚持四项基本原则，其实质就是要求我们坚持（  ），即坚持以公有制为基础、实行按劳分配原则的社会主义基本经济制度，坚持共产党领导、实行人民民主专政的社会主义基本政治制度，坚持以马克思列宁主义、毛泽东思想为指导的社会主义意识形态。

",['社会主义基本制度\r\n']
我国金融服务“三农”的主力军是（    ）。【出题：武汉大学】,['农村信用合作社']
《中共中央关于加强党的政治建设的意见》指出，坚持党总揽全局、协调各方，建立健全坚持和加强党的全面领导的（    ），为把党的领导落实到改革发展稳定、内政外交国防、治党治国治军各领域各方面各环节提供坚实制度保障。【出题：武汉大学】,['制度体系 ']
2015年12月25日，由我国倡导成立的区域性金融机构——（      ）正式成立。【出题：武汉大学】,['亚洲基础设施投资银行']
苏联社会主义制度的建立和巩固，是前无古人的伟大创举，其重大历史意义是（    ）。【出题：武汉大学】,"['它极大推动了世界社会主义和民族民主运动的发展', '它极大地改变了苏联社会状况和人民生活面貌', '它使社会主义从理论和运动变为现实制度', '它为苏联军民取得反法西斯战争胜利奠定了坚实基础']"
加强协商民主制度建设，形成完整的制度程序和参与实践，保证人民在日常政治生活中有广泛持续深入参与的权利。从渠道上看，包括（    ）。【出题：武汉大学】,"['人大协商、政府协商、政协协商', '基层协商、社会组织协商', '人民团体协商', '政党协商']"
必须尊重党员主体地位、保障党员民主权利，落实党员（  ），保障全体党员平等享有党章规定的党员权利、履行党章规定的党员义务。,"['知情权', '选举权', '参与权', '监督权']"
世界上第一个民族国家范围内以科学社会主义为指导的无产阶级政党，是1869年成立的（    ）。【出题：武汉大学】,['德国社会民主工党']
2020年5月18日，国家主席习近平在第73届世界卫生大会视频会议开幕式上发表题为（    ）的致辞。,['《团结合作战胜疫情 共同构建人类卫生健康共同体》']
2020年2月3日，习近平总书记主持召开中共中央政治局常务委员会会议，指出要进一步完善和加强防控，严格落实早发现、早报告、（    ）、早治疗“四早”措施；强调要全力以赴救治患者，努力“提高收治率和治愈率”“降低感染率和病亡率”。,['早隔离']
全面深化改革在财政税收改革领域强调完善税收制度，建立（      ）和支出责任相适应的制度。【出题：武汉大学】,['事权']
统战工作的本质要求是（    ）。【出题：武汉大学】,['大团结大联合']
严明党的纪律，首要的是（    ）。【出题：武汉大学】,['严明政治纪律']
党的十九届四中全会提出，要坚持和完善人民代表大会制度这一根本政治制度，坚持和完善中国共产党领导的多党合作和政治协商制度，巩固和发展（   ）爱国统一战线，坚持和完善民族区域自治制度，健全充满活力的基层群众自治制度。【出题：武汉大学】,['最广泛的']
新时代是奋斗者的时代。新时代属于每一个人，每一个人都是新时代的（    ）。【出题：武汉大学】,"['开创者', '见证者', '建设者']"
我国周边外交的基本方针是（      ）。【出题：武汉大学】,"['体现亲、诚、惠、容的理念', '坚持与邻为善、以邻相伴', '坚持睦邻、安邻、富邻']"
“十三五”规划提出大力推进农业现代化，着力构建现代农业（    ）。【出题：武汉大学】,"['产业体系', '经营体系', '生产体系']"
我国经济已由高速增长阶段转向高质量发展阶段，正处在转变发展方式、优化经济结构、转换增长动力的攻关期，跨越关口的迫切要求和我国发展的战略目标是（    ）。【出题：武汉大学】,['建设现代化经济体系']
2014年9 月 21 日 习近平在庆祝中国人民政治协商会议成立 65 周年大会上讲话指出，（      ）是中国社会主义民主政治的特有形式和独特优势，是中国共产党的群众路线在政治领域的重要体现。【出题：武汉大学】,['社会主义协商民主']
习近平总书记主持召开中央全面深化改革委员会第十五次会议，会议强调，振兴中西部高等教育，要坚持和加强党对高校的全面领导，坚持中国特色社会主义教育发展道路，全面贯彻党的教育方针，落实立德树人根本任务，推动实现（    ）发展，推动形成同中西部开发开放格局相匹配的高等教育体系。【出题：武汉大学】,['内涵式']
（    ）是全部社会主义文献中传播最广和最具有国际性的著作，是从西伯利亚到加利福尼亚的千百万工人公认的共同纲领。【出题：武汉大学】,['《共产党宣言》']
坚持全面从严治党，必须以（    ）为根本遵循。【出题：武汉大学】,['党章']
被称为“胖五”的（    ）运载火箭，于2019年7月中下旬完成复飞，担负我国空间站建设、探月工程以及深空探测等重大工程发射任务。【出题：武汉大学】,['长征五号']
坚持党对一切工作的领导，保证（    ），顺利推进新时代中国特色社会主义各项事业，必须建立健全坚持和加强党的全面领导的制度体系，确保党的领导全覆盖，确保党的领导更加坚强有力。【出题：武汉大学】,"['市场统一', '国家统一', '法制统一', '政令统一']"
"2014年,习近平总书记在与北京大学师生座谈会上发表《青年要自觉践行社会主义核心价值观》讲话，提出了广大青年树立和培育社会主义核心价值观，要在以下几点上下功夫（   ）。【出题：武汉大学】","['要笃实，扎扎实实干事，踏踏实实做人', '要明辨，善于明辨是非，善于决断选择', '要修德，加强道德修养，注重道德实践', '要勤学，下得苦功夫，求得真学问']"
我们治国理政的根本，就是（  ）。【出题：武汉大学】,"['社会主义制度', '中国共产党的领导']"
《中国共产党党员教育管理工作条例》自（    ）起施行。【出题：武汉大学】,['2019年5月6日']
党的（    ）提出建立宪法宣誓制度。 【出题：武汉大学】,['十八届四中全会']
2020年3月6日，习近平总书记在北京出席决战决胜脱贫攻坚座谈会并发表重要讲话。他指出，到2020年现行标准下的农村贫困人口（    ）脱贫，是党中央向全国人民作出的郑重承诺，必须如期实现。【出题：武汉大学】,['全部']
2020年9月习近平总书记主持召开科学家座谈会时指出，我国面临的很多“卡脖子”技术问题，根子是基础理论研究跟不上，源头和底层的东西没有搞清楚。要持之以恒加强（   ）。【出题：武汉大学】,['基础研究']
党的十一届三中全会之后，中国的改革是从（    ）开始并率先取得突破的。【出题：武汉大学】,['农村']
全面深化改革，要健全公共安全体系，完善（    ）的食品药品安全管理机构。【出题：武汉大学】,['统一权威']
党的十八届三中全会以（      ）为主要议题。【出题：武汉大学】,['全面深化改革']
疫情虽然迅速爆发，但在短期内得到有效控制，这充分体现了中国特色社会主义制度的优势，主要有（  ）。,"['充分展现“全国一盘棋，调动各方面积极性，集中力量办大事”的体制优势', '展现了中华民族顽强的生命力和强大的凝聚力', '体现了中国共产党立党为公、执政为民的立场', '体现了社会主义的本质和中国共产党的宗旨']"
2018年9月10日，习近平总书记在全国教育大会上强调，全党全社会要弘扬尊师重教的社会风尚，努力提高教师（  ），让广大教师享有应有的社会声望，在教书育人岗位上为党和人民事业作出新的更大的贡献。【出题：武汉大学】,"['职业地位', '政治地位', '社会地位']"
党的十九大提出，到本世纪中叶，我国作为具有五千多年文明历史的古国，将焕发出前所未有的生机活力，建成社会主义现代化强国，到那时，我国（    ）将全面提升……【出题：武汉大学】,"['高度的政治文明', '高度的精神文明', '高度的社会文明和生态文明', '高度的物质文明']"
科学社会主义来源于（    ）。【出题：武汉大学】,['法国空想社会主义']
党的十九届四中全会提出，坚持和完善（  ），发展社会主义民主政治。必须坚持人民主体地位，坚定不移走中国特色社会主义政治发展道路，确保人民依法通过各种途径和形式管理国家事务，管理经济文化事业，管理社会事务。【出题：武汉大学】,['人民当家作主制度体系']
习近平总书记主持召开中央全面深化改革委员会第十五次会议，会议指出，当前经济全球化遭遇逆流，单边主义、保护主义抬头，我们决不能被逆风和回头浪所阻，要站在历史正确的一边，坚定不移（    ），增强国内国际经济联动效应，统筹发展和安全，全面防范风险挑战。【出题：武汉大学】,['扩大对外开放']
2019年1月25日，习近平总书记在中共中央政治局第十二次集体学习时的讲话强调，要运用（    ）成果，推动媒体融合向纵深发展，做大做强主流舆论，巩固全党全国人民团结奋斗的共同思想基础，为实现“两个一百年”奋斗目标、实现中华民族伟大复兴的中国梦提供强大精神力量和舆论支持。【出题：武汉大学】,['信息革命']
（      ）是立军之本和建军之魂，关系我军性质和宗旨，关系社会主义前途命运、关系党和国家长治久安。【出题：武汉大学】,['坚持党对军队的绝对领导']
中国特色社会主义坚持把国家层面民主制度同（      ）有机结合。【出题：武汉大学】,['基层民主制度']
民生工作直接同老百姓见面、对账，承诺了就要兑现。决不能开空头支票，否则就会失信于民。要（    ），持之以恒把民生工作抓好，一件事情接着一件事情办，一年接着一年干，锲而不舍向前走，让群众看到变化、得到实惠。【出题：武汉大学】,"['完善制度', '突出重点', '坚守底线', '引导预期']"
2019年7月9日，习近平总书记在中央和国家机关党的建设工作会议上强调，要在青年干部中开展（    ）专题培训，创造条件让干部在斗争实践中经风雨、见世面、长才干、壮筋骨。【出题：武汉大学】,"['强化政治理论', '防范政治风险', '提高政治能力', '增强政治定力']"
党的十八届五中全会明确，到（    ）确保我国农村贫困人口脱贫、贫困县全部摘帽，解决区域性整体贫困。【出题：武汉大学】,['2020年']
（    ）是实现国家治理体系和治理能力现代化的必然要求。   【出题：武汉大学】,['依法治国']
党支部党员大会是党支部的议事决策机构，由全体党员参加，一般每季度召开（    ）次。【出题：武汉大学】,['1']
1847年6月，正义者同盟在伦敦举行了第一次代表大会，恩格斯参加了大会。大会决定将“正义者同盟”改名为“共产主义者同盟”，并使用了新的战斗口号：（    ）。【出题：武汉大学】,['“全世界无产者，联合起来！”']
武汉军运会的会徽名为“和平友谊纽带”，由“（    ）”“和平鸽”“彩带”“7”等元素构成。【出题：武汉大学】,['五角星']
经过长期努力，中国特色社会主义进入了新时代，这是我国发展新的历史方位。中国特色社会主义进入新时代，意味着（     ）；意味着中国特色社会主义道路、理论、制度、文化不断发展，拓展了发展中国家走向现代化的途径，给世界上那些既希望加快发展又希望保持自身独立性的国家和民族提供了全新选择，为解决人类问题贡献了中国智慧和中国方案。【出题：武汉大学】,"['迎来了实现中华民族伟大复兴的光明前景；', '在世界上高高举起了中国特色社会主义伟大旗帜；', '近代以来久经磨难的中华民族迎来了从站起来、富起来到强起来的伟大飞跃；', '科学社会主义在二十一世纪的中国焕发出强大生机活力；']"
推进公正司法，必须深化司法体制改革。要按照（    ）的要求，从确保依法独立公正行使审判权检察权、健全司法权力运行机制、完善人权司法保障制度三个方面，着力破解体制性、机制性、保障性障碍，不断提高司法公信力。【出题：武汉大学】,"['公开公正', '尊重程序', '权责统一', '权力制约']"
在全党开展以（    ）为主要内容的党的群众路线教育实践活动，是党的十八大作出的一项重要决策。【出题：武汉大学】,"['为民', '务实', '清廉']"
空想社会主义的奠基人是（    ）。【出题：武汉大学】,['莫尔']
2016年10月22日，中国首个知识产权法庭落户（      ）。【出题：武汉大学】,['北京']
（  ），是我们党一切行动的根本出发点和落脚点，是我们党区别于其他一切政党的根本标志。,['全心全意为人民服务']
（    ）是解决我国一切问题的基础和关键。【出题：武汉大学】,['发展']
2016年2月19日，习近平总书记主持召开党的新闻舆论工作座谈会，指出在新的时代条件下，党的新闻舆论工作要把（      ）放在第一位。【出题：武汉大学】,['坚持正确政治方向']
《乡村振兴战略规划（2018-2022年）》是我国出台的第一个全面推进乡村振兴战略的五年规划，是统筹谋划和科学推进乡村振兴战略这篇大文章的行动纲领。实施乡村振兴战略的总目标是（    ）。【出题：武汉大学】,['农业农村现代化']
（    ）被公认为“千年第一思想家”。【出题：武汉大学】,['马克思']
《党政领导干部选拔任用工作条例》规定，提任县处级以上领导职务的，一般应当具有在下一级（    ）以上职位任职的经历。【出题：武汉大学】,['两个']
维护（    ）是全国各族人民根本利益所在。【出题：武汉大学】,['国家安全']
党的十八大报告指出，要全面推进各领域基层党建工作，扩大党组织和党的工作覆盖面，加大（    ）党建工作力度。【出题：武汉大学】,"['社会组织', '非公有制经济组织 ']"
2016年8月16日，中国成功发射世界首颗量子科学实验卫星（      ）。【出题：武汉大学】,['墨子号']
习近平总书记在中央第七次西藏工作座谈会上强调要全面贯彻新时代党的治藏方略，其中指出要牢固树立绿水青山就是金山银山的理念，坚持对历史负责、对人民负责、对世界负责的态度，把（    ）摆在更加突出的位置，守护好高原的生灵草木、万水千山，把青藏高原打造成为全国乃至国际生态文明高地。【出题：武汉大学】,['生态文明建设']
国际共产主义运动史上最早建立的具有国际性的无产阶级政党是（    ）。【出题：武汉大学】,['共产主义者同盟']
2015年10月29日，习近平在十八届五中全会第二次全体会议上阐述新发展理念，强调坚持创新发展、（      ）、 绿色发展、开放发展、共享发展，是关系我国发展全局的一场深刻变革。【出题：武汉大学】,['协调发展']
（    ）是党的根本性建设，决定党的建设方向和效果。【出题：武汉大学】,['政治建设']
党的十九届四中全会提出，坚持和完善（  ），提高党科学执政、民主执政、依法执政水平。【出题：武汉大学】,['党的领导制度体系']
全面深化改革，健全城乡一体化发展，推进城市化建设管理创新，建立透明规范的城市建设投融资机制，允许地方政府通过发债等多种方式拓宽城市建设融资渠道，允许（    ）通过特许经营等方式参与城市基础设施投资和运营。【出题：武汉大学】,['社会资本']
党的十八大报告指出，经济体制改革的核心问题是处理好政府和（    ）的关系。【出题：武汉大学】,['市场']
当今世界，经济社会发展越来越依赖于理论、制度、科技、文化等领域的创新，国际竞争新优势也越来越体现在创新能力上。下面关于坚持创新发展的说法错误的是（      ）。【出题：武汉大学】,['要超前谋划、超前部署，紧紧围绕国家安全的核心关键']
坚持社会主义市场经济改革方向，核心问题是处理好（      ）的关系。【出题：武汉大学】,['政府和市场']
（    ）年12月11日，中共中央办公厅印发《关于培育和践行社会主义核心价值观的意见》。意见指出，富强、民主、文明、和谐，自由、平等、公正、法治，爱国、敬业、诚信、友善，是社会主义核心价值观的基本内容。【出题：武汉大学】,['2013']
（  ）是一个国家、一个民族的灵魂。 【出题：武汉大学】,['文化']
2019年是希望工程实施30周年，习近平总书记寄语希望工程。他指出，让青少年健康成长，是国家和民族的未来所系。进入新时代，（    ）要把希望工程这项事业办得更好，努力为青少年提供新助力、播种新希望。【出题：武汉大学】,['共青团']
党的十九大报告指出，中国特色社会主义进入新时代，我国社会主要矛盾已经转化为人民日益增长的美好生活需要和不平衡不充分的发展之间的矛盾。我国社会主要矛盾的变化（    ）。【出题：武汉大学】,"['没有改变我国是世界最大发展中国家的国际地位', '是关系全局的历史性变化', '没有改变我们对我国社会主义所处历史阶段的判断', '没有改变我国仍处于并将长期处于社会主义初级阶段的基本国情']"
中国特色社会主义的三大历史任务是（      ）。【出题：武汉大学】,"['完成祖国统一', '维护世界和平与促进共同发展', '推进现代化建设 ']"
2014年12月9日，习近平同志在中央经济工作会议上指出，我国当前经济发展正处于（    ）“三期叠加”。【出题：武汉大学】,"['结构调整振动期', '速度换挡期   ', '前期刺激政策消化期']"
发展为了（    ），是马克思主义政治经济学的根本立场。 【出题：武汉大学】,['人民']
2019年9月3日，习近平总书记在中央党校（国家行政学院）中青年干部培训班开班式上指出，中华民族伟大复兴，绝不是轻轻松松、敲锣打鼓就能实现的，实现伟大梦想必须进行（    ）。【出题：武汉大学】,['伟大斗争']
（    ）是强军之要。 【出题：武汉大学】,['能打仗、打胜仗']
纪律严明是党的光荣传统和独特优势。那么严明党的纪律，首要的就是严明（   ）。【出题：武汉大学】,['政治纪律']
中国共产党之所以能够历经艰难困苦而不断发展壮大，很重要的一个原因就是我们党始终重视（  ）、（  ），使全党始终保持统一的思想、坚定的意志、协调的行动、强大的战斗力。,"['理论强党', '思想建党']"
习近平在纪念中国人民抗日战争暨世界反法西斯战争胜利75周年座谈会上的讲话中指出，（  ）中国人民都绝不答应！【出题：武汉大学】,"['任何人任何势力企图通过霸凌手段把他们的意志强加给中国、改变中国的前进方向、阻挠中国人民创造自己美好生活的努力', '任何人任何势力企图歪曲中国共产党的历史、丑化中国共产党的性质和宗旨', '任何人任何势力企图破坏中国人民的和平生活和发展权利、破坏中国人民同其他国家人民的交流合作、破坏人类和平与发展的崇高事业', '任何人任何势力企图把中国共产党和中国人民割裂开来、对立起来', '任何人任何势力企图歪曲和改变中国特色社会主义道路、否定和丑化中国人民建设社会主义的伟大成就']"
在《乌托邦》一书中，乌托邦人的基本职业是（    ）。【出题：武汉大学】,['手工业']
（    ）是保持党的团结统一的思想基础。【出题：武汉大学】,['共产主义远大理想和中国特色社会主义共同理想']
深化经济体制改革，核心是处理好（    ）。【出题：武汉大学】,['政府和市场关系']
习近平总书记在中央和国家机关党的建设工作会议上的讲话中指出，要以（    ）为重点，锻造坚强有力的机关基层党组织。【出题：武汉大学】,['提升组织力']
注重（      ）是全面深化改革的内在要求，也是推进改革的重要方法。【出题：武汉大学】,['系统性、整体性、协同性']
人类社会发展的事实证明，（    ）是最可靠、最稳定的治理。【出题：武汉大学】,['依法治理']
2014年10月23日，党的十八届四中全会通过《关于全面推进依法治国若干重大问题的决定》。指出全面推进依法治国的总目标是（      ）。【出题：武汉大学】,"['建设中国特色社会主义法治体系', '建设社会主义法治国家']"
对党忠诚，就是要与党中央同心同德，听党指挥、为党尽责，严守党的政治纪律和政治规矩，始终在（  ）上同党中央保持高度一致。【出题：武汉大学】,"['政治原则', '政治道路', '政治方向', '政治立场']"
2019年5月15日至22日，首届亚洲文明对话大会在北京举行。习近平总书记在开幕式上发表《深化文明交流互鉴，共建亚洲命运共同体》主旨演讲，呼吁坚持（    ），共同创造亚洲文明和世界文明的美好未来。【出题：武汉大学】,"['美人之美、美美与共', '开放包容、互学互鉴', '相互尊重、平等相待', '与时俱进、创新发展']"
空想社会主义产生的前提是（    ）。【出题：武汉大学】,['资本主义生产方式的出现']
武汉军运会的吉祥物名为（    ），设计灵感来源于中国一级保护野生动物中华鲟。其棱角分明的外形和逆流而上、洄游迁徙的习性与军人坚韧硬朗气质契合。【出题：武汉大学】,['兵兵  ']
党的十六大报告全面阐述“三个代表”的科学内涵和根本要求，指出贯彻“三个代表”重要思想，关键在坚持（  ），核心在坚持（  ），本质在坚持（  ）。,['与时俱进，党的先进性，执政为民']
1978年7月28日，（  ）发生强烈地震。在党中央领导关怀下，在全国人民和解放军的大力支援下，灾区人民奋起抗灾，重建家园。,['河北唐山']
（      ）是保护生态环境的根本之策。【出题：武汉大学】,['节约资源']
在巴黎公社失败后，公社委员、无产阶级诗人欧仁·鲍狄埃在巴黎近郊创作了诗歌《英特纳雄耐尔》。17年后，工人作曲家狄盖特为它谱了曲。列宁指出，这首歌曲即（    ）是全世界无产阶级的歌。【出题：武汉大学】,['《国际歌》']
我们科技总体上与发达国家比有差距，要采取（    ）赶超战略。【出题：武汉大学】,['非对称 ']
坚持社会主义市场经济改革方向，使（    ）在资源配置中起决定性作用。【出题：武汉大学】,['市场']
加强生态文明宣传教育，需要增强全民的（  ）。【出题：武汉大学】,"['节约意识', '环保意识', '生态意识']"
2019年3月18日，习近平主持召开学校思想政治理论课教师座谈会时讲话强调，办好思想政治理论课，最根本的是要全面贯彻（    ）。【出题：武汉大学】,['党的教育方针']
党的（      ）确定科学发展观为党的指导思想。【出题：武汉大学】,['十八大']
党的十八大做出了加快从要素驱动、投资规模驱动为主转向（      ）驱动发展为主的战略的重大部署。【出题：武汉大学】,['创新']
中国共产党一经成立，就把实现（    ）作为党的最高理想和最终目标。【出题：武汉大学】,['共产主义']
中国共产党第十六次全国代表大会上，江泽民明确回答了在新世纪新阶段党要（  ）等重大问题。,['举什么旗、走什么路、实现什么样的发展目标']
外交工作要坚持正确义利观，多向（      ）提供力所能及的帮助。【出题：武汉大学】,['发展中国家']
习近平总书记在纪念中国人民抗日战争暨世界反法西斯战争胜利75周年座谈会上的讲话中指出，中国人民抗日战争是近代以来中国人民反抗外敌入侵（    ）的民族解放斗争，也是第一次取得完全胜利的民族解放斗争。【出题：武汉大学】,"['持续时间最长', '规模最大', '牺牲最多']"
要坚持（    ），全面提高国防和军队现代化水平，把人民军队建设成为世界一流军队。【出题：武汉大学】,"['政治建军', '改革强军', '依法治军', '科技兴军']"
下列（    ）不属于协商民主的渠道。【出题：武汉大学】,['公民协商']
2014年10月23日，中共（      ）通过《关于全面推进依法治国若干重大问题的决定》，指出全面推进依法治国的总目标是建设中国特色社会主义法治体系，建设社会主义法治国家。【出题：武汉大学】,['十八届四中全会']
（  ）是我们党的生命线和根本工作路线，是我们党永葆青春活力和战斗力的重要传家宝。,['群众路线']
发展社会主义（  ），建设社会主义（  ），是社会主义现代化建设的重要目标。,['政治民主，政治文明']
十八大指出，（    ）关乎党的命脉，关乎国家前途、民族命运、人民幸福。【出题：武汉大学】,['道路 ']
为中华民族谋复兴是中国共产党人的使命。关于共产党人担使命的叙述正确的是（      ）。【出题：武汉大学】,"['增长实践经验', '保持斗争精神', '牢记历史使命']"
党的十九大对新时代全面推进依法治国提出了新任务，描绘了到二○三五年基本建成（    ）的宏伟蓝图。【出题：武汉大学】,"['法治社会', '法治国家', '法治政府']"
全面推进依法治国，必须努力形成国家法律法规和党内法规制度（  ）的格局。【出题：武汉大学】,"['互相保障', '互相促进', '相辅相成']"
斯大林继承和发展了列宁关于社会主义可能在一国或数国首先取得胜利的思想，形成了较为完整的（    ）。【出题：武汉大学】,['“一国建成社会主义”理论']
2020年8月24日，中共中央总书记、国家主席、中央军委主席习近平在中南海主持召开经济社会领域专家座谈会并发表重要讲话强调，要以（  ）为主构建新发展格局。【出题：武汉大学】,['畅通国民经济循环']
坚持城乡环境治理并重，加大农业面源污染防治力度，统筹（    ）、改水改厕、垃圾处理，推进种养业废弃物资源化利用、无害化处置。 ,['农村饮水安全 ']
党的（    ）强调，把党的领导贯彻到依法治国全过程和各方面，是我国社会主义法治建设的一条基本经验。【出题：武汉大学】,['十八届四中全会']
我们党作为马克思主义政党，（    ）是突出的特点和优势。【出题：武汉大学】,['讲政治']
习近平总书记主持召开中央全面深化改革委员会第十三次会议强调，深化改革，健全制度，完善治理体系，善于运用（    ）应对风险挑战冲击。【出题：武汉大学】,['制度优势']
2020年9月3日，习近平等党和国家领导人同首都各界代表一起，在中国人民抗日战争纪念馆向抗战烈士敬献花篮。2020年9月3日是中国人民抗日战争暨世界反法西斯战争胜利（   ）周年纪念日。【出题：武汉大学】,['75']
党的十九届四中全会提出，要建立（  ），完善坚定维护党中央权威和集中统一领导的各项制度，健全党的全面领导制度，健全为人民执政、靠人民执政各项制度，健全提高党的执政能力和领导水平制度，完善全面从严治党制度。【出题：武汉大学】,['不忘初心、牢记使命的制度']
2016年10月1日，人民币正式加入国际货币基金组织（      ）货币篮子。【出题：武汉大学】,['特别提款权']
2015年12月18日，习近平总书记在中央经济工作会议上强调，推进（      ），是适应和引领经济发展新常态的重大创新。【出题：武汉大学】,['供给侧结构性改革']
中国特色的大国外交要（    ）。【出题：武汉大学】,['推动构建新型国际关系，推动构建人类命运共同体']
当一名共产党员，首先要解决好（  ）的问题，不懂马克思主义基本原理，不学习党的创新理论，不信奉党的政治主张，不是一名合格的共产党员。,['政治合格']
走中国特色社会主义政治发展道路，必须积极稳妥推进政治体制改革。当前的重点任务，就是适应新时代中国特色社会主义发展要求，深化党和国家机构改革。深化党和国家机构改革必须（    ）。【出题：武汉大学】,['以国家治理体系和治理能力现代化为导向']
党的十九大报告提出，党的基础性建设是（    ）。【出题：武汉大学】,['思想建设']
坚持人与自然和谐共生，必须树立和践行（    ）的理念。【出题：武汉大学】,['绿水青山就是金山银山']
“十三五”规划提出大力推进农业现代化，深化农村土地制度改革，完善土地（    ）分置办法，依法推进土地经营权有序流转，培养构建新型农业经营主体的政策体系。【出题：武汉大学】,"['承包权', '所有权', '经营权']"
"邓小平说：“在改革中，我们始终坚持两条根本原则，（  ）。”毫不动摇地坚持公有制和按劳分配，维护公有制和按劳分配的主体地位，是体现社会主义本质的前提。
","['一是以社会主义公有制为主体\r\n', '一是共同富裕\r\n']"
2018年12月19日至21日，中央经济工作会议在北京举行。会议确定，要深化（    ）制度改革，在加快省级统筹的基础上推进养老保险全国统筹，把更多救命救急的好药纳入医保。【出题：武汉大学】,['社会保障']
党的十八大强调，中国特色社会主义的总依据是（      ）。【出题：武汉大学】,['社会主义初级阶段']
1985年6月3日，《人民日报》报道，中纪委强调，在纠正新的不正之风中，一定要分清楚问题的（  ），划清政策界限。,['性质']
与马克思共同完成《共产党宣言》的是（    ）。【出题：武汉大学】,['恩格斯']
宣传思想工作创新，重点要抓好（  ）。【出题：武汉大学】,"['理念创新', '基层工作创新', '手段创新']"
“三个代表”重要思想的内涵是（  ）。,"['始终代表中国先进生产力的发展要求', '代表中国最广大人民的根本利益', '代表中国先进文化的前进方向']"
中国外交政策的宗旨是（    ）。【出题：武汉大学】,['维护世界和平、促进共同发展']
（  ）是中国特色社会主义最本质的特征，是中国特色社会主义制度的最大优势。,['中国共产党的领导']
习近平总书记在党的十八届五中全会第二次全体会议上谈到全面建成小康社会的重点难点问题，不包括（      ）。【出题：武汉大学】,['发展速度问题']
党十八大提出将（      ）确定为新中国成立100周年的奋斗目标。【出题：武汉大学】,['建成富强民主文明和谐的社会主义国家']
全面建成小康社会的基本标志是（    ）。【出题：武汉大学】,['农村贫困人口脱贫']
《乡村振兴战略规划（2018-2022年）》是我国出台的第一个全面推进乡村振兴战略的五年规划，是统筹谋划和科学推进乡村振兴战略这篇大文章的行动纲领。实施乡村振兴战略的总方针是（    ）。【出题：武汉大学】,['坚持农业农村优先发展']
在社会主义核心价值观中，（  ）是社会层面的价值要求。【出题：武汉大学】,"['平等', '法治', '公正', '自由']"
2019年3月1日，习近平总书记在中央党校（国家行政学院）中青年干部培训班开班式上指出，干部要把（    ）放在心中最高位置。【出题：武汉大学】,['人民 ']
"习近平指出：“邓小平同志留给我们的最重要的思想和政治遗产，就是他带领党和人民开创的（  ），就是他创立的邓小平理论。”  

",['中国特色社会主义        \r\n']
（    ）是强军之魂。 【出题：武汉大学】,['坚决听党指挥 ']
党支部应按照规定，向（    ）通报党的工作情况，公开党内有关事务。【出题：武汉大学】,['党员和群众']
坚定不移走中国特色社会主义法治道路，要完善以（    ）为核心的中国特色社会主义法律体系。【出题：武汉大学】,['宪法']
马克思逝世于（    ）。【出题：武汉大学】,['1883年']
2018年12月19日至21日，中央经济工作会议在北京举行。会议指出，宏观政策要强化逆周期调节，继续实施积极的财政政策和稳健的（    ）政策，适时预调微调，稳定总需求。【出题：武汉大学】,['货币']
2005年1月，中共中央发出《关于印发的通知》，《纲要》是当前和今后一个时期深入开展（  ）和（  ）的指导性文件。,"['党风廉政建设', '反腐败工作']"
党的八届二中全会讨论1957年的计划和预算时，周恩来提出1957年应实行（    ）的方针。【出题：武汉大学】,['“保证重点，适当收缩”']
全面深化改革总目标是（    ）。【出题：武汉大学】,['完善和发展中国特色社会主义制度、推进国家治理体系和治理能力现代化']
经习近平主席批准，中央军委印发《关于加强新时代军队审计工作的意见》（以下简称《意见》），《意见》明确，军队审计工作以习近平新时代中国特色社会主义思想为指导，深入贯彻习近平强军思想，贯彻军委主席负责制，以问题为导向强化审计监督，持续推进审计监督全覆盖，持续推进（   ），努力建设符合我国国情、具有我军特色的现代军队审计制度。【出题：武汉大学】,"['科技强审', '廉洁从审', '依法施审', '政治建审']"
2020年2月4日，用于接诊收治新型冠状病毒感染的肺炎患者的专门医院武汉（    ）开始接诊首批患者。,['火神山']
（   ）是最根本的党内法规，是管党治党的总规矩。【出题：武汉大学】,['党章']
2020年9月4日，习近平总书记在2020年中国国际服务贸易交易会全球服务贸易峰会上致辞。他指出，中国将坚定不移扩大对外开放，建立健全（    ），推进服务贸易创新发展试点开放平台建设，继续放宽服务业市场准入，主动扩大优质服务进口。【出题：武汉大学】,['跨境服务贸易负面清单管理制度']
2020年9月4日，习近平总书记在2020年中国国际服务贸易交易会全球服务贸易峰会上致辞，指出为更好发挥北京在中国（    ）开放中的引领作用，我们将支持北京打造国家服务业扩大开放综合示范区，加大先行先试力度，探索更多可复制可推广经验。【出题：武汉大学】,['服务业']
《共产党宣言》把马克思主义哲学、政治经济学和（    ）融为一体。【出题：武汉大学】,['科学社会主义']
中共中央政治局2020年8月31日召开会议，审议《关于十九届中央第五轮巡视情况的综合报告》，会议强调中央和国家机关是贯彻落实党中央决策部署的（   ），要深入学习贯彻习近平新时代中国特色社会主义思想，在学懂弄通做实上下功夫，在结合实际创造性贯彻落实上下功夫。【出题：武汉大学】,['“最初一公里”']
19世纪末，一些俄国资产阶级思想家借用马克思反对封建专制的某些词句，在当时合法报刊上发表有利于资产阶级的文章，从理论上否认社会主义在俄国发展的客观必然性，极力美化资本主义制度，被称为（     ）。【出题：武汉大学】,['“合法马克思主义”']
不论处在什么发展水平上，（    ）都是社会公平正义的重要保证。 【出题：武汉大学】,['制度']
习近平总书记在2016年10月27日“严肃党内政治生活”的讲话中表示，党内政治生活、政治生态、政治文化是相辅相成的，（  ）是政治生活的灵魂，对政治生态具有潜移默化的影响。,['政治文化']
中国特色社会主义最本质的特征是（    ）。【出题：武汉大学】,['中国共产党的领导']
（      ）是政法工作的基本任务。【出题：武汉大学】,['维护社会大局稳定']
闵采尔是早期空想社会主义主要代表人物之一，其著作有（    ）。【出题：武汉大学】,"['《告捷克人民书》', '《对诸侯讲道》', '《书简》']"
2019年7月30日，中共中央政治局召开会议。会议要求，深挖国内需求潜力，拓展扩大最终需求，有效启动（    ），多用改革办法扩大消费。【出题：武汉大学】,['农村市场']
全面深化改革，要优化政府组织结构，转变政府职能必须深化（    ）。【出题：武汉大学】,['机构改革']
巩固和发展爱国统一战线，要高举爱国主义、社会主义旗帜，牢牢把握大团结大联合的主题，坚持一致性和多样性的统一，找到最大公约数，（  ）。,['画出最大同心圆']
（      ）是中国特色社会主义的根本任务。【出题：武汉大学】,['解放和发展社会生产力']
2017年1月18日，习近平在日内瓦万国宫出席“共商共筑人类命运共同体”高级别会议并发表主旨演讲，主张共同推进构建人类命运共同体伟大进程，坚持（      ），建设一个持久和平、普遍安全、共同繁荣、开放包容、清洁美丽的世界。【出题：武汉大学】,['对话协商、共建共享、合作共赢、交流互鉴、绿色低碳']
1867年，马克思的（    ）在德国汉堡正式出版。早在三年前成立的国际工人协会，也就是第一国际，很快通过决议，把这部著作称为“工人阶级的圣经”。【出题：武汉大学】,['《资本论》']
（    ）是我们党一切行动的根本出发点和落脚点，是我们党区别于其他一切政党的根本标志。【出题：武汉大学】,['全心全意为人民服务']
2018年12月8日，嫦娥四号探测器在我国（  ）发射成功。【出题：武汉大学】,['西昌发射基地']
推进国家治理体系和治理能力现代化，要实现党、国家、社会各项事务治理（      ）。【出题：武汉大学】,"['制度化 ', '程序化', '法制化']"
2018年11月9日，习近平总书记向国家综合性消防救援队伍授旗并致训词时指出，长期以来，（    ）队伍作为同老百姓贴得最近、联系最紧的队伍，有警必出、闻警即动，奋战在人民群众最需要的地方，特别是在重大灾害事故面前，你们不畏艰险、冲锋在前，作出了突出贡献。【出题：武汉大学】,['消防 ']
2014年2月27日，十二届全国人大常委会第七次会议通过《关于确定中国人民抗日战争胜利纪念日的决定》，将（   ）确定为中国人民抗日战争胜利纪念日。【出题：武汉大学】,['9月3日']
2020年5月15日，中共中央总书记习近平主持召开政治局会议，讨论国务院拟提请第十三届全国人民代表大会第三次会议审议的《政府工作报告》稿，指出做好今年工作全面落实“六保”任务。其中“六保”指的是保居民就业、保（  ）、保市场主体、保粮食能源安全、保产业链供应链稳定、保基层运转。,['基本民生']
马克思认为，在共产主义社会的第一阶段，由于生产力发展水平等方面的限制，个人消费品分配只能实行（    ）原则。【出题：武汉大学】,['\xa0“各尽所能，按劳分配”']
《党政领导干部选拔任用工作条例》规定，（    ）部门应当深化对干部的日常了解，坚持知事识人，把功夫下在平时，全方位、多角度、近距离了解干部。根据日常了解情况，对领导班子和领导干部进行综合分析研判，为党委（党组）选人用人提供依据和参考。【出题：武汉大学】,['组织（人事）']
习近平同志在党的十九大报告中指出，实现伟大梦想，必须（    ）。【出题：武汉大学】,"['建设伟大工程', '推进伟大事业', '进行伟大斗争']"
坚持党对一切工作的领导，既要政治过硬，也要本领高强。要着力提高党（    ）的能力和定力，善于处理各种复杂矛盾，勇于战胜各种艰难险阻。,"['谋大局', '定政策', '把方向', '促改革']"
党的十九大报告指出：“全面贯彻党的民族政策，深化民族团结进步教育，铸牢中华民族（    ）意识，加强各民族交往交流交融，促进各民族像石榴籽一样紧紧抱在一起，共同团结奋斗、共同繁荣发展。”【出题：武汉大学】,['共同体']
习近平总书记强调：“没有高度的文化自信，没有文化的繁荣兴盛，就没有中华民族伟大复兴。”坚定中国特色社会主义道路自信、理论自信、制度自信，说到底是要坚定（    ）自信。【出题：武汉大学】,['文化']
马克思领导创建的世界上第一个无产阶级政党是（    ）。【出题：武汉大学】,['共产主义者同盟']
建设统一开放、竞争有序的市场体系，是使市场在资源配置中起（    ）作用的基础。【出题：武汉大学】,['决定性']
加强和创新社会治理，核心是（    ）。  【出题：武汉大学】,['人']
2014年10月15日，习近平主持召开文艺工作座谈会，强调只有牢固树立（      ），真正做到了以人民为中心，文艺才能发挥最大正能量。【出题：武汉大学】,['马克思主义文艺观']
（    ）是马克思主义最鲜明的品格。【出题：武汉大学】,['人民性']
16-17世纪的空想社会主义的主要代表人物有（    ）。【出题：武汉大学】,"['康帕内拉', '莫尔', '闵采尔']"
生态环境保护是功在当代、利在千秋的事业。要清醒认识保护生态环境、治理环境污染的紧迫性和艰巨性，清醒认识加强生态文明建设的重要性和必要性。以下选项内容正确的是（      ）。【出题：武汉大学】,"['树立尊重自然、顺应自然、保护自然的生态文明理念', '坚持节约资源和保护环境的基本国策', '坚持节约优先、保护优先、自然恢复为主的方针']"
1867年问世的（      ）是马克思主义最厚重、最丰富的著作，被誉为“工人阶级的圣经”。【出题：武汉大学】,['《资本论》']
完善财税制度，要对中央和地方按照事权相应的承担和分担支出责任，中央通过（    ）承担一部分地方事权支出责任。【出题：武汉大学】,['转移支付']
做好人民政协工作，必须坚持（    ）。  【出题：武汉大学】,['党的领导']
习近平总书记在《思政课是落实立德树人根本任务的关键课程》中指出，办好思政课，就是要开展（    ），用新时代中国特色社会主义思想铸魂育人，引导学生增强中国特色社会主义道路自信、理论自信、制度自信、文化自信，厚植爱国主义情怀，把爱国情、强国志、报国行自觉融入坚持和发展中国特色社会主义、建设社会主义现代化强国、实现中华民族伟大复兴的奋斗之中。【出题：武汉大学】,['马克思主义理论教育']
2019年11月8日至10日，习近平主席出席中央军委基层建设会议并发表重要讲话。他指出，要坚持战斗力标准，强化（    ）思想，把备战打仗指挥棒在基层牢固立起来，按照对战斗力的贡献率统筹各项建设。【出题：武汉大学】,['战斗队']
党的十九届四中全会提出，要实行最严格的生态环境保护制度，全面建立资源（   ）制度，健全生态保护和修复制度，严明生态环境保护责任制度。【出题：武汉大学】,['高效利用']
实现中华民族伟大复兴是中华民族近代以来最伟大的梦想，这个梦想既是强国梦，也是强军梦。要实现这个梦想，必须努力建设巩固国防和强大军队，这要求军队要（      ）。【出题：武汉大学】,"['从严治军', '依法治军', '听党指挥', '能打仗，打胜仗']"
2014年2月27日，十二届全国人大常委会第七次会议通过《关于设立南京大屠杀死难者国家公祭日的决定》，将（      ）设立为南京大屠杀死难者国家公祭日。【出题：武汉大学】,['12 月 13 日']
健全城乡发展一体化机制，鼓励农村发展合作经济，扶持发展规模化、专业化、现代化经营，允许财政项目资金直接投向符合条件的（    ）。【出题：武汉大学】,['合作社']
2019年11月8日至10日，习近平主席出席中央军委基层建设会议并发表重要讲话。他指出，要用信任的眼光、欣赏的眼光、发展的眼光看待基层官兵，探索构建新时代（    ），提高教育针对性和实效性。【出题：武汉大学】,['思想政治教育体系']
北京时间2019年1月3日10时26分，嫦娥四号探测器成功着陆在月球背面东经177.6度、南纬45.5度附近的预选着陆区，并通过“（    ）”中继星传回了世界第一张近距离拍摄的月背影像图。【出题：武汉大学】,['鹊桥']
十三届全国人大一次会议对我国宪法部分内容进行了修改，党的指导思想包括马克思列宁主义、毛泽东思想、（  ）。,"['“三个代表”重要思想', '习近平新时代中国特色社会主义思想', '科学发展观', '邓小平理论']"
在中国共产党的领导下，全国上下打响了抗击疫情的人民战争、总体战、阻击战。其中我们党对于抗击疫情提出的总要求是（  ）。,"['科学防治', '同舟共济', '精准施策', '坚定信心']"
党的十八大提出实施创新驱动发展战略，强调（    ）是提高社会生产力和综合国力的战略支撑。【出题：武汉大学】,['科技创新']
加强和创新社会治理，关键在（    ）。   【出题：武汉大学】,['体制创新']
全面深化改革，要发展社会主义民主政治，发挥（    ）制度的根本政治制度作用。【出题：武汉大学】,['人民代表大会']
加快实施创新驱动发展战略，必须发挥（    ）对创新驱动的引领和支撑作用。【出题：武汉大学】,['科学技术研究 ']
在社会主义核心价值观中，（  ）是公民层面的价值要求。【出题：武汉大学】,"['敬业', '诚信', '爱国', '友善']"
17岁的马克思在他的高中毕业作文（    ）中这样写道：“如果我们选择了最能为人类而工作的职业，那么，重担就不能把我们压倒，因为这是为大家作出的牺牲；那时我们所享受的就不是可怜的、有限的、自私的乐趣，我们的幸福将属于千百万人，我们的事业将悄然无声地存在下去，但是它会永远发挥作用，而面对我们的骨灰，高尚的人们将洒下热泪。”【出题：武汉大学】,['《青年在选择职业时的考虑》']
2018年12月19日至21日，中央经济工作会议在北京举行，会议指出，要巩固“（    ）”成果，推动更多产能过剩行业加快出清，降低全社会各类营商成本，加大基础设施等领域补短板力度。【出题：武汉大学】,['三去一降一补']
闵采尔设想的“千载太平天国”的实现途径是（    ）。【出题：武汉大学】,['暴力变革']
由我国倡导建立的（    ），是当代国际关系中的一次重要外交实践，首倡以互相信任、裁军与合作安全为内涵的新型安全观。【出题：武汉大学】,['上海合作组织']
从党的十四大以来，我们对市场在资源配置上作用的认识不断深化，十八届三中全会对于市场的作用作了新的表述，即（      ）。【出题：武汉大学】,['使市场在资源配置中起决定性作用']
2020年1月25日，中共中央总书记习近平主持召开中共中央政治局常务委员会会议，明确强调集中患者、集中专家、集中资源、（    ）“四集中”原则，将重症病例集中到综合力量强的定点医疗机构进行救治，及时收治所有确诊病人。,['集中救治']
党的十八大报告提出，加快完善社会主义市场经济体制，要更大程度更大范围发挥（    ）在资源配置中的基础性作用。【出题：武汉大学】,['市场']
在精准扶贫的工作中，一些地方出现干部作用发挥有余、群众作用发挥不足现象。下面有利于解决这一现象的措施是（      ）。【出题：武汉大学】,['弘扬中华民族勤劳致富和孝亲敬老的传统美德']
站在历史新的更高起点上，以习近平同志为核心的党中央综合分析国际国内形势和我国发展条件，对新时代推进社会主义现代化建设作出新的顶层设计，提出从二〇二〇年到（    ），在全面建成小康社会的基础上，分两步走全面建成社会主义现代化强国。【出题：武汉大学】,['本世纪中叶']
中国共产党以（    ）为根本组织制度和领导制度。【出题：武汉大学】,['民主集中制']
2020年3月26日，习近平总书记在北京出席二十国集团领导人应对新冠肺炎特别峰会并发表题为《携手抗疫共克时艰》的重要讲话倡议。具体内容为：第一，坚决打好新冠肺炎疫情防控全球阻击战。第二，有效开展国际联防联控。第三，积极支持国际组织发挥作用。第四，加强国际宏观（    ）协调。【出题：武汉大学】,['经济政策']
2019年7月30日，习近平总书记在中共中央政治局第十六次集体学习时强调，党的十八大以来，党中央着眼于实现中国梦强军梦，深化国防和军队改革，有效解决了制约国防和军队建设的体制性障碍、结构性矛盾，实现我军组织架构历史性变革、力量体系（    ）重塑。【出题：武汉大学】,['革命性']
党的十九大报告指出，发展社会主义先进文化，不忘本来、吸收外来、面向未来，更好构筑（    ），为人民提供精神指引。,"['中国价值', '中国精神', '中国力量']"
在资源配置中起决定性作用的是（    ）。【出题：武汉大学】,['市场']
马克思主义认为，（    ）是全部社会生活的物质前提。【出题：武汉大学】,['物质生产力']
（    ）是京津冀协同发展的实体内容和关键支撑。【出题：武汉大学】,['产业一体化']
"（    ）是社会发展的最根本的决定性因素，社会主义的根本任务是发展生产力。
",['生产力\r\n\r\n']
党的建设面临的根本问题和时代课题是（      ）。【出题：武汉大学】,['保持党的先进性和纯洁性，巩固党的执政基础和执政地位']
十八届三中强调必须毫不动摇巩固和发展公有制经济，坚持公有制经济主体，发挥国有经济主导作用，不断增强国有经济（      ）。【出题：武汉大学】,"['控制力', '活力', '影响力']"
（    ）决定文化前进方向和发展道路。【出题：武汉大学】,['意识形态']
2019年3月18日，习近平总书记在学校思想政治理论课教师座谈会上强调，新时代贯彻党的教育方针，要坚持马克思主义指导地位，贯彻新时代中国特色社会主义思想，坚持社会主义办学方向，落实立德树人的根本任务，坚持教育为人民服务、为中国共产党（    ）服务、为巩固和发展中国特色社会主义制度服务、为改革开放和社会主义现代化建设服务。【出题：武汉大学】,['治国理政']
2019年5月15日，国家主席习近平在亚洲文明对话大会开幕式上指出，亚洲是人类最早的定居地之一，也是人类文明的重要发祥地。亚洲地大物博、山河秀美，在世界三分之一的陆地上居住着全球三分之二的人口，47个国家、1000多个（    ）星罗棋布。【出题：武汉大学】,['民族']
2014年8月31日，十二届全国人大常委会第十次会议通过《关于设立烈士纪念日的决定》，将（      ）设立为烈士纪念日。【出题：武汉大学】,['9月30日']
“四个伟大”即伟大斗争、伟大工程、伟大事业、伟大梦想是紧密联系、相互贯通、相互作用的，其中起决定性作用的是（  ）。,['伟大工程']
（      ）是社会主义民主政治的根本保障。【出题：武汉大学】,"['规范化', '制度化 ', '程序化']"
开展党的群众路线教育实践活动，有助于（      ）。【出题：武汉大学】,"['解决群众反映强烈的突出问题', '实现党的十八大确定的奋斗目标', '保持党的先进性和纯洁性', '巩固党的执政基础和执政地位']"
十八大以来，中国最大的国情是（    ）。【出题：武汉大学】,['处于社会主义初级阶段  ']
习近平于2015年7月1日主持召开中央深改组会议并强调，领导干部是否做到严以修身、严以用权、严以律己，谋事要实、创业要实、做人要实，全面深化改革是一个重要检验。要把（   ）要求贯彻改革全过程，既当改革的促进派，又当改革的实干家。【出题：武汉大学】,['“三严三实” ']
2019年5月15日，国家主席习近平在亚洲文明对话大会开幕式上指出，应对共同挑战、迈向美好未来，既需要经济科技力量，也需要（    ）力量。【出题：武汉大学】,['文化文明']
党的（  ）明确提出了推进健康中国建设的任务。【出题：武汉大学】,['十八届五中全会']
协商民主贯穿（    ）全过程，完善协商议政内容和形式，着力增进共识、促进团结。【出题：武汉大学】,"['民主监督', '参政议政', '政治协商']"
坚持总体国家安全观，以（    ）为根本。【出题：武汉大学】,['政治安全']
党的十八大精神，归结为一点，就是（    ）。【出题：武汉大学】,['坚持和发展中国特色社会主义']
2019年，我国继续完善稻谷和小麦（    ）收购价政策。【出题：武汉大学】,['最低   ']
（    ）是中国特色社会主义最本质的特征。【出题：武汉大学】,['中国共产党领导']
（    ）是我们立党立国的根本指导思想。   【出题：武汉大学】,['马克思主义']
实现“两个一百年”奋斗目标、实现中华民族伟大复兴的战略支撑是建设一支（    ）的人民军队。【出题：武汉大学】,"['听党指挥', '作风优良', '能打胜仗']"
党的十九届四中全会提出，坚持和完善党的领导制度体系，提高党（   ）水平。【出题：武汉大学】,"['依法执政', '民主执政', '科学执政']"
党的十八大提出建设廉洁政治的重大任务，要求做到（  ）。【出题：武汉大学】,"['干部清正', '政府清廉', '政治清明']"
 党和国家的生命线是（   ）。【出题：武汉大学】,['党的基本路线']
习近平总书记2020年2月14日主持召开中央全面深化改革委员会第十二次会议。并发表了重要讲话，强调完善重大疫情防控体系机制，健全国家（    ）应急管理体系。,['公共卫生']
我国的货币政策目标是（    ）。【出题：武汉大学】,['保持货币币值的稳定，并以此促进经济增长']
全面推进依法治国的总目标是（  ）。【出题：武汉大学】,"['建设中国特色社会主义法治体系', '建设社会主义法治国家']"
（    ）是中国特色社会主义法治区别于资本主义法治的根本所在。【出题：武汉大学】,['人民主体地位']
习近平主持召开中央全面深化改革委员会第十五次会议，会议指出，推进对外贸易创新发展，要落实新发展理念，紧紧围绕构建新发展格局，以供给侧结构性改革为主线，深化科技创新、制度创新、业态和模式创新，加快提升贸易质量，稳定产业链供应链，培育外贸新动能，深入推进贸易（    ），优化外贸发展环境。【出题：武汉大学】,['便利化']
在新冠肺炎疫情阻击战中，医疗救治始终以提高收治率和治愈率、降低感染率和（    ）的“两提高”“两降低”为目标。,['病亡率']
全面深化改革，要推动国有企业完善现代企业制度，国有企业属于（    ）所有，是推进国家现代化，保障人民共同利益的重要力量。【出题：武汉大学】,['全民']
2016年1月3日，国务院印发《关于整合城乡居民基本医疗保险制度的意见》，提出整合城镇居民基本医疗保险和（      ），建立统一的城乡居民基本医疗保险制度。【出题：武汉大学】,['新型农村合作医疗']
（    ）一文的发表，揭开了继五四运动和延安整风运动之后的第三次思想解放运动的序幕。【出题：武汉大学】,['《实践是检验真理的唯一标准》']
改革开放以来，我们取得一切成绩和进步的根本原因，归结起来就是：开辟了中国特色社会主义（    ），形成了中国特色社会主义（    ），确立了中国特色社会主义（    ），发展了中国特色社会主义（    ）。【出题：武汉大学】,['道路，理论体系，制度，文化']
2019年5月15日，国家主席习近平在亚洲文明对话大会开幕式上指出，亚洲各国人民希望远离封闭、融会通达，希望各国秉持（    ）精神，推进政策沟通、设施联通、贸易畅通、资金融通、民心相通，共同构建亚洲命运共同体、人类命运共同体。【出题：武汉大学】,['开放']
2019年5月31日，习近平总书记在“不忘初心、牢记使命”主题教育工作会议上指出，为中国人民谋幸福，为中华民族谋复兴，是中国共产党人的初心和（    ），是激励一代代中国共产党人前赴后继、英勇奋斗的根本动力。【出题：武汉大学】,['使命']
为纪念（    ）和《联合国宪章》签署，第一届军运会于1995年9月4日至16日在意大利首都罗马举行。【出题：武汉大学】,['第二次世界大战结束50周年']
坚定的（    ）是政法队伍的政治灵魂。【出题：武汉大学】,['理想信念']
全面小康社会，是“五位一体”全面进步的小康，其中的“全面”没有体现在（      ）。【出题：武汉大学】,['覆盖的方向要全面']
2019年5月31日，习近平总书记在“不忘初心、牢记使命”主题教育工作会议上指出，党的十九大决定，以（    ）级以上领导干部为重点，在全党开展“不忘初心、牢记使命”主题教育。【出题：武汉大学】,['县处']
（   ）是一个国家制度和制度执行能力的集中体现。【出题：武汉大学】,['国家治理体系和治理能力']
《党政领导干部选拔任用工作条例》规定，提任县处级领导职务的，应当具有（    ）以上工龄和两年以上基层工作经历。【出题：武汉大学】,['五年']
2018年10月20日，中国自主研制的大型灭火/水上救援水陆两栖飞机（    ）在湖北荆门漳河机场成功实施首次水上试飞任务。【出题：武汉大学】,['AG600']
纪律严明是党的光荣传统和独特优势。严明党的纪律，首要的就是严明（      ）。【出题：武汉大学】,['政治纪律']
习近平总书记主持召开中央全面深化改革委员会第十五次会议，会议指出，为了全面贯彻党的教育方针，营造良好教育生态，促进学生全面发展、健康成长，应规范（    ）发展。【出题：武汉大学】,['民办义务教育']
党的十九届四中全会提出，必须坚定不移走中国特色社会主义法治道路，全面推进依法治国，坚持依法治国、依法执政、依法行政共同推进，坚持（   ）一体建设。【出题：武汉大学】,"['法治政府', '法治社会', '法治国家']"
2020年9月4日，习近平总书记在2020年中国国际服务贸易交易会全球服务贸易峰会上致辞并指出，为更好发挥北京在中国服务业开放中的引领作用，我们将支持北京打造国家服务业扩大开放综合示范区，加大先行先试力度，探索更多可复制可推广经验；设立以（    ）为主要特征的自由贸易试验区，构建京津冀协同发展的高水平开放平台，带动形成更高层次改革开放新格局。【出题：武汉大学】,"['服务业开放', '数字经济', '科技创新']"
中国特色社会主义实现了（    ）的内在联系。【出题：武汉大学】,"['实现途径', '根本保障', '行动指南']"
2013年4月24日，为适应职能转变新要求，国务院常务会议决定先行取消和下放71项行政审批事项。到2018年底，国务院推进（      ）改革，我国的营商环境明显改善，营商便利度世界排名明显提升。【出题：武汉大学】,"['优化服务', '简政放权', '放管结合']"
中国在较短时间内遏制疫情蔓延，根本在于（  ）。,['中国共产党的坚强领导']
坚持总体国家安全观，以促进（    ）为依托。【出题：武汉大学】,['国际安全']
我国自主设计并建造的“国之重器”——智能型挖泥船“（    ）”于2018年完成多次测试，设计挖泥量为每小时6000立方米，并能将这些泥土输送到15公里以外的地方。【出题：武汉大学】,['天鲲号']
（    ）不仅是这次深化党和国家机构改革的原则要求，也是衡量改革能否达到预期目标的重要标准。【出题：武汉大学】,['优化协同高效']
建设中国特色社会主义的总依据是（   ）。【出题：武汉大学】,['社会主义初级阶段']
2013年8 月 17 日，国务院正式批准设立中国（      ）自由贸易试验区。该试验区是我国启动新一轮改革开放的标志性试点。【出题：武汉大学】,['上海']
2019年3月1日，习近平总书记在中央党校（国家行政学院）中青年干部培训班开班式上的讲话指出，衡量干部是否有理想信念，关键看是否对党忠诚。领导干部要忠诚干净担当，（    ）始终是第一位的。【出题：武汉大学】,['忠诚 ']
马克思评述和总结巴黎公社革命的著作是（    ）。【出题：武汉大学】,['《法兰西内战》']
列宁在（    ）中深刻批判了民粹派和“合法马克思主义”的谬误，科学分析了俄国社会经济发展状况，论证了无产阶级的历史使命。【出题：武汉大学】,"['《民粹主义的经济内容及其在司徒卢威先生的书中受到的批评》', '《俄国资本主义的发展》', '《什么是“人民之友”以及他们如何攻击社会民主党人？》']"
新冠肺炎疫情是新中国成立以来发生的（    ）的一次重大突发公共卫生事件，对中国是一次危机，也是一次大考。,"['感染范围最广', '传播速度最快', '防控难度最大']"
高校思想政治工作要坚持把（  ）作为中心环节，把思想政治工作贯穿教育教学全过程。 【出题：武汉大学】,['立德树人']
（      ）是全世界无产阶级和劳动人民的革命导师，是近代以来最伟大的思想家。【出题：武汉大学】,['马克思']
全面依法治国要坚持依法治国、依法执政、依法行政共同推进，坚持法治国家、法治政府、法治社会一体建设。其中法治建设的目标是（    ）。【出题：武汉大学】,['法治国家']
第七届道德模范表彰，分为“（    ）模范”“（    ）模范”“（    ）模范”“（    ）模范”“孝老爱亲模范”五类。每类表彰人选10名左右，五类共表彰人选50—60名。未当选全国道德模范的正式候选人授予“全国道德模范提名奖”。【出题：武汉大学】,"['助人为乐', '见义勇为', '敬业奉献', '诚实守信']"
2021年将迎来中国共产党成立（    ）周年。【出题：武汉大学】,['100']
习近平总书记在中央和国家机关党的建设工作会议上的讲话中指出，中央和国家机关离党中央最近，服务党中央最直接，对机关党建乃至其他领域党建具有重要（    ）作用。深化全面从严治党、进行自我革命，必须从中央和国家机关严起、从机关党建抓起。【出题：武汉大学】,['风向标']
（    ）审议和通过了《关于建国以来党的若干历史问题的决议》，标志着中国共产党最终完成了在指导思想上拨乱反正的历史任务。【出题：武汉大学】,['党的十一届六中全会']
2020年9月4日，习近平总书记在2020年中国国际服务贸易交易会全球服务贸易峰会上致辞。他指出，中国将积极顺应服务贸易发展实际需要，推动多边、区域等层面服务规则协调，不断完善全球经济治理，促进世界经济（    ）。【出题：武汉大学】,['包容性增长']
习近平总书记主持召开中央全面深化改革委员会第十五次会议，会议指出，推进对外贸易创新发展，要落实新发展理念，紧紧围绕构建新发展格局，以供给侧结构性改革为主线，深化（    ）、制度创新、业态和模式创新，加快提升贸易质量，稳定产业链供应链，培育外贸新动能，深入推进贸易便利化，优化外贸发展环境。【出题：武汉大学】,['科技创新']
习近平总书记出席金砖国家领导人同金砖国家工商理事会和新开发银行对话会并发表讲话，强调金砖国家应该团结合作，积极倡导（    ）的全球治理观，推动全球经济治理体系变革。【出题：武汉大学】,['共商共建共享']
全面依法治国，核心是（      ）。【出题：武汉大学】,['坚持党的领导、人民当家作主、依法治国有机统一']
我国经济已由高速增长阶段转向高质量发展阶段，正处在转变发展方式、优化经济结构、转换增长动力的攻关期，（    ）是跨越关口的迫切要求和我国发展的战略目标。【出题：武汉大学】,['建设现代化经济体系']
中共中央始终把（  ）做为全部工作的出发点和落脚点。,['保障和改善民生']
邓小平强调，必须在思想政治上坚持四项基本原则，其中包括（    ）。【出题：武汉大学】,"['必须坚持社会主义道路', '必须坚持共产党的领导', '必须坚持马列主义、毛泽东思想', '必须坚持无产阶级专政']"
党的（  ）决定成立国家安全委员会，加强对国家安全工作的领导。【出题：武汉大学】,['十八届三中全会']
"2016年12月7日，习近平总书记在全国高校思想政治工作会议上讲话指出，要坚持把（      ）作为中心环节，把思想政治工作贯穿教育教学全过程，实现全程育人、全方位育人。
【出题：武汉大学】",['立德树人']
面对国家安全环境的深刻变化，面对强国强军的时代要求，必须按照全面建设的思想努力推进军队的革命化现代化正规化建设，坚持把（      ）摆在部队各项建设的首位。【出题：武汉大学】,['政治建设']
"党的十八大提出了社会主义核心价值观，其基本内容分三个层面，（    ）是国家层面的；（    ）是社会层面的；（    ）是个人层面的。
①富强、民主、文明、和谐
②自由、平等、公正、法治
③爱国、敬业、诚信、友善【出题：武汉大学】",['①②③']
2019年5月15日，国家主席习近平在亚洲文明对话大会开幕式上指出，亚洲各国人民希望远离恐惧，实现安居乐业、普遍安全，希望各国互尊互信、和睦相处，广泛开展跨国界、跨时空、跨文明的交往活动，共同维护比金子还珍贵的（    ）时光。【出题：武汉大学】,['和平']
党的十九大报告把党的政治建设摆在首位，这是因为党的政治建设（    ）。【出题：武汉大学】,"['决定党的建设方向和效果', '是党的根本性建设']"
2013年8 月 17 日 国务院正式批准在（    ）设立自由贸易试验区。【出题：武汉大学】,['上海']
中国共产党的最大政治优势是（      ）。【出题：武汉大学】,['密切联系群众']
习近平总书记主持召开中央全面深化改革委员会第十一次会议，会议强调，深化新时代（    ）改革，要紧紧围绕确保教育优先发展、落实立德树人根本任务，以优化管理体制、完善运行机制、强化结果运用为突破口，不断提高教育督导质量和水平，推动各类主体切实履行教育职责。【出题：武汉大学】,['教育督导体制机制']
习近平总书记在《团结合作是国际社会战胜疫情最有力武器》中强调，人类是一个（    ）。战胜关乎各国人民安危的疫病，团结合作是最有力的武器。【出题：武汉大学】,['命运共同体']
2019年5月，中共中央印发的《中国共产党党员教育管理工作条例》规定，党支部应当运用（    ）制度，对党员进行经常性教育管理。【出题：武汉大学】,['三会一课']
“三严三实”专题教育在中央政治局常委会领导下进行，由（     ）牵头组织。【出题：武汉大学】,['中共中央组织部']
2020年8月11日，国家主席习近平签署主席令，根据十三届全国人大常委会第二十一次会议表决通过的全国人大常委会关于授予在抗击新冠肺炎疫情斗争中作出杰出贡献的人士国家勋章和国家荣誉称号的决定，授予（    ）“人民英雄”国家荣誉称号。【出题：武汉大学】,"['张定宇', '张伯礼', '陈薇']"
建设现代化经济体系，必须把（    ）作为主攻方向，显著增强我国经济质量优势。【出题：武汉大学】,['提高供给体系质量']
2020年第17期《求是》杂志发表中共中央总书记、国家主席、中央军委主席习近平的重要文章《思政课是落实立德树人根本任务的关键课程》。其中指出办好思政课，最根本的是要全面贯彻党的教育方针，解决好（  ）这个根本问题。【出题：武汉大学】,['培养什么人、怎样培养人、为谁培养人']
社会主义时期人民民主专政的实质是（    ）。,['无产阶级专政']
（    ）是保护生态环境的根本之策。   【出题：武汉大学】,['节约资源']
进一步提高（    ）指标在“十三五”规划全部指标中的权重，把保障人民健康和改善环境质量作为更具约束性的硬指标，是推动绿色发展的政策制度保证。  ,['绿色   ']
党的十八大报告指出，科学发展观同马列主义、毛泽东思想、邓小平理论、“三个代表”重要思想一道，是党必须长期坚持的（    ）。【出题：武汉大学】,['指导思想']
2018年11月5日—10日，首届中国国际进口博览会在（    ）举行。【出题：武汉大学】,['上海']
2019年11月8日至10日，中央军委基层建设会议在北京召开。习近平主席指出要遵循（    ）、战区主战、军种主建总原则，健全运行机制，加强工作统筹，形成顺畅高效的抓建基层工作格局。【出题：武汉大学】,['军委管总']
1958年，苏联提出希望同中国共同建立（    ），引起毛泽东等中国领导人强烈不满。毛泽东指出该问题涉及中国的主权，苏联的对华援助不得附加政治条件。,"['共同舰队', '长波电台']"
中国特色社会主义制度包括（   ）。【出题：武汉大学】,"['人民代表大会制度', '民族区域自治制度', '中国共产党领导的多党合作和政治协商制度', '基层群众自治制度']"
从1953年开始，在过渡时期总路线的指引下，中国共产党领导人民开始进行有计划的社会主义建设和有系统的社会主义改造。当时中国之所以要着力进行和可能进行社会主义改造，主要是因为（    ）。,"['资本主义经济力量弱小，发展困难', '对个体农业进行社会主义改造，是实现国家工业化的一个必要条件', '社会主义性质的国家经济力量相对来说比较强大']"
（    ）是实现党的领导的重要方式，是我国社会主义民主政治的特有形式和独特优势。【出题：武汉大学】,['协商民主']
共享理念实质就是坚持（      ）的发展思想，体现的是逐步实现共同富裕的要求。【出题：武汉大学】,['以人民为中心']
习近平强调在新的长征路上，全党必须牢记，（  ）的问题，是检验一个政党、一个政权性质的试金石。,['为什么人、靠什么人']
1918年夏天，为应对国内外的复杂形势、保卫新生政权，苏维埃政府陆续推行了一系列适应战时需要的非常措施，“战时共产主义”政策的主要内容包括（    ）。【出题：武汉大学】,"['把所有工厂企业收归国有，国家统一管理', '实行劳动义务制', '限制市场，取消私人贸易', '实行余粮收集制']"
以经济建设为中心是兴国之要，（    ）是党执政兴国的第一要务。【出题：武汉大学】,['发展']
中国特色社会主义道路是实现途径，（    ）是行动指南，中国特色社会主义制度是根本保障，三者统一于中国特色社会主义伟大实践，这是党领导人民在建设社会主义长期实践中形成的最鲜明特色。　,['中国特色社会主义理论体系']
2019年11月8日至10日，中央军委基层建设会议在北京召开。习近平主席强调，党的十八大以来，党中央和中央军委扭住（    ）抓基层、扭住战备训练抓基层、扭住官兵主体抓基层、扭住厉行法治抓基层，着力夯实政治根基、加强练兵备战、重塑力量编成、正规建设秩序、纯正内部风气、激发动力活力，推动我军基层建设取得长足进步。【出题：武汉大学】,['党的组织']
习近平总书记主持召开中央全面深化改革委员会第十五次会议，会议指出，要完善农村产权制度和要素（    ）配置，提高农村土地、资金、人才、技术等各类要素的配置效率，激发农村内在活力。【出题：武汉大学】,['市场化']
"2014年5月28日，习近平总书记在第二次中央新疆工作座谈会上讲话指出，围绕社会稳定和长治久安这个总目标，要坚持（      ），努力建设团结和谐、繁荣富裕、文明进步、安居乐业的社会主义新疆。
【出题：武汉大学】","['依法治疆', '长期建疆', '团结稳疆']"
马克思使社会主义从空想发展为科学的两大发现是（    ）。【出题：武汉大学】,"['剩余价值学说', '唯物史观']"
习近平总书记指出：“党的十一届三中全会是划时代的，开启了改革开放和社会主义现代化建设历史新时期。党的（    ）也是划时代的，开启了全面深化改革、系统整体设计推进改革的新时代，开创了我国改革开放的全新局面。”【出题：武汉大学】,['十八届三中全会']
列宁在《论两个政权》中指出，一切革命的根本问题是（     ）。【出题：武汉大学】,['国家政权问题']
2019年5月15日，国家主席习近平在亚洲文明对话大会开幕式上指出，文明交流互鉴应该是（    ）的、平等的，应该是多元的、多向的，而不应该是强制的、强迫的，不应该是单一的、单向的。【出题：武汉大学】,['对等 ']
经过多年探索，在发展社会主义民主政治问题上，党的基本原则是（  ）。,['坚持党的领导、人民当家做主和依法治国的有机统一']
《中共中央关于加强党的政治建设的意见》指出，强化（  ）的震慑，坚持反腐败无禁区、全覆盖、零容忍，坚持重遏制、强高压、长震慑，运用监督执纪“四种形态”，重点查处党的十八大以来不收敛、不收手，问题线索反映集中、群众反映强烈，政治问题和经济问题交织的腐败案件，严肃查处违反中央八项规定精神的问题，持续保持反腐败高压态势。【出题：武汉大学】,['不敢腐 ']
2015年12月16日，习近平在第二届世界互联网大会开幕式上发表主旨演讲，强调网络空间是人类共同的活动空间，呼吁共同构建（      ）。【出题：武汉大学】,['网络空间命运共同体']
2018年11月7日，国家主席习近平在致第五届世界互联网大会的贺信中强调，各国应该深化务实合作，以共进为动力、以共赢为目标，走出一条（    ）之路，让网络空间命运共同体更具生机活力。【出题：武汉大学】,['互信共治']
（    ）是在全面建成小康社会决胜阶段、中国特色社会主义进入新时代的关键时期召开的一次十分重要的大会。【出题：武汉大学】,['党的十九大']
（      ）是建设社会主义法治国家的首要任务和基础性工作。【出题：武汉大学】,['全面贯彻实施宪法']
2020年8月26日，习近平总书记出席中国人民警察队伍授旗仪式并致训词，对人民警察提出（    ）的要求。【出题：武汉大学】,"['纪律严明', '服务人民', '对党忠诚', '执法公正']"
（    ）是决定党和国家前途命运的根本力量。【出题：武汉大学】,['人民']
（    ）是党的形象，是观察党群干群关系、人心向背的风雨表。【出题：武汉大学】,['党的作风']
习近平总书记主持召开中央全面深化改革委员会第十一次会议并强调，要以坚持和完善中国特色社会主义制度、推进国家治理体系和治理能力现代化为主轴，增强以改革推进国家制度和国家治理体系建设的自觉性，突出（    ）这条主线，继续全面深化改革。【出题：武汉大学】,['制度建设']
党的十九届四中全会提出，坚持和完善（  ），满足人民日益增长的美好生活需要。【出题：武汉大学】,['统筹城乡的民生保障制度']
19世纪80年代末，68岁的恩格斯放下手边所有的事情，全身心地投入一项新的工作，即在世界范围内，指导建立一个新的工人联盟（    ）。他亲自指导代表大会的筹备工作，“像少年人一样投入战斗”。【出题：武汉大学】,['第二国际']
（      ）是中国特色社会主义的根本原则。【出题：武汉大学】,['共同富裕']
习近平总书记在主持召开中央全面深化改革委员会第十五次会议中强调，加快形成（    ）的新发展格局，是根据我国发展阶段、环境、条件变化作出的战略决策，是事关全局的系统性深层次变革。【出题：武汉大学】,"['国内国际双循环相互促进', '以国内大循环为主体']"
2018年12月18日，习近平总书记在庆祝改革开放40周年大会上指出，我们要坚持创新是第一动力、（    ）是第一资源的理念，实施创新驱动发展战略，完善国家创新体系，加快关键核心技术自主创新，为经济社会发展打造新引擎。【出题：武汉大学】,['人才']
习近平总书记提出的“四个自信”内涵丰富，包括道路自信、理论自信、制度自信和（  ）。,['文化自信']
百年大计，教育为本，党和政府坚持以（  ）为重点，加快教育事业改革发展。,['教育公平']
党的十八大以来，党中央坚持反腐败（      ）、（      ）、（      ），坚定不移“打虎”“拍蝇”“猎狐”，一体推进不敢腐、不能腐、不想腐。【出题：武汉大学】,"['无禁区', '零容忍', '全覆盖']"
 全面从严治党，核心是（    ）。 【出题：武汉大学】,['加强党的领导']
“鞋子合不合脚，自己穿了才知道。”道路走得怎么样，最终要用事实来说话、由（    ）来评判。【出题：武汉大学】,['人民']
作风问题本质上是（    ）。【出题：武汉大学】,['党性问题']
实现全面推进依法治国，加快建设社会主义法治国家，必须全面贯彻（      ）。【出题：武汉大学】,['实施宪法']
中国在抗击疫情防控的阻击战中，始终秉持着（    ），肩负大国担当，同其他国家并肩作战，共克时艰。,['人类命运共同体理念']
（    ）是确保党的路线方针政策和决策部署贯彻落实的基础。【出题：武汉大学】,['党的基层组织']
面对突如其来的新冠肺炎疫情，中国政府始终把人民生命安全和身体健康摆在第一位，按照坚定信心、同舟共济、科学防治、精准施策的总要求，坚持全民动员、联防联控、（  ），打响了一场抗击疫情的人民战争。,['公开透明']
（    ）是维护社会公平正义的最后一道防线。【出题：武汉大学】,['公正司法']
党的十八大报告指出：（   ）是改革开放和社会主义现代化建设的根本目的。【出题：武汉大学】,['提高人民物质文化生活水平']
党章规定的“四个服从”，既是党最基本的（  ）原则，也是最基本的（  ）纪律。【出题：武汉大学】,['组织；组织']
坚持总体国家安全观，以（  ）为保障。【出题：武汉大学】,"['社会安全', '军事安全', '文化安全']"
2019年3月18日，习近平总书记在学校思想政治理论课教师座谈会上强调，我们办（    ）教育，就是要理直气壮开好思政课，用新时代中国特色社会主义思想铸魂育人，引导学生增强中国特色社会主义道路自信、理论自信、制度自信、文化自信，厚植爱国主义情怀。【出题：武汉大学】,['中国特色社会主义']
党的生命线和根本工作路线是（    ）。 【出题：武汉大学】,['群众路线']
党的十九届四中全会提出，要坚持和完善人民代表大会制度这一根本政治制度，坚持和完善中国共产党领导的多党合作和政治协商制度，巩固和发展最广泛的爱国统一战线，坚持和完善（  ），健全充满活力的基层群众自治制度。【出题：武汉大学】,['民族区域自治制度']
习近平总书记向首届可持续发展论坛致贺信时强调，中国秉持（    ）的发展理念，推动中国经济高质量发展，全面深入落实2030年可持续发展议程。【出题：武汉大学】,['创新、协调、绿色、开放、共享']
2020年2月4日，十三届全国人大常委会第十六次会议表决通过了全面禁止非法野生动物交易（    ）等决定，自公布之日起施行。,['革除滥食野生动物陋习']
2015年5月6日，中国自主创新、拥有完整自主知识产权的第三代核电技术（      ）首堆示范工程正式落户福清核电并开工建设。【出题：武汉大学】,['华龙一号']
恩格斯逝世于（    ）。【出题：武汉大学】,['1895年']
（      ）是中国共产党区别于其他政党的显著标志，也是党发展壮大的重要原因，决定着党的事业成败。【出题：武汉大学】,['密切联系群众']
党在新形势下的强军目标是（  ）。【出题：武汉大学】,"['能打胜仗', '作风优良', '听党指挥']"
2014年 11 月 11 日 亚太经合组织第二十二次领导人非正式会议在北京举行。习近平主持会议并发表讲话，倡导共建（      ）的亚太伙伴关系。会议决定启动亚太自由贸易区进程。【出题：武汉大学】,"['共赢', '合作', '包容', '互信']"
当代中国哲学社会科学坚持以马克思主义为指导，首先要解决（  ）的问题。【出题：武汉大学】,['真懂真信']
（    ）是民族昌盛和国家富强的重要标志。【出题：武汉大学】,['人民健康']
1957年2月，毛泽东发表了题为（    ）的重要讲话，指出社会主义社会存在着敌我之间和人民内部两类性质根本不同的矛盾，要用不同的方式解决。【出题：武汉大学】,['《关于正确处理人民内部矛盾的问题》']
2019年10月24日，中共中央政治局就区块链技术发展现状和趋势进行第十八次集体学习。习近平指出，要抓住区块链技术融合、功能拓展、产业细分的契机，发挥区块链在（   ）等方面的作用。【出题：武汉大学】,"['提升协同效率', '优化业务流程', '促进数据共享', '降低运营成本', '建设可信体系']"
2016年7月4日，党的六大会址常设展览馆建成仪式在俄罗斯莫斯科举行。在中国革命最艰难的关头，140多名中共代表，召开了（   ），这是党的历史上唯一一次在境外召开的全国代表大会，对中国革命发展具有特殊的历史意义。【出题：武汉大学】,['党的六大']
党的十九届四中全会提出，必须健全党统一领导、全面覆盖、权威高效的监督体系，增强监督严肃性、（   ）、有效性，形成决策科学、执行坚决、监督有力的权力运行机制，构建一体推进不敢腐、不能腐、不想腐体制机制，确保党和人民赋予的权力始终用来为人民谋幸福。【出题：武汉大学】,['协同性']
中国梦的基本内涵是实现（      ）。【出题：武汉大学】,['国家富强、民族振兴、人民幸福']
为把社会主义建设成就用法律的形式固定下来，1936年11月，苏维埃召开了（    ），通过了苏联新宪法，明确规定苏联是工农社会主义国家。【出题：武汉大学】,['第八次非常代表大会']
党的十八大后决定将（      ）确定为中国共产党成立100周年的奋斗目标。【出题：武汉大学】,['全面建成小康社会']
标志着科学社会主义诞生的著作是（    ）。【出题：武汉大学】,['《共产党宣言》']
2020年3月26日，习近平在北京出席（    ）领导人应对新冠肺炎特别峰会并发表题为（    ）的重要讲话。,['二十国集团；《携手抗疫共克时艰》']
科学社会主义的创立者是（    ）。【出题：武汉大学】,['马克思、恩格斯']
2019年10月24日，中共中央政治局就区块链技术发展现状和趋势进行第十八次集体学习。中共中央总书记习近平在主持学习时强调，要强化基础研究，提升（  ），努力让我国在区块链这个新兴领域走在理论最前沿、占据创新制高点、取得产业新优势。【出题：武汉大学】,['原始创新能力']
第一次世界大战爆发后，第二国际理论家考茨基等认为帝国主义战争对资本主义的经济发展来说是必不可少的，资本主义“可能再经历一个新的阶段”，这一理论是（     ）。【出题：武汉大学】,['“超帝国主义论”']
党的十八届三中全会提出，坚持法治中国，必须坚持（    ）共同推进。【出题：武汉大学】,"['依法行政', '依法执政 ', '依法改革', '依法治国']"
中国特色社会主义进人了新时代，我国经济发展也进入了新时代，基本特征就是（    ）。【出题：武汉大学】,['经济已由高速增长阶段转向高质量发展阶段']
2020年2月23日，习近平总书记出席统筹推进新冠肺炎疫情防控和经济社会发展工作部署会议，强调要变压力为动力、善于化危为机，有序恢复生产生活秩序，强化“六稳”举措。其中“六稳”指的是稳（    ）、稳金融、稳外贸、稳外资、稳投资、稳预期工作。,['就业']
推进生态文明建设，要树立（  ）的生态文明理念。【出题：武汉大学】,"['尊重自然', '顺应自然', '保护自然']"
（    ）是国家治理体系的骨干工程。  【出题：武汉大学】,['法治体系']
（    ）是改革开放以来党的全部理论和实践的主题。【出题：武汉大学】,['中国特色社会主义']
习近平同志指出：“党的十八大精神，就是坚持和发展中国特色社会主义。”关于中国特色社会主义伟大事业，下列说法正确的是（      ）。【出题：武汉大学】,"['中国特色社会主义制度是根本保障', '中国特色社会主义道路是实现途径', '中国特色社会主义理论体系是行动指南']"
（    ）是中国特色社会主义法治之魂。 【出题：武汉大学】,['党的领导']
（    ）是提高国家文化软实力最深厚的源泉。  【出题：武汉大学】,['中华文化']
"党的十八大阐明了中国特色社会主义道路、中国特色社会主义理论体系、中国特色社会主义制度的科学内涵及其相互联系，强调：（   ）是实现途径，（   ）是行动指南，（   ）是根本保障，三者统一于中国特色社会主义伟大实践，这是党领导人民在建设社会主义长期实践中形成的最鲜明特色。
①中国特色社会主义道路
②中国特色社会主义理论体系
③中国特色社会主义制度
④中国特色社会主义实践
【出题：武汉大学】",['①②③']
《国际工人协会共同章程》规定了第一国际总的原则：工人阶级的解放应该由（    ）去争取。【出题：武汉大学】,['工人阶级自己']
建设巩固国防和强大军队，必须牢固树立（      ）这个唯一的根本的标准。【出题：武汉大学】,['战斗力']
中央第七次西藏工作座谈会2020年8月28日至29日在北京召开。习近平总书记强调要深入开展党史、新中国史、改革开放史、社会主义发展史教育，深入开展（    ），引导各族群众树立正确的国家观、历史观、民族观、文化观、宗教观。【出题：武汉大学】,['西藏地方和祖国关系史教育']
2019年11月5日，习近平总书记出席第二届中国国际进口博览会开幕式并发表题为《开放合作 命运与共》的主旨演讲。他提出，应该共同维护以联合国宪章宗旨和原则为基础的国际秩序，坚持（    ）的核心价值和基本原则，促进贸易和投资自由化便利化。【出题：武汉大学】,['多边贸易体制']
有正式党员（    ）人以上的党支部，应当设立党支部委员会。【出题：武汉大学】,['7']
党的十九届四中全会提出，坚持和完善党对人民军队的绝对领导制度，确保人民军队忠实履行新时代使命任务。党对人民军队的绝对领导是人民军队的（   ）。【出题：武汉大学】,"['建军之本', '强军之魂']"
1955年，中共中央作出召开党的八大的决定，其中（    ）具体负责大会的筹备组织工作。【出题：武汉大学】,['邓小平']
党的十九届四中全会提出，必须健全（  ）、全面覆盖、权威高效的监督体系，增强监督严肃性、协同性、有效性，形成决策科学、执行坚决、监督有力的权力运行机制，构建一体推进不敢腐、不能腐、不想腐体制机制，确保党和人民赋予的权力始终用来为人民谋幸福。【出题：武汉大学】,['党统一领导']
1986年4月24到30日，中纪委在湖南召开案件审理工作座谈会。会议提出，维护党的纪律的（  ）。,['严肃性']
《党政领导干部选拔任用工作条例》明确规定，党委（党组）讨论决定干部任免事项，必须有三分之（    ）以上成员到会，并保证与会成员有足够时间听取情况介绍、充分发表意见。【出题：武汉大学】,['二']
党的（    ）作出了全面推进依法治国的顶层设计，制定了路线图、施工图，在我国社会主义法治史上具有里程碑意义。【出题：武汉大学】,['十八届四中全会']
长征这一人类历史上的伟大壮举，留给我们最可宝贵的精神财富，就是中国共产党人和红军将士用生命和热血铸就的伟大长征精神。下面关于长征精神的说法正确的是（      ）。【出题：武汉大学】,"['为了救国救民，不怕任何艰难险阻，不惜付出一切牺牲的精神', '把全国人民和中华民族的根本利益看得高于一切，坚定革命的理想和信念，坚信正义事业必然胜利的精神', '紧紧依靠人民群众，同人民群众生死相依、患难与共、艰苦奋斗的精神', '坚持独立自主、实事求是，一切从实际出发的精神']"
（    ）是坚持和发展中国特色社会主义的必由之路，是决定当代中国命运的关键一招，也是决定实现“两个一百年”奋斗目标、实现中华民族伟大复兴的关键一招。【出题：武汉大学】,['改革开放']
党的十八届四中全会将（    ）定为国家宪法日。【出题：武汉大学】,['十二月四日']
坚持（      ）是社会主义法治的根本要求。【出题：武汉大学】,['宪法权威']
习近平总书记在《思政课是落实立德树人根本任务的关键课程》中指出，教师承载着（    ），塑造灵魂、塑造生命、塑造新人的时代重任。【出题：武汉大学】,['传播知识、传播思想、传播真理']
习近平总书记指出，全军要深入贯彻落实党的十八大精神，建设一支（    ）的军队，是党在新形势下的强军目标。 【出题：武汉大学】,"['能打胜仗', '听党指挥 ', '作风优良']"
（  ）是党领导人民治理国家的基本方略。,['依法治国']
党组是党中央和地方各级党委在非党组织的领导机关中设立的组织机构，是实现党对非党组织领导的重要组织形式和制度保证。2015年1月16日，中共中央政治局常委会召开会议，专门听取全国人大常委会、国务院、全国政协、 最高人民法院、最高人民检察院党组工作汇报。这成为实现党中央集中统一领导的一项（      ）安排。【出题：武汉大学】,['制度性']
（    ）是实现国家繁荣富强的根本出路。【出题：武汉大学】,['开放']
做好经济外交工作，要突出发挥（    ）这个重点。【出题：武汉大学】,['比较优势']
推进科学立法、民主立法，是提高（    ）的根本途径。 【出题：武汉大学】,['立法质量']
2020年5月11日至12日，习近平总书记赴山西，就统筹推进常态化疫情防控和经济社会发展工作、巩固脱贫攻坚成果进行调研，强调要坚持（    ）的工作总基调。,['稳中求进']
党的十九大报告指出，（    ）是建设现代化经济体系的战略支撑。【出题：武汉大学】,['创新']
习近平总书记向第九届北京香山论坛致贺信时强调，维护亚太地区持久和平安宁，符合地区国家共同利益，需要各国贡献智慧和力量。面对复杂的安全威胁，各国要紧密团结起来，坚定维护以（    ）为核心的国际体系，不断完善新型安全伙伴关系，推动构建符合地区发展实际的安全架构。【出题：武汉大学】,['联合国']
（  ），是马克思主义的根本观点，是中国共产党人认识世界、改造世界的根本要求，是我们党的基本思想方法、工作方法、领导方法。,['实事求是']
2020年9月4日，习近平总书记在2020年中国国际服务贸易交易会全球服务贸易峰会上致辞。他强调，当今世界正在经历百年未有之大变局。新冠肺炎疫情全球大流行使这个大变局加速变化，经济全球化遭遇逆流，（    ）上升，世界经济低迷，国际贸易和投资大幅萎缩，给人类生产生活带来前所未有的挑战和考验。【出题：武汉大学】,['保护主义、单边主义']
加快实施创新驱动发展战略，必须发挥（    ）激励创新的根本性作用。【出题：武汉大学】,['机构优化']
习近平在纪念毛泽东同志诞辰120周年座谈会上的讲话中提到，毛泽东思想活的灵魂是贯穿其中的立场、观点、方法，它有三个基本方面，这就是（   ）。【出题：武汉大学】,"['群众路线', '独立自主', '实事求是']"
全面建成小康社会，“全面”讲的是发展的（  ）。【出题：武汉大学】,"['可持续性', '平衡性', '协调性']"
党的十九大提出，社会主义政治发展的必然要求是（    ）。【出题：武汉大学】,['坚持党的领导、人民当家作主、依法治国有机统一']
（      ）年12 月 13 日—14 日 习近平在江苏考察工作期间讲话指出，要主动把握和积极适应经济发展新常态，协调推进全面建成小康社会、全面深化改革、全面推进依法治国、全面从严治党。【出题：武汉大学】,['2014']
2014年2月27日，十二届全国人大常委会第七次会议通过《关于确定中国人民抗日战争胜利纪念日的决定》，将 9 月 3 日确定为中国人民抗日战争胜利纪念日；通过《关于设立南京大屠杀死难者国家公祭日的决定》，将（   ）设立为南京大屠杀死难者国家公祭日。【出题：武汉大学】,['12月13日']
习近平总书记在十八届中央政治局第十次集体学习时谈到住房问题既是民生问题也是发展问题，关系人民安居乐业，关系经济社会发展全局，关系社会和谐稳定。因此，要加快推进住房保障和供应体系建设，这有利于（      ）。【出题：武汉大学】,"['满足群众基本住房需求，实现全体人民住有所居目标的重要任务', '促进社会公平正义，保证人民群众共享改革发展成果']"
改革开放必须坚持（      ）的基本国策。【出题：武汉大学】,['对外开放']
（    ）是政法队伍是最重要、最根本的纪律。【出题：武汉大学】,['政治纪律']
“一带一路”建设是一项系统工程，要坚持（    ）原则，积极推进沿线国家发展战略的相互对接。【出题：武汉大学】,"['共建', '共商', '共享']"
（  ）是最大的民生工程、民心工程、根基工程。 【出题：武汉大学】,['就业']
无产阶级夺取政权以后，实现从资本主义到社会主义的革命转变，必然要经历一个过渡时期。十月革命前夕，列宁在（     ）中系统考察了马克思关于过渡时期的论述，对过渡时期思想作了进一步发展。【出题：武汉大学】,['《国家与革命》']
党的十九届四中全会提出，坚持和完善（  ），强化对权力运行的制约和监督。【出题：武汉大学】,['党和国家监督体系']
随着我国经济社会发展不断深入，中国特色社会主义事业总体布局，是不断丰富和发展的。建设中国特色社会主义，总布局是（      ）。【出题：武汉大学】,['五位一体']
（    ）年，我国恢复了高考制度，为培养国家建设所需的各类人才打开了通途。【出题：武汉大学】,['1977']
（    ）是党的各级组织和全体党员必须遵守的行为规则。【出题：武汉大学】,['党章']
十八届三中全会决定用“六个紧紧围绕”描绘全面深化改革的路线图，强调以（      ）为重点。【出题：武汉大学】,['经济体制改革']
习近平总书记主持召开中央全面深化改革委员会第十一次会议并强调，改革已建立制度框架的，要对照四中全会精神继续巩固完善，建立（    ）；正在探索的要狠抓攻坚克难，实现突破，做好总结提炼、形成制度安排；有待谋划推出的，要大胆改革创新，及时研究制定方案。【出题：武汉大学】,['长效机制']
2020年9月4日，习近平总书记在2020年中国国际服务贸易交易会全球服务贸易峰会上致辞。他强调，近年来新一轮科技革命和产业变革孕育兴起，带动数字技术强势崛起，促进了产业深度融合，引领了（    ）蓬勃发展。【出题：武汉大学】,['服务经济']
2020年2月23日，习近平总书记出席统筹推进新冠肺炎疫情防控和经济社会发展工作部署会议并发表重要讲话。他指出，能不能打好、打赢这场疫情防控的（    ）、总体战、阻击战，是对各级党组织和党员、干部的重大考验。【出题：武汉大学】,['人民战争']
党的十八大以来，我们党先后开展了党的群众路线教育实践活动、“三严三实”专题教育，对于解决党员干部特别是（      ）存在的突出问题、推进全面从严治党起到了重要作用。【出题：武汉大学】,['县处级以上领导干部']
党的十九届四中全会提出，要健全党对外事工作领导体制机制，完善（  ）外交布局，推进合作共赢的开放体系建设，积极参与全球治理体系改革和建设。【出题：武汉大学】,['全方位']
习近平总书记主持召开中央全面深化改革委员会第十五次会议，会议指出，（    ）关系人民群众日常生活，对于推动生态文明建设、提升社会文明程度、创新基层社会治理都有着重要意义。【出题：武汉大学】,['生活垃圾分类']
党的十九大报告提出了新时代党的建设总要求。其中，作为新时代党的建设的主线的是（    ）。【出题：武汉大学】,['加强党的长期执政能力建设、先进性和纯洁性建设']
2019年7月9日，习近平总书记在中央和国家机关党的建设工作会议上指出，带头做到“（    ）”，是加强中央和国家机关党的建设的首要任务。【出题：武汉大学】,['两个维护']
2013年6月至2014年9月，全党分两批开展以（      ）为主要内容的党的群众路线教育实践活动， 集中整治形式主义、官僚主义、享乐主义和奢靡之风“四风”问题。【出题：武汉大学】,['为民务实清廉']
（    ）是最公平的公共产品，是最普惠的民生福祉。 【出题：武汉大学】,['良好生态环境']
“四个全面”是中国特色社会主义事业的（    ）。【出题：武汉大学】,['战略布局']
苏联实行的“新经济政策”内容包括（    ）。【出题：武汉大学】,"['用粮食税代替余粮收集制', '允许自由贸易，恢复商品货币关系', '废止劳动义务制', '对中小企业采取非国有化措施']"
习近平总书记在中央和国家机关党的建设工作会议上的讲话中指出，带头做到（    ），是加强中央和国家机关党的建设的首要任务。【出题：武汉大学】,['“两个维护”']
（      ）是社会主义法律的基本属性，是社会主义法治的基本要求。【出题：武汉大学】,['平等']
2019年7月30日，习近平总书记在中共中央政治局第十六次集体学习时强调，军事政策制度改革是对我军的一次制度性重构，关系实现党在新时代的强军目标、把人民军队全面建成（    ）军队，关系实现“两个一百年”奋斗目标、实现中华民族伟大复兴的中国梦。【出题：武汉大学】,['世界一流']
中国特色社会主义进入了新时代，我国经济发展也进入了新时代。当前和今后一个时期确定发展思路、制定经济政策、实施宏观调控的根本要求是（    ）。【出题：武汉大学】,['推动高质量发展']
国家扶贫日的具体日期是每年（  ）。【出题：武汉大学】,['10月17日']
改革先锋许崇德，曾参与1954年宪法起草，全程参与1982年宪法修改，参加1988年、1993年、1999年和2004年四次宪法修改及其他众多重要法律的制定修改工作，堪称新中国（    ）奠基人之一。【出题：武汉大学】,['宪法学']
1849年，马克思在（    ）头版上的《告别辞》中这样写道：“别了，但不是永别，他们消灭不了我们的精神，弟兄们！当钟声一响，生命复临，我将立即披甲返程！”【出题：武汉大学】,['《新莱茵报》']
（    ）是我国的基本军事制度。 【出题：武汉大学】,['党对军队的绝对领导 ']
只有社会主义才能救中国，只有（    ）才能发展中国、发展社会主义、发展马克思主义。【出题：武汉大学】,['改革开放']
2016年12月2日，习近平主席在中央军委军队规模结构和力量编成改革工作会议上强调，要推动我军由数量规模型向（      ）、由人力密集型向（      ）转变，部队编成向充实、合成、多能、灵活方向发展，构建能够打赢信息化战争、有效履行使命任务的中国特色现代军事力量体系。【出题：武汉大学】,['质量效能型 科技密集型']
新时代党的建设要求坚持和加强党的全面领导，坚持党要管党、全面从严治党，以（    ）为着力点。【出题：武汉大学】,['调动全党积极性、主动性、创造性']
2020年1月20日，国务院总理李克强主持召开国务院常务会议，进一步部署疫情防控工作，并根据《中华人民共和国传染病防治法》将新冠肺炎纳入（    ），采取甲类传染病管理措施。,['乙类传染病']
党的十八届五中全会提出要树立创新、（  ）的发展理念。【出题：武汉大学】,"['协调', '绿色', '开放', '共享']"
（    ）是《国家“十三五”规划建议》提出的五大发展理念之首，是贯穿全篇的重大战略思想。 ,['创新发展']
习近平总书记在第73届世界卫生大会视频会议开幕式上的致辞中指出，人类是命运共同体，（    ）是战胜疫情最有力的武器。,['团结合作']
2019年2月25日，中央全面依法治国委员会第二次会议强调，（    ）是最好的营商环境。要把平等保护贯彻到立法、执法、司法、守法等各个环节，依法平等保护各类市场主体产权和合法权益。【出题：武汉大学】,['法治']
在社会主义市场经济体制下，（    ）在支撑增长、促进创新、扩大就业、增加税收等方面具有重要作用。【出题：武汉大学】,['非公有制经济']
2010年，中央召开第五次西藏工作座谈会，会议强调坚持走有中国特色、西藏特点的发展路子，以（  ）为中心，以（  ）为保障，以（  ）为出发点和落脚点，紧紧抓住发展和稳定两件大事。,['经济建设，民族团结，改善民生']
（    ）的关系是政治和法治关系的集中反映。【出题：武汉大学】,['党和法']
（    ）是社会主义法律的基本属性，是社会主义法治的基本要求。【出题：武汉大学】,['平等']
（    ）是坚持党的领导、人民当家作主、依法治国有机统一的根本政治制度安排，必须长期坚持、不断完善。【出题：武汉大学】,['人民代表大会制度']
（    ）不符合温斯坦莱在《自由法》中对真正自由共和国的描述。【出题：武汉大学】,['允许劳动力、土地和其他生产资料买卖']
江泽民在党的十四大报告中指出：“我们要建立的社会主义市场经济体制，就是要使市场在社会主义国家宏观调控下对资源配置起（    ）作用。”【出题：武汉大学】,['基础性']
党的十八届三中全会提出使市场在资源配置中起（  ）作用。【出题：武汉大学】,['决定性']
社会主义的本质是（   ）。【出题：武汉大学】,"['消灭剥削，消除两极分化，最终达到共同富裕', '解放生产力，发展生产力']"
习近平总书记在十八大中共中央政治局第一次集中学习时，把（  ）形象地比喻为共产党人精神上的“钙”。,['理想信念']
2014年11月19日至21日，首届世界互联网大会在（      ）举行。【出题：武汉大学】,['乌镇']
习近平总书记在纪念中国人民抗日战争暨世界反法西斯战争胜利75周年座谈会上的讲话中指出，中国人民抗日战争胜利是中国共产党发挥（    ）作用的伟大胜利。【出题：武汉大学】,['中流砥柱']
改革开放是决定当代中国命运的（      ）。【出题：武汉大学】,['关键一招']
（    ）是安邦定国的重要基石。【出题：武汉大学】,['国家安全']
（    ）是中国共产党人的精神支柱和政治灵魂。【出题：武汉大学】,['共产主义远大理想和中国特色社会主义共同理想']
2019年11月，习近平总书记在上海考察时强调，要以提升（    ）为重点，在强基础、补短板上下功夫，把基层党组织建设成为宣传党的主张、贯彻党的决定、领导基层治理、团结动员群众、推动改革发展的坚强战斗堡垒。【出题：武汉大学】,['政治功能和组织力']
习近平在《思政课是落实立德树人根本任务的关键课程》中指出，思政课教师要做到（   ）。【出题：武汉大学】,"['情怀要深，要有家国情怀、传道情怀、仁爱情怀', '人格要正，用高尚的人格感染学生、赢得学生', '自律要严，做到课上课下一致、网上网下一致', '思维要新，学会辩证唯物主义和历史唯物主义，创新课堂教学', '政治要强，要让有信仰的人讲信仰', '视野要广，有知识视野、国际视野、历史视野']"
实施创新驱动发展战略，最紧迫是要（      ）。【出题：武汉大学】,['破除体制机制障碍']
世界军人运动会是国际军事体育理事会主办的全球军人最高规格的大型综合性运动会，自1995年开始每（    ）年举办一届，会期7至10天，是和平时期各国军队展示实力形象、增进友好交流、扩大国际影响的重要平台，被誉为“军人奥运会”。【出题：武汉大学】,['3']
2016年6月20日，中国自主研制的全部采用国产处理器构建的（      ）夺得世界超算冠军。【出题：武汉大学】,['神威·太湖之光']
国家主席习近平2020年8月11日签署主席令，根据十三届全国人大常委会第二十一次会议表决通过的全国人大常委会关于授予在抗击新冠肺炎疫情斗争中作出杰出贡献的人士国家勋章和国家荣誉称号的决定，授予（   ）“共和国勋章”。【出题：武汉大学】,['钟南山']
 中国从新民主主义到社会主义的过渡时期的初期，存在（    ）等经济成分。【出题：武汉大学】,"[' 合作社经济', '资本主义经济', '农民、手工业的个体经济', '社会主义国营经济']"
党的十九届四中全会提出，要坚持（  ）的根本制度，坚持以社会主义核心价值观引领文化建设制度，健全人民文化权益保障制度，完善坚持正确导向的舆论引导工作机制，建立健全把社会效益放在首位、社会效益和经济效益相统一的文化创作生产体制机制。【出题：武汉大学】,['马克思主义在意识形态领域指导地位']
社会主义民主政治的本质特征是（    ）。【出题：武汉大学】,['人民当家作主']
"实现“十三五”时期发展目标，破解发展难题，厚植发展优势，必须牢固树立并切实贯彻（    ）、协调、绿色、开放、共享的发展理念。 
",['创新']
（  ）是中华民族的优良传统，是中国共产党、中华人民共和国立党立国的重要原则。,['独立自主']
党的十八大报告指出，国防和军队现代化建设，必须以（    ）为指导。【出题：武汉大学】,"['毛泽东军事思想', '党关于新形势下国防和军队建设思想', '江泽民国防和军队建设思想', '邓小平新时期军队建设思想']"
（    ）是全面从严治党的治本之策。 【出题：武汉大学】,['加强纪律建设']
2019年是中华人民共和国成立（    ）周年。【出题：武汉大学】,['70']
落实依法治国基本方略，加快建设社会主义法治国家，必须全面推进（    ）进程，强调坚持党的领导，更加注重改进党的领导方式和执政方式。【出题：武汉大学】,"['全民守法', '科学立法', '公正司法']"
（      ）年，中国共产党历史上第一次编制《中央党内法规制定工作五年规划纲要》，目标是到建党100周年时形成比较完善的党内法规制度体系。【出题：武汉大学】,['2013']
 2015年，中共中央总书记、国家主席习近平同台湾方面领导人马英九于（      ）在新加坡会晤，就进一步推进两岸关系和平发展交换意见。这是1949 年以来两岸领导人首次会晤，开创两岸领导人直接对话沟通的先河。【出题：武汉大学】,['11月7日']
1916年，列宁运用马克思主义的观点，分析了资本主义发展到垄断阶段出现的新情况新问题，写下了（      ），创立了列宁帝国主义理论。【出题：武汉大学】,['《帝国主义是资本主义的最高阶段》']
2015年3月12日习近平总书记在十二届全国人大三次会议解放军代表团全体会议上明确提出，把（      ）发展上升为国家战略。【出题：武汉大学】,['军民融合']
党的十九届四中全会提出，坚持和完善中国特色社会主义法治体系，提高党依法治国、依法执政能力。要健全保证宪法全面实施的体制机制，完善（   ），健全社会公平正义法治保障制度，加强对法律实施的监督。【出题：武汉大学】,['立法体制机制']
我国学者潘建伟研究的“多节点（    ）网络”取得基础性突破。【出题：武汉大学】,['量子']
推动建设新型国际关系是党中央立足时代发展潮流和我国根本利益作出的战略选择，反映了中国人民和世界人民的共同心愿。新型国际关系的核心是（      ）。【出题：武汉大学】,['合作共赢']
全面深化改革在完善基本经济制度中，在对国有资本和私人资本的政策待遇上，坚持（      ）。【出题：武汉大学】,"['规则平等  ', '权利平等', '机会平等']"
“代替那存在着阶级和阶级对立的资产阶级旧社会的，将是这样一个联合体，在那里，每个人的自由发展是一切人的自由发展的条件。”这句话出自（    ）。【出题：武汉大学】,['《共产党宣言》']
党的十九届四中全会提出，要坚持和完善人民代表大会制度这一根本政治制度，坚持和完善中国共产党领导的多党合作和政治协商制度，巩固和发展最广泛的爱国统一战线，坚持和完善民族区域自治制度，健全（  ）的基层群众自治制度。【出题：武汉大学】,['充满活力']
党和人民历尽千辛万苦、付出巨大代价取得的根本成就是（    ）。【出题：武汉大学】,['中国特色社会主义']
在（    ）上，毛泽东首次提出要划清社会主义与共产主义、集体所有制与全民所有制的界限。【出题：武汉大学】,['第一次郑州会议']
2013年10月21日，习近平总书记在欧美同学会成立100周年庆祝大会上提出的新时期留学人员工作方针，包括（      ）。【出题：武汉大学】,"['支持留学', '发挥作用', '来去自由', '鼓励回国']"
走什么样的法治道路、建设什么样的法治体系，是由一个国家的（      ）决定的。【出题：武汉大学】,['基本国情']
2019年3月发布的《关于加强和改进中央和国家机关党的建设意见》指出，中央和国家机关首先是（    ），必须旗帜鲜明讲政治。【出题：武汉大学】,['政治机关 ']
依法执政，就是坚持依法治国、建设社会主义法治国家，（  ）不断推进国家经济、政治、文化、社会生活规范化，法制化。,"['保证执法', '带头守法', '领导立法']"
我国社会主义实践后半程的主要历史任务是完善和发展中国特色社会主义制度，为党和国家事业发展、为人民幸福安康、为社会和谐稳定、为国家长治久安提供一整套更完备、更稳定、更管用的（    ）。这项工程极为宏大，零敲碎打调整不行，碎片化修补也不行，必须是全面的系统的改革和改进，是各领域改革和改进的联动和集成。【出题：武汉大学】,['制度体系']
习近平主持召开中央全面深化改革委员会第十五次会议，会议强调，这次应对新冠肺炎疫情，我们按照（  ）的原则，坚持科学防治、精准施策，不断完善诊疗方案，调整优化诊疗程序、治疗药物和重症病人抢救措施，完善医保异地即时结算制度，医疗卫生体系发挥了重要作用。【出题：武汉大学】,"['集中患者', '集中专家', '集中救治', '集中资源']"
2014年10月23日，党的（      ）通过《关于全面推进依法治国若干重大问题的决定》，指出全面推进依法治国的总目标是建设中国特色社会主义法治体系，建设社会主义法治国家。【出题：武汉大学】,['十八届四中全会']
全面贯彻实施（    ），是建设社会主义法治国家的首要任务和基础性工作。【出题：武汉大学】,['宪法']
新型冠状病毒肺炎是近百年来人类遭遇的影响范围最广的全球性大流行病，对全世界是一次严重危机和严峻考验。人类生命安全和健康面临重大威胁。面对前所未知、突如其来、来势汹汹的疫情天灾，中国果断打响疫情防控阻击战。中国把（    ）放在第一位，以坚定果敢的勇气和决心，采取最全面最严格最彻底的防控措施，有效阻断病毒传播链条。,['人民生命安全和身体健康']
要有强烈的（    ），是对我国科技人员第一位的要求。 【出题：武汉大学】,['爱国情怀']
党的十八大报告指出，解决好农业农村农民问题是全党工作重中之重，（      ）是解决“三农”问题的根本途径。【出题：武汉大学】,['城乡发展一体化']
“四个全面”战略布局既有战略目标，又有战略举措，每个“全面”相互之间具有紧密的内在逻辑，是一个整体战略部署的有序展开。（    ）是战略目标，在“四个全面”中居于引领地位。【出题：武汉大学】,['全面建成小康社会']
1988年10月16日至19日，中共中央宣传部在北京召开宣传部长会议。会议确定，今冬明春要着重抓好对党员，特别是对（  ）党员领导干部的形势教育。,['县级以上']
在《乌托邦》中，莫尔对“羊吃人”的社会进行了深刻分析，并指出这种不平等社会的根源是（    ）。【出题：武汉大学】,['私有制']
（   ）指出：“党政军民学，东西南北中，党是领导一切的。”【出题：武汉大学】,['习近平']
党支部一般每年开展（    ）次民主评议党员，组织党员对照合格党员标准、对照入党誓词，联系个人实际进行党性分析。【出题：武汉大学】,['1']
习近平总书记在《贯彻落实新时代党的组织路线，不断把党建设得更加坚强有力》中强调，组织建设是党的建设的重要基础。党的组织路线是为党的（    ）服务的。【出题：武汉大学】,['政治路线']
党的十九大报告指出：“中国特色社会主义进入新时代，我国社会主要矛盾已经转化为人民日益增长的美好生活需要和（  ）的发展之间的矛盾。,['不平衡不充分']
改革开放必须坚持（      ）的改革方向。【出题：武汉大学】,['社会主义市场经济']
1871年3月18日，法国巴黎爆发了震惊世界的工人革命，建立起世界上第一个无产阶级性质的国家政权（    ），为无产阶级革命树立了光辉榜样，具有极其重要的历史意义。【出题：武汉大学】,['巴黎公社']
中国特色社会主义最本质的特征是（    ）。   【出题：武汉大学】,['党的领导 ']
共产党员要牢固树立党章意识，做到（  ）。【出题：武汉大学】,"['政治信仰不变', '政治立场不移', '政治方向不偏']"
（  ）是党的建设中带有根本性、基础性的问题。【出题：武汉大学】,"['净化党内政治生态', '严肃党内政治生活']"
坚持和发展（    ）是贯穿党的十八大报告的一条主线。【出题：武汉大学】,['中国特色社会主义']
习近平总书记在中央和国家机关党的建设工作会议上的讲话中指出，要把握特点规律，全面提高中央和国家机关党的建设质量，处理好共性和个性的关系、（    ）和业务的关系、目标引领和问题导向的关系、建章立制和落地见效的关系、继承和创新的关系。【出题：武汉大学】,['党建']
当前我国国家安全内涵和外延比历史上任何时候都要丰富，时空领域比历史上任何时候都要宽广，内外因素比历史上任何时候都要复杂，必须坚持总体国家安全观。下面关于总体国家安全观的描述，不正确的是（      ）。【出题：武汉大学】,['以政治安全为基础']
我国社会主要矛盾的变化，没有改变我们对我国社会主义所处历史阶段的判断。我国仍处于并将长期处于社会主义初级阶段的基本国情没有变，我国是世界最大发展中国家的国际地位没有变。我们要牢牢（    ）。【出题：武汉大学】,"['立足社会主义初级阶段这个最大实际', '把握社会主义初级阶段这个基本国情', '坚持党的基本路线']"
推进强军事业、把人民军队全面建成世界一流军队，必须牢固树立的唯一的根本的标准是（    ）。【出题：武汉大学】,['战斗力标准']
1989年11月6日到9日召开的党的十三届五中全会通过了（  ）。,['《关于进一步治理整顿和深化改革的决定》']
全面推进依法治国总目标是（    ）。【出题：武汉大学】,['建设中国特色社会主义法治体系、建设社会主义法治国家']
巴黎公社的公社委员中，多数派属于（    ）。【出题：武汉大学】,['布朗基派']
党的十八大以来，转变政府职能的总方向是（  ）。【出题：武汉大学】,"['维护社会公平正义', '创造良好发展环境', '提供优质公共服务']"
1956年，苏共在（    ）上全盘否定斯大林，在群众中造成了思想混乱，在苏联国内和国际上都引起了极大的震动。【出题：武汉大学】,['苏共二十大']
应对当前我国发展面临的一系列矛盾和挑战，关键在于（    ）。【出题：武汉大学】,['全面深化改革']
在对希腊共和国进行国事访问之际，国家主席习近平在希腊《每日报》发表题为《让古老文明的智慧照鉴未来》的署名文章。文章指出，中希坚持合作共赢，推动贸易投资、基础设施建设等合作取得丰硕成果，将（  ）打造为地中海第一大港；坚持交流互鉴，向全世界展示了伟大古老文明的和合之美。【出题：武汉大学】,['比雷埃夫斯港']
2013年9月30日，《中国（上海）自由贸易试验区外商投资准入特别管理措施（负面清单）（2013 年）》发布。这是中国第一次用负面清单管理外商对华投资。按照（      ）原则，清单之外的行业及项目全都开放。【出题：武汉大学】,['非禁止即开放']
（    ）是当代中国发展进步的活力之源。 【出题：武汉大学】,['改革开放']
十八届三中全会认为，使市场在资源配置中起决定性作用，有利于（      ）。【出题：武汉大学】,"['转变经济发展方式', '抑制消极腐败现象', '转变政府职能']"
（      ）是党内监督的战略性制度安排。【出题：武汉大学】,['巡视']
“五位一体”是中国特色社会主义事业的（    ）。【出题：武汉大学】,['总体布局']
“把权力关进制度的笼子里，形成不敢腐的惩戒机制、不能腐的防范机制、不易腐的保障机制。”形成上述机制的关键是（    ）【出题：武汉大学】,['健全权力运行的制约和监督体系']
国有企业党的建设、党的领导存在“四化”现象指的是弱化、淡化、虚化、（      ）。【出题：武汉大学】,['边缘化']
在十月革命前后，列宁先后写了《国家与革命》《无产阶级革命和叛徒考茨基》等著作，提出了“（    ）是检验是不是马克思主义者试金石”的命题。【出题：武汉大学】,['承不承认无产阶级专政']
《共产党宣言》第一次发表的年份是（    ）。【出题：武汉大学】,['1848年']
列宁提出的社会主义可以在一国或数国首先取得胜利的思想具有重大意义，它（   ）。【出题：武汉大学】,"['科学地解答了帝国主义时代无产阶级社会主义革命面临的新问题', '为经济文化比较落后国家率先走上社会主义道路指明了方向', '是对马克思主义关于无产阶级革命理论的继承与发展']"
（    ）是发展的根本目的。【出题：武汉大学】,['增进民生福祉']
中国特色社会主义事业总体布局是（    ）。【出题：武汉大学】,['“五位一体”']
2019年3月18日，习近平总书记在学校思想政治理论课教师座谈会上强调，思政课教师，要给学生心灵埋下（    ）的种子，引导学生扣好人生第一粒扣子。【出题：武汉大学】,['真善美']
实施创新驱动发展战略，最根本是要（      ）。【出题：武汉大学】,['增强自主创新能力']
全面深化改革，要深化投资体制改革，确立（    ）的主体地位。【出题：武汉大学】,['企业投资']
中央在全面深化改革问题中指出，国有资本、集体资本、非公有资本等交叉持股、相互融合的（    ），是基本经济制度的重要实现形式。【出题：武汉大学】,['混合所有制经济']
2018年12月，北斗三号卫星导航系统正式向全球提供基本导航服务，中国北斗卫星导航系统距离（    ）组网的目标迈出了实质性的一步。【出题：武汉大学】,['全球']
社会主义的本质要求是（    ）。【出题：武汉大学】,['解放和发展社会生产力']
（    ）是一个民族进步的灵魂，是一个国家兴旺发达的不竭动力。 【出题：武汉大学】,['创新']
2019年7月9日，习近平总书记在中央和国家机关党的建设工作会议上指出，做好中央和国家机关党建工作，只有坚持和加强党的全面领导，坚持党要管党、全面从严治党，以党的（    ）为统领，才能永葆中央和国家机关作为政治机关的鲜明本色。【出题：武汉大学】,['政治建设']
坚持以（  ）为指导，是当代中国哲学社会科学区别于其他哲学社会科学的根本标志。  【出题：武汉大学】,['马克思主义']
