1952年1月2日，志愿军烈士（    ）在朝鲜平安南道成川郡石田里，为抢救跌入冰窟的朝鲜少年崔莹而牺牲。图为这位烈士的照片。【出题：武汉大学】,['罗盛教  ']
标志着中国共产党在政治上开始走向成熟的会议是（    ）。【出题：武汉大学】,['遵义会议\t']
中国历史上第一个全国性的工农民主政权是（    ）。【出题：武汉大学】,['中华苏维埃共和国']
"""三大改造”中，农业、手工业的改造形式主要是（    ）。【出题：武汉大学】",['建立生产合作社']
为正确处理民族关系，党制定和实施了（    ）。【出题：武汉大学】,['各民族共同发展繁荣政策']
1956年6月7日，在上海举行的中苏举重友谊赛中，（    ）以133公斤的成绩打破了56公斤挺举世界纪录。【出题：武汉大学】,['陈镜开']
（  ），是习近平新时代中国特色社会主义思想的核心要义。,['坚持和发展中国特色社会主义']
党的八大提出，社会主义改造基本完成后，全国人民的主要任务是（    ）。,['集中力量发展社会生产力，实现国家工业化，逐步满足人民日益增长的物质和文化需要']
习近平在2016年10月27日关于“全面落实党内监督责任”的讲话中，表示（  ）在党和国家各种监督形式中是最根本的、第一位的。,['党内监督']
个别企业的公私合营是半社会主义性质的企业，社会主义经济与资本主义经济在企业内部联系与合作，利润分配仍实行“（    ）”的原则，但资本主义只能按私股所占比例取得红利的一部分，另一部分红利转为国家所有。【出题：武汉大学】,['四马分肥']
（  ）是中国特色社会主义的根本任务。,['解放和发展生产力']
党的十九大报告指出，要确保到（  ）年我国现行标准下农村贫困人口实现脱贫，贫困县全部摘帽，解决区域性整体贫困，做到脱真贫、真脱贫。,['2020']
1949年9月21日，（    ）第一届全体会议在北平隆重开幕。毛泽东在开幕词中庄严宣告：“占人类总数四分之一的中国人从此站立起来了。”【出题：武汉大学】,['中国人民政治协商会议']
海南岛获得解放是在（    ）年。【出题：武汉大学】,['1950']
党的十八大报告指出，（  ）关乎党的命脉，关乎国家前途，民族命运和人民幸福。,['道路']
1959年9月，在东北松辽盆地发现了世界级的特大砂岩油田。在中央石油大会战的决定下，几万名石油职工和退伍军人艰苦奋战，在三年多的时间里，建立起了我国最大的石油基地（    ）。【出题：武汉大学】,['大庆油田']
面对国民经济和人民生活的严重困难，党的指导方针发生了重要转变。1960年11月，中央发出（    ），迈出了克服严重经济困难的重要一步。【出题：武汉大学】,['《关于农村人民公社当前政策问题的紧急指示信》']
（  ）集中体现了一个国家基于文化而具有的凝聚力和生命力，以及由此产生的吸引力和影响力。,['文化软实力']
夺取决胜全面建成小康社会伟大胜利，特别要坚决打好（  ）、（  ）、（  ）三大攻坚战。,"['防范化解重大风险', '精准扶贫', '污染防治']"
中国特色社会主义，是（  ）和（  ）的辩证统一，是根植于中国大地、反映中国人民意愿、适应中国和时代发展进步要求的科学社会主义，是全面建成小康社会、加快推进社会主义现代化、实现中华民族伟大复兴的必由之路。,"['中国社会发展历史逻辑', '科学社会主义理论逻辑']"
图片为三届全国人大一次会议的现场。在这次会议中郑重提出了实现“四个现代化”的历史任务。符合“四个现代化”的内容的是（    ）。【出题：武汉大学】,"['现代国防', '现代工业 ', '现代农业 ']"
历史和现实告诉我们，只有（  ）才能救中国，只有（  ）才能发展中国，这是历史的结论、人民的选择。,"['中国特色社会主义', '社会主义']"
党在领导社会主义改造的实践中，创造了一系列适合中国特点的由初级到高级逐步过渡的形式，在相当一段时期采用让资本家继续从企业分得一部分红利和股息的办法，不仅有利于资本家接受改造，而且能继续发挥私营工商业在（    ）等方面的积极作用。【出题：武汉大学】,"['维持就业', '增加税收', '扩大生产', '搞活流通']"
中国一直坚持独立自主的外交政策，坚持相互尊重（    ）、互不侵犯、互不干涉内政、平等互利、和平共处五项原则。【出题：武汉大学】,['主权和领土完整 ']
（    ），为了抗美援朝、保家卫国，中共中央政治局命令中国人民志愿军出兵朝鲜作战，并任命彭德怀为志愿军司令员兼政治委员。【出题：武汉大学】,['1950年10月']
从社会主义改造必须同社会主义工业化的步骤相适应的要求来看，20世纪50年代中期（    ）合作化的完成，使农村土地由农民个体所有转变为合作社集体所有，解决了土地公有的问题，有利于对土地利用的合理规划，进行农田水利基本建设，改善农业生产条件。【出题：武汉大学】,['农业']
《中华人民共和国宪法》作为中华人民共和国的第一部宪法，确立了我国社会主义的根本政治制度，其中明确规定：“中华人民共和国是（    ）领导的、以工农联盟为基础的人民民主国家。”,['工人阶级']
1958年8月召开的（    ）会议，正式决定在全国农村中建立人民公社。,['北戴河会议']
（  ）是关系党和国家事业发展的根本性、全局性、稳定性、长期性问题。,['制度']
1955年4月，（    ）率中国代表团出席在印度尼西亚万隆举行的亚非会议。【出题：武汉大学】,['周恩来']
1958年6月1日，中共中央的理论刊物正式创刊，它是（    ）。,['《红旗》']
新中国成立之初，中央确定调整工商业工作必须在“公私兼顾，劳资两利”的基本方针下，重点调整（    ）【出题：武汉大学】,['公私关系']
陈毅在《记淮海战役前线见闻》一诗中罗列：“几十万民工走不通，骏马高车送粮食，随军旋转逐西东，前线争立功”，出现这种情景的根本原因是（    ）。【出题：武汉大学】,['解放区实行了土地改革']
我国发射的第一颗人造地球卫星——东方红一号是（    ）。【出题：武汉大学】,['1970年']
推动全面开放，要以（  ）建设为重点，坚持“引进来”和“走出去”并重，遵循共商共建共享原则，加强创新能力开放合作，形成陆海内外联动，东西双向互济的开放格局。,['“一带一路”']
（    ），中央制定了“在德育、智育、体育几方面都得到发展”的教育方针，学校教育进一步受到重视。【出题：武汉大学】,['1957年']
20世纪60年代中期，周恩来总理在亚非欧14国之行时，提出了以“平等互利、尊重受援国的主权、绝不附带任何条件”为核心的中国对外经济技术援助的（    ）原则。【出题：武汉大学】,['八项']
（  ）是实现中华民族伟大复兴的重要基础、关键一步。,['全面建成小康社会']
《论十大关系》中涉及经济方面的重大关系有（    ）。【出题：武汉大学】,"['国家、生产单位和生产者个人的关系', '经济建设和国防建设的关系', '沿海工业和内地工业的关系']"
为当代中国一切发展进步奠定了根本政治前提和制度基础的是（    ）。,"['社会主义基本制度的建立', '新民主主义革命的胜利']"
在新的起点上，必须时刻准备应对各种风险考验，必须进行（  ）、建设（  ）、推进（  ）、实现（  ）。,"['伟大事业', '伟大斗争', '伟大工程', '伟大梦想']"
在探索刚刚起步时，毛泽东论述了中国社会主义建设的基本思想是（    ）。【出题：武汉大学】,['实行马克思主义与中国实际“第二次结合”']
三大改造时期，在农业社会主义改造中建立的初级农业生产合作社属于（    ）。,['半社会主义性质']
毛泽东指出：“一边倒，是孙中山的四十年经验和共产党的二十八年经验教给我们的，深知欲达到胜利和巩固胜利，必须一边倒。”“一边倒”是指倒向（    ）。,['社会主义阵营一边']
常熟凌巷村“将集体土地按人口分口粮田，按劳力分责任田，分户经营，农民可以长期使用，但不能买卖、出租等，经营所得‘交足国家的，留够集体的，剩下都是自己的’。”这一土地经营方式为（    ）。,['家庭联产承包责任制']
（  ）是体现执政党性质宗旨的试金石，是反映治国理政水平的标志。,['政策']
中国共产党第十九次全国代表大会，把（  ）确立为党必须长期坚持的指导思想并庄严地写入党章，实现了党的指导思想的与时俱进。,['习近平新时代中国特色社会主义思想']
社会主义在我国基本确立的标志是（    ）。,['三大改造基本完成']
（    ）制度是新中国成立以来人民民主建设的重大发展，是中国政治生活进一步民主化的标志。【出题：武汉大学】,['人民代表大会']
周恩来代表中央发出“向现代科学进军”的动员令是在（    ）。【出题：武汉大学】,['1956年中共中央专门召开的知识分子问题会议上的报告中']
20世纪60年代前期，国际形势出现新的动荡，美国对越南北方的侵略战争逐渐扩大，我国周边形势日趋紧张，备战问题摆到党的重要议程上来。1964年五六月间，中央政治局常委扩大会议和中央工作会议专门讨论“三五”计划时，高度关注国家安全的毛泽东，从经济建设和国防建设的战略布局考虑，提出了（    ）问题。,['三线建设']
从新民主主义革命向社会主义民主专政转变的根本政治保证是（    ）。,['人民民主专政政权在全国的确立']
1960年4月，《红旗》杂志发表题为（    ）的文章，体现了中苏两党在观点上的分歧。【出题：武汉大学】,['《列宁主义万岁》']
从1963年9月至1964年7月，中共中央相继发表（    ）篇评论苏共中央公开信的文章，点名批评“赫鲁晓夫修正主义”。【出题：武汉大学】,['9']
20世纪60年代前期，为克服困难，许多地方的农村自发搞起了各种形式的（    ）。,['包产到户']
三反运动是指新中国成立初期在中国共产党和国家机关内部开展的（    ）的运动。【出题：武汉大学】,"['反官僚主义', '反贪污', '反浪费']"
党的八大坚持了1956年5月党中央提出的（    ），即（    ）的经济建设方针。【出题：武汉大学】,"['既反保守又反冒进', '在综合平衡中稳步前进']"
20世纪六七十年代，新中国在尖端科技领域取得的重大成就有（    ）。,"['第一颗原子弹试验成功', '第一颗人造地球卫星发射成功', '第一颗氢弹试验成功']"
 1953年至1955年夏是实行国家资本主义初级形式的阶段，主要是在工业中采用（    ），在商业中委托经销、代销等。【出题：武汉大学】,"['委托加工', '订货', '统购包销 ']"
新中国成立初期，人民政府为了稳定市场和人心，打击投机倒把活动，经过（    ），稳定了物价，结束了我国十几年物价暴涨的局面。【出题：武汉大学】,['“银元之战”和“米棉之战”']
1953年10月，中共中央作出关于对粮食实行计划收购和计划供应的决定，接着通过对棉花、油料、食油等主要农产品的“（    ）”，加快了农业社会主义改造的步伐。【出题：武汉大学】,['统购统销']
党的八大着重提出了执政党的建设问题，大会《关于修改党的章程的报告》指出，（    ）是我们党的组织工作中的根本问题，是党章中的根本问题。,['群众路线']
1954年，一届全国人大一次会议通过的《中华人民共和国宪法》规定我国人民专政的政体是（    ）。,['人民代表大会制度']
供给侧结构性改革的重点，是（  ）。,['解放和发展社会生产力']
1955年亚非会议期间，周恩来发表声明：中国政府愿意同美国政府坐下来谈判，讨论和缓（    ）紧张局势特别是和缓台湾地区的紧张局势问题。这个声明促使中美两国于1955年8月开始大使级会谈，为以后中美关系的改善打下了初步基础。【出题：武汉大学】,['远东']
1965年夏，三线建设进入实质性实施阶段，并在1965年至1966年形成一个小高潮。这时，三线建设的主战场在（    ）大三线。,['西南']
1956年3月，国务院成立科学规划委员会，历时数月反复论证，编制出《一九五六——一九六七年科学技术发展远景规划纲要（修正草案）》，该规划的指导方针是（    ）。,['重点发展，迎头赶上']
中共中央于1950年5月1日发出《关于在全党全军开展整风运动的指示》，要求在全党全军进行一次整风运动，严格整顿党的作风，首先是（    ）。,['整顿干部作风']
（  ）是关系党的使命宗旨的重大政治问题，也是关系民生的重大社会问题。,['生态环境']
1949年10月到1976年10月，是中国共产党领导人民进行（    ）和开始全面建设社会主义的时期。,['社会主义改造']
毛泽东《在延安文艺座谈会上的讲话》提出了“文艺为人民服务，首先是为（    ）服务”的方针。,['工农兵']
中共中央于1950年5月1日发出《关于在全党全军开展整风运动的指示》，要求在全党全军进行一次整风运动，严格地整顿全党作风，首先是整顿（    ）。,['干部作风']
1950年5月中旬中央强调，调整工商业的重点是调整公私关系，同时调整（    ）和（    ）。【出题：武汉大学】,"['产销关系', '劳资关系']"
继1947年5月内蒙古自治区成立和1955年10月新疆维吾尔自治区成立之后，中国先后又建立了（    ）3个省级民族自治区，这些区域一直延续到今天。【出题：武汉大学】,"['西藏 ', '宁夏', '广西']"
1956年，国家制定了科学技术发展的第一个远景规划，将两弹的研制提到日程上来。这“两弹”是指（    ）。【出题：武汉大学】,"['导弹', '原子弹']"
1949年4月23日，华东军区海军司令部在江苏（    ）白马庙成立。后来，这一天确立为中国人民解放军海军成立日。【出题：武汉大学】,['泰州']
1956年6月，创造第一个世界纪录的中国运动员是（    ）。【出题：武汉大学】,['陈镜开']
为人民谋幸福、为民族谋复兴、为世界（  ），是深刻理解和全面把握习近平新时代中国特色社会主义思想的金钥匙。,['谋大同']
通过没收官僚资本，新中国建立了社会主义性质的（    ）。,['国营经济']
党的十八大报告指出，（  ）是一项长期艰巨的历史任务，必须准备进行具有许多新的历史特点的伟大斗争。,['发展中国特色社会主义']
人民解放军解放全国大陆的时间是（  ）。,['1951年10月']
1952年7月1日，新中国成立后修建的第一条铁路（    ）建成通车。,['成渝铁路']
1954年2月，党的（    ）通过决议，正式批准1953年中央政治局确认的过渡时期总路线。【出题：武汉大学】,['七届四中全会']
1953年开始，（    ）工作在整个国家生活中居于首要地位。【出题：武汉大学】,['经济建设']
1960年4月，《红旗》杂志发表题为《列宁主义万岁》的文章，在国际共产主义理论一系列问题上对（    ）的观点进行了不点名的批驳。【出题：武汉大学】,['赫鲁晓夫']
1963年，被国防部授予“南京路上好八连”称号的是（    ）。【出题：武汉大学】,['解放军上海警备区特务团三营第八连']
着力发展开放型经济，提高现代化经济体系的国际竞争力，要以“（  ）”建设为重点，坚持引进来和走出去并重，形成陆海内外联动，东西双向互济的开放格局。,['一带一路']
（    ）年，尼克松总统访华。毛泽东主席会见尼克松，周恩来总理同他举行会谈。中美双方经过会谈于2月28日在上海发表《中美联合公报》，标志着两国关系正常化进程的开始。,['1972']
2018年11月，习近平总书记在上海考察时指出，党建工作的难点在基层，亮点也在基层。随着经济成分和就业方式越来越多样化，在（  ）、（  ）就业的党员越来越多，要做好其中的党员教育管理工作，引导他们积极发挥作用。,"['新经济组织', '新社会组织']"
1954年1月，中共中央就加强和改进各级党委对文艺工作的领导作出批示，指出文化工作的首要任务是积极地发展适合群众需要的新的文学艺术和电影的创作，同时对民间原有各种艺术和娱乐形式应广泛地加以（    ）。【出题：武汉大学】,"['利用', '发展', '改革', '发掘']"
以（    ）为标志，党对中国社会主义建设道路的探索有了良好开端。【出题：武汉大学】,"['党的八大', '《论十大关系》']"
党的八大提出我国的经济建设方针是（    ）。【出题：武汉大学】,['既反保守又反冒进，在综合平衡中稳步前进 ']
1950年6月朝鲜战争爆发，10月19日以（    ）为司令员兼政治委员的中国人民志愿军奉命开赴朝鲜战场。【出题：武汉大学】,['彭德怀']
新中国成立初期独立自主的和平外交方针的内容不包括（    ）。,['一大片']
1950年11月中下旬，中财委召开第二次全国财政会议，根据美国扩大侵朝战争的时局变化和“邻国战争，国内被炸”的情况，决定把1951年财经工作的方针放在抗美援朝战争的基础之上，概括的说就是“（    ）第一，稳定市场第二，其他第三。,['国防']
“一五”计划建设时期，涌现出一大批劳动模范和先进单位，其中大同煤矿工人（    ）和工友们创造出一套巷道快速掘进法，大大提高了劳动生产率。【出题：武汉大学】,['马六孩']
（    ）我国在联合国的一切合法权利得到恢复。【出题：武汉大学】,['二十世纪七十年代初']
1954年，由于美国的阻挠，讨论朝鲜问题和印度支那问题的日内瓦会议未能就政治解决（    ）达成协议【出题：武汉大学】,['朝鲜问题']
（    ）底，我国基本上完成了对生产资料私有制的社会主义改造，初步建立起公有制占绝对优势的社会主义经济制度。【出题：武汉大学】,['1956年']
下列在20世纪50年代至60年代创作的文艺作品中，属于郭沫若的作品是（    ）。【出题：武汉大学】,['《武则天》']
在社会主义发展历程中，第一个深入研究社会主义社会的矛盾问题，形成了一套系统的关于社会主义社会矛盾的学说，大大丰富和发展了科学社会主义理论的是（    ）。【出题：武汉大学】,['毛泽东']
在20世纪60年代创作的众多文艺作品中，浸润着周恩来关怀、于1964年10月上演的大型音乐舞蹈史诗（    ）是一颗璀璨的明珠。【出题：武汉大学】,['《东方红》']
中国共产党在过渡时期的总路线和总任务是逐步实现（    ）。,"['对农业的社会主义改造', '对资本主义工商业的社会主义改造', '国家的社会主义工业化 ', '对手工业的社会主义改造']"
坚持把完善和发展（  ）、推进（  ）作为全面深化改革的总目标。,"['国家治理体系和治理能力现代化', '中国特色社会主义制度']"
全面小康，要求覆盖的（    ）要全面、覆盖的（    ）要全面、覆盖的（    ）要全面。,"['区域', '领域', '人口']"
（    ）的胜利雄辩地证明：“西方侵略者几百年来只要在东方一个海岸架起几尊大炮就可以霸占一个国家的时代一去不复返了”。【出题：武汉大学】,['抗美援朝战争']
1951年9月，中国共产党第一次全国宣传工作会议在北京召开。刘少奇在会议的总结报告中，分析了革命胜利后进行马列主义毛泽东思想宣传的有利条件。提出“用马列主义的思想原则，在全国范围内和全体规模上教育人民是我们党的一项最基本的（    ）。”,['政治任务']
中共中央决定，从1953年起执行我国发展国民经济的第一个五年计划，并提出向（    ）过渡的总路线。,['社会主义']
“一五”计划建设时期，涌现了一大批劳动模范和先进单位，其中鞍钢技术革新能手王崇伦发明和改进了 “（    ）”，一年完成三年的劳动定额。【出题：武汉大学】,['万能工具胎 ']
1962年初，中共中央为统一思想、总结经验教训和明确工作方向召开了（    ）。,['七千人大会']
1956年到1966年的十年，我国的社会主义建设取得了无可否认的巨大成就，其中在基础科学研究领域，1965年我国在国际上首次人工合成（    ）结晶，在世界处于领先地位。,['牛胰岛素']
1954年5月，在中方的协助下，（    ）人民抗击法国侵略的战争取得奠边府战役大捷，导致法国主战派内阁倒台。以周恩来为首的中国代表团抓住机遇，在英、法及苏、越等国代表团之间进行了卓越的外交斡旋，终于促使会议达成恢复印度支那和平的协议，法国从越南、老挝、柬埔寨撤军，并确认三国的民族独立地位。【出题：武汉大学】,['越南 ']
20世纪50年代中期至60年代中期，在美苏两个超级大国主导的世界冷战格局中，国际局势的发展充满动荡和曲折，世界上各种力量出现分化和改组，中国面临来自多方的公开的和潜在的侵略威胁、战争挑衅和军事压力。在同美国对抗，同苏联论战的过程中，发展同（    ）国家的关系成为中国外交工作的重点。,['亚非拉']
1977年8月，邓小平在中央召开的科学和教育工作座谈会上，以及与教育部负责人谈话时，一再强调建国后17年我国科学、教育的主导方面是红线，我国知识分子的绝大多数是自觉自愿地为社会主义服务的。他号召（    ）。【出题：武汉大学】,['尊重知识，尊重人才，调动广大知识分子的积极性']
毛泽东在《关于正确处理人民内部矛盾的问题》一文中特别指出，工人阶级同民族资产阶级的矛盾属于（    ）。【出题：武汉大学】,['人民内部矛盾']
2017年10月31日，习近平总书记带领中共中央政治局常委瞻仰党的一大会址、赴浙江嘉兴瞻仰南湖红船时强调，“其作始也简，其将毕也必巨”。96年来，我们党团结带领人民取得了举世瞩目的伟大成就，这值得我们骄傲和自豪。同时，事业发展永无止境，共产党人的初心永远不能改变。唯有（  ），方可告慰历史、告慰先辈，方可赢得民心、赢得时代，方可善作善成、一往无前。,['不忘初心']
1956年9月，党的八大召开，标志着党对中国社会主义建设道路的探索取得初步成果。（    ）的提出，则是这一探索的开始。,['《论十大关系》']
与新民主主义时期三种主要的经济成分相联系，新民主主义社会的阶级构成主要表现为三种基本的阶级力量，它们是（    ）。,"['工人阶级 ', '民族资产阶级', '农民阶级和其他小资产阶级']"
毛泽东经过充分细致的调查，逐渐形成了对中国社会主义建设有全局性、长远性指导意义的《论十大关系》报告。“十大关系”的前五条主要讨论经济问题，从经济工作的各个方面来调动各种积极因素。其中第一至第三条讲的是（    ）。,"['经济建设和国防建设的关系', '手工业和资本主义工商业的关系', '沿海工业和内地工业的关系']"
1953年1月，党和政府提出了（    ）的方针，明确了教育工作的重点是高等教育，中心是培养人才，特别是培养高、中级技术人才。【出题：武汉大学】,"['稳步前进', '整顿巩固', '提高质量', '重点发展']"
这是一张党的八届九中全会的会议现场图片，该会议提出的方针包括（    ）。【出题：武汉大学】,"['充实 ', '调整 ']"
（    ）沿线地形险峻、地质复杂，被外国专家断定为“筑路禁区”。三线建设者们开凿隧道427座，架设桥梁上千座，桥梁隧道占全线总长的40％，被联合国称为“象征二十世纪人类征服自然的三大奇迹”之一。【出题：武汉大学】,['成昆铁路']
1956年4月，中央政治局扩大会议在讨论“十大关系”时，提出要把政治思想问题同学术性质、艺术性质、技术性质的问题区分开来。为发展文化和科学，毛泽东提出了（    ）作为发展科学文化事业的指导方针。,['“百花齐放，百家争鸣”']
（  ）是党在新的时代条件下带领全国各族人民进行的新的伟大革命。,['改革开放']
20世纪50年代，我国在对资本主义工商业进行社会主义改造的过程中，创造了一系列国家资本主义具体形式。以下不属于国家资本主义具体形式的是（    ）。,['统购统销']
农业社会主义改造的基本方针是积极领导，（    ）。,['稳步前进']
新中国成立后的最初三年，在着重完成民主革命遗留任务的同时，社会主义革命的任务实际上也已经开始实行了。以下属于完成民主革命遗留任务的是（    ）。,['在新解放区进行土改']
在进行社会主义改造、向社会主义过渡的进程中，中国共产党积累了丰富的历史经验，包括坚持社会主义工业化建设与社会主义改造同时并举，采取积极引导、逐步过渡的方式及用和平方法进行改造。在以下逐步过渡的方式中，在性质上属于社会主义性质的形式是（    ）。,['全行业公私合营']
1956年1月10日，（    ）市率先宣布私营工商业全部实现全行业公私合营。【出题：武汉大学】,['北京']
1956年中国共产党（    ）召开前后，中国共产党探索中国社会主义建设道路有了一个良好开端。【出题：武汉大学】,['第八次全国代表大会']
党的八大以后，为了解决社会主义改造中的遗留问题，中央按照“三个主体、三个补充”的方针调整经济关系，其中三个主体是指国家经营和集体经营、计划生产、国家市场，而三个补充指（    ）、自由生产、自由市场。,['个体经营']
走中国工业化道路，是中国共产党初步探索我国社会主义建设道路的一个重要思想。当时所讲的工业化道路问题，主要是指（    ）。,['重工业、轻工业和农业的发展关系问题']
（    ）年3月5日，毛主席题写的“向雷锋同志学习”在《人民日报》上发表。在毛主席的题词发表后，全国广泛开展了“向雷锋学习”的群众运动。,['1963年']
习近平总书记指出：“改革开放是决定当代中国命运的（  ），也是决定实现‘两个一百年’奋斗目标，实现中华民族伟大复兴的关键一招。”,['关键一招']
1950年5月颁布的《中华人民共和国婚姻法》，明确规定（    ）。【出题：武汉大学】,"['实行婚姻自由', '保护妇女合法权益', '男女权利平等', '废除包办强迫']"
推动形成绿色发展方式和生活方式，重点是推进（  ）、（  ）、（  ）、（  ）的绿色转型。,"['产业结构', '消费方式', '空间结构', '能源结构']"
这段视频反映了国民革命军北伐战争时的情景，战争讨伐的对象不包括（    ）。【出题：武汉大学】,['袁世凯 ']
1949年3月，中共中央在（    ）召开七届二中全会。毛泽东在会上向全党同志提出了著名的“两个务必”。【出题：武汉大学】,['西柏坡']
1957年2月，毛泽东在扩大的最高国务会议上发表《关于正确处理人民内部矛盾的问题》的讲话，指出国家政治生活的主题应该是（    ）。【出题：武汉大学】,['正确处理人民内部矛盾']
没收（    ）归人民的国家所有，既是新民主主义革命的三大经济纲领之一，也是《共同纲领》规定的一项历史任务，同时也带有社会主义革命的性质。,['官僚资本']
发展社会主义（  ），必须始终坚持党的领导、人民当家作主、依法治国有机统一，坚定不移走中国特色社会主义政治发展道路，绝不照搬西方政治模式。,['协商民主']
1956年，在党的八大上提出“三个主体，三个补充”思想的是（    ）。【出题：武汉大学】,['陈云']
（    ）年中国恢复在联合国的合法席位和一切权利，是中国对外关系中一个极为重大的事件，它标志着新中国进入国际体系。,['1971']
新中国外交政策成熟的标志是（    ）。,['和平共处五项原则的提出']
1957年春，全党开展整风运动的主题是（    ）。【出题：武汉大学】,['正确处理人民内部矛盾']
在我国社会主义建设时期，新华社播发了长篇通讯《县委书记的榜样——（    ）》，在全国引起了强烈反响。【出题：武汉大学】,['焦裕禄']
中国共产党是中国特色社会主义事业的领导核心，所以必须（  ），充分发挥党总揽全局、协调各方的领导核心作用。,['加强和改善党的领导']
从1949年至1952年，党领导人民集中力量恢复国民经济，继续完成民主革命遗留任务的同时，也实际上开始了向社会主义的过渡。向社会主义过渡的主要表现是（    ）。,"['没收官僚资本，建立社会主义性质的国营经济', '在调整工商业过程中，广泛发展初级形式的国家资本主义', '在完成土地改革以后的农村及时地开展互助合作运动']"
1955年6月，为了更好地团结全国科学家，领导并推进中国的科学事业，中国科学院建立了（    ）等学部【出题：武汉大学】,"['技术科学部', '哲学社会科学部', '数理化学部', '生物学地学部']"
从1953年开始，（    ）在整个国家生活中居于首要地位。【出题：武汉大学】,['经济建设工作']
在国家制定第一个五年计划中，党中央确定集中主要力量发展（    ），为国家工业化、建立独立完整的工业体系奠定了基础。【出题：武汉大学】,['重工业']
2008年在北京举办第（  ）届奥林匹克运动会。,['29']
（  ）是民族振兴、社会进步的重要基石，是国之大计，党之大计，对提高人民综合素质，促进人的全面发展、增强中华民族创新创造活力，实现中华民族伟大复兴具有决定性意义。,['教育']
（  ）是坚持和发展中国特色社会主义的必由之路。,['改革开放']
1955年，中国在（    ）会议上提出并坚持“求同存异”的方针，推动会议朝着达成协议的方向前进，避免了可能走上歧路的危险。【出题：武汉大学】,['万隆']
社会主义社会基本矛盾运动的特点是（    ）。,['又相适应又相矛盾']
毛泽东宣布在1957年开展全党整风是在（    ）上。【出题：武汉大学】,['党的八届二中全会']
1956年4月，中央政治局扩大会议在讨论（    ）时，提出要把政治思想问题同学术性质、艺术性质、技术性质的问题区分开来，为了发展文化和科学，要贯彻毛泽东过去分别提出的“百花齐放”“百家争鸣”两个口号。【出题：武汉大学】,['《论十大关系》']
1950年6月30日，在全国政协一届二次会议中毛泽东主席签署命令，正式颁布《中华人民共和国土地改革法》，作为在全国新解放地区实行土地改革的法律依据。其中针对地主的政策由没收地主在农村中的一切财产转变为（    ）。,['只没收“五大财产”']
1949年新中国成立前夕，毛泽东先后提出了三条基本外交方针，并形象地概括为（    ）。,"['“打扫干净屋子再请客”', '“另起炉灶”', '“一边倒”']"
中华人民共和国的成立具有世界性意义，它（    ）。,"['壮大了世界和平民主和社会主义的力量', '对世界历史进程产生了深远的积极影响', '冲破了帝国主义的东方战线', '极大地改变了世界的政治格局']"
20世纪60年代前期，是中国革命历史题材创作最为丰盛的时期之一，涌现了许多著名的电影和舞台剧，以下属于这一时期的有（    ）。,"['《林海雪原》', '《革命家庭》', '《怒潮》', '《51号兵站》']"
新中国成立初期，为了发展国营经济，也为了发挥其他经济成分的重要作用，党提出了（    ）的经济建设方针。【出题：武汉大学】,['公私兼顾、劳资两利、城乡互助、内外交流']
全面推进（  ）的总目标是建设中国特色社会主义法治体系、建设社会主义法治国家。,['依法治国']
走中国特色社会主义政治发展道路，必须积极稳妥推进（  ）体制改革。,['政治']
加强（  ）建设，是全面从严治党的治本之策。,['纪律']
（  ）是一个国家的重要稳定器。,['核心价值观']
（    ）中共中央发出《关于整风运动的指示》，发动党内对党提出批评建议，希望通过整风运动，造成一个又有集中又有民主，又有纪律又有自由，又有统一意志又有个人心情舒畅、生动活泼，那样一种政治局面。【出题：武汉大学】,['1957年4月27日']
毛泽东在党的七届三中全会上所做的《不要四面出击》讲话中批评了“认为可以提早消灭资本主义实行社会主义”的错误思想，并指出对（    ）的政策仍然是又团结又斗争，以团结为主，是节制资本而不是挤走资本、消灭资本。,['民族资产阶级']
1950年5月1日颁行的（    ），是我国制定的第一部法律。【出题：武汉大学】,['《中华人民共和国婚姻法》']
1961年1月，党的八届九中全会正式决定对国民经济实行（    ）的方针，标志着党的指导方针发生了重要转变。,['调整、巩固、充实、提高']
新中国成立后，我国的国际地位不断提高，国际环境有所改善。二十世纪七十年代，中日关系有所缓和。中日建交是（    ）年。【出题：武汉大学】,['1972']
和平共处五项原则具体指的是（    ）。,"['互不侵犯', '互相尊重主权和领土的完整', '互不干涉内政', '平等互利，和平共处']"
实现中国梦必须弘扬中国精神。这就是以（  ）为核心的民族精神，以（  ）为核心的时代精神。,"['爱国主义', '改革创新']"
1962年11月，党中央成立以周恩来为首，包括贺龙、聂荣臻等在内的十五人专门委员会，负责组织和领导“两弹一星”的研制。（    ）年，我国成功爆炸第一颗原子弹。,['1964']
（    ）文章中指出了“为什么人的问题，是一个根本的问题、原则的问题”。,['《在延安文艺座谈会上的讲话》']
新中国成立初期，我国社会主义国营经济建立的最主要的途径和手段是（    ）。,['没收官僚资本']
党的十八大以来，在以习近平同志为核心的党中央坚强领导下，在习近平新时代中国特色社会主义思想科学指引下，“（  ）”在香港、澳门的成功实践深入推进，两岸关系实现和平发展。,['一国两制']
为尽快改变农村落后面貌，毛泽东主持制定了我国第一个中长期农业发展规划——《一九五六年到一九六七年全国农业发展纲要（草案）》，简称“（    ）”。【出题：武汉大学】,['农业四十条']
1956年到1957年上半年，四川、安徽等地农村出现了包产到户的生产经营方式，这是朝向实行农业生产责任制的创造性的尝试，主持人是中央农村工作部的（    ）。【出题：武汉大学】,['邓子恢']
1955年7月31日，中共中央在北京举行省、市、自治区党委书记会议。毛泽东在会上报告强调国家农业化对商品粮和工业原料年年增长的需求，同工业主要农作物一般产量很低之间存在着尖锐矛盾，要解决这个矛盾，必须要解决（    ）问题。,['农业合作化']
1964年至1967年，我国成功地研制第一颗（ ）和氢弹。【出题：武汉大学】,['原子弹']
梳理创新发展理念，就必须把创新摆在国家发展全局的核心位置，不断推进（  ）、（  ）、（  ）、（  ）等各方面创新。,"['理论创新', '文化创新', '制度创新', '科技创新']"
从1949年10月中华人民共和国成立到1956年基本完成社会主义改造，我国相继实现了（    ）的两个历史性转变。【出题：武汉大学】,"['从半殖民地半封建社会到民族独立、人民当家作主的新社会', '从新民主主义到社会主义']"
1949年9月21日，中国人民政治协商会议第一届全体会议通过了（    ）。【出题：武汉大学】,['《中国人民政治协商会议共同纲领》']
“虚心使人进步，骄傲使人落后，我们应当永远记住这个真理。”这是毛泽东在（    ）讲的，表达了中国共产党人的坚定信念和雄心壮志。【出题：武汉大学】,['《中国共产党第八次全国代表大会开幕词》']
（  ）是我国的领导阶级，是我国先进生产力和生产关系的代表，是我们党最坚实最可靠的阶级基础，是全面建成小康社会，坚持和发展中国特色社会主义的主力军。,['工人阶级']
鉴于农业落后对工业建设有很强的制约作用，1953年2月，党中央下发文件指出发展农业合作化是增加农业生产的主要方法。其中农业互助合作发展的原则是（    ）。,['自愿互利']
标志着“西方侵略者几百年来，只要在东方一个海岸上架起几尊大炮就可霸占一个国家的时代是一去不复返了”的历史事件是（    ）。,['抗美援朝战争的胜利']
解决由新民主主义革命向社会主义革命转变的重大问题的会议是（    ）。【出题：武汉大学】,['党的七届二中全会']
在二战后世界形成两大阵营对峙的国际环境下，我国的对外政策只能是（    ）【出题：武汉大学】,['倒向社会主义一边']
1953年，中共中央明确提出了党在过渡时期的总路线，这条总路线可以概括为（    ）。,['一化三改']
"1963年,周恩来总理将对台政策归纳为“一纲四目”，该政策（    ）。【出题：武汉大学】",['体现了民族为重的胸怀和从现实出发的精神']
新民主主义社会在经济上实行国营经济领导下的合作社经济、个体经济、私人资本主义经济和国家资本主义经济五种经济成分并存的经济制度，在五种经济成分中， 属于过渡形式的经济成分是（    ）。,"['国家资本主义经济 ', '合作社经济']"
从社会主义改造必须同社会主义工业化的步骤相适应的要求来看，20世纪50年代中期农业合作化的完成，使农村土地由农民个体所有转变为合作社集体所有，解决了土地公有的问题，有利于（    ）。【出题：武汉大学】,"['对土地利用的合理规划', '改善农业生产条件', '进行农田水利基本建设']"
习近平强军思想，明确党在新时代的强军目标是建设一支（  ）、（  ）、（  ）的人民军队。,"['能打胜仗', '听党指挥', '作风优良']"
1949年10月1日下午2时，新选出的中央人民政府委员会在中南海勤政殿举行第一次会议，宣布就职。会议任命的中华人民共和国第一任外交部长是（    ）。【出题：武汉大学】,['周恩来']
1954年2月11日，我国参照苏联经验，制定了“准备劳动与卫国”体育制度，简称“（    ）”，规定了不同年龄人的锻炼标准，推动了群众性体育锻炼向科学化、标准化、制度化的方向迈进，在为群众体育锻炼水平设立一个有形衡量尺度的同时，也有力促进了群众体育锻炼活动和体育运动的普及。【出题：武汉大学】,['劳卫制']
为发展同新兴民族独立国家尤其是邻近的民族独立国家的关系，1953年12月，我国政府在同印度就两国间存在的问题特别是印度与中国西藏地方关系问题的谈判中，首次提出和平共处五项原则。其表述为：互相尊重主权和领土完整、互不侵犯、互不干涉内政、平等互利、（    ）。,['和平共处']
1954年9月，第一届全国人民代表大会第一次会议指出，由于第一个五年计划开始执行，整个国家生活中居于首要地位的工作是（    ）。,['经济工作']
社会主义基本制度在中国得到全面确立的标志是（    ）。,['国民经济第一个五年计划的实施']
新时代“两步走”战略，把基本实现现代化的时间提前了（  ），提出了全面建成社会主义现代化强国这一更高目标，丰富了“两个一百年”奋斗目标的内涵。,['十五年']
1950年镇压反革命，毛泽东提出了（    ）的镇反工作方针。【出题：武汉大学】,['稳、准、狠']
中华人民共和国海关总署成立于（    ）年。【出题：武汉大学】,['1949']
党在过渡时期总路线中工业化是主体，两翼是（    ）。,['对农业、手工业和资本主义工商业的改造']
中国共有5个省级民族自治区，其中以下三个省级民族自治区的成立时间按先后顺序是（    ）【出题：武汉大学】,['广西壮族自治区、宁夏回族自治区、西藏自治区']
习近平在2015年关于“以新的发展理念引领发展”的讲话中指出，（  ）发展注重的是解决发展内外联动问题。,['开放']
党的八大的主要内容是（    ）。【出题：武汉大学】,"['在政治建设上，提出要扩大社会主义民主、健全社会主义法制', '在执政党建设上，强调健全党内民主集中制，坚持集体领导制度，反对个人崇拜', '在经济建设上，提出了既反保守又反冒进即在综合平衡中稳步前进的方针', '正确分析了社会主义改造完成后中国社会的主要矛盾和主要任务']"
1952年1月4日，中共中央下达限期发动“三反”斗争的指示，要求抓住典型重大案件的处理。这是针对当时全国各地暴露出党政机关内部存在着的（    ）。,"['官僚主义问题', '浪费现象', '贪污现象']"
党的八大着重提出了执政党的建设问题。大会《关于修改党的章程的报告》突出地提出反对党内（     ），批评那种脱离实际、脱离群众的思想作风。,"['宗派主义', '官僚主义', '主观主义']"
1961年，邓小平主持中央书记处会议，讨论通过了教育部、中宣部起草的“高校六十条”，即（    ）。【出题：武汉大学】,['《教育部直属高等学校暂行工作条例（草案）》']
"邓小平明确指出：“（  ）是中国的第二次革命。”中国共产党领导的第一次革命，把一个半殖民地半封建的旧中国变成了一个社会主义新中国；中国共产党领导的第二次革命，将把一个经济文化比较落后的社会主义中国变成一个现代化的社会主义国家。

",['改革\r\n']
人与（  ）的关系是人类社会最基本的关系。,['自然']
从1956年到1966年，是党领导我国社会主义建设在探索中曲折发展的十年，石油工业的发展尤其突出，到（    ）已经实现原油的全部自给。,['1965年']
1953年10月，新中国第一部彩色影片（    ）由上海电影制片厂拍摄完成。【出题：武汉大学】,['《梁山伯与祝英台》']
“一五”计划建设时期，涌现了一大批劳动模范和先进单位，大同煤矿工人马六孩和工友们创造出一套（    ），大大提高了劳动生产率。【出题：武汉大学】,['巷道快速掘进法']
1971年10月25日，（    ）联合国大会通过决议，恢复中华人民共和国的合法地位。【出题：武汉大学】,['第26届']
尼克松访华，中美关系开始正常化，发生在（    ）年。【出题：武汉大学】,['1972']
1963年3月，（    ）在广州参加全国科学工作座谈会和全国话剧、歌剧、儿童剧创作座谈会。针对一些人把知识分子仍然说成资产阶级，专门发表了《论知识分子问题》讲话。【出题：武汉大学】,['周恩来']
1955年夏季以后，农业合作化运动形成猛烈发展的群众性浪潮。手工业资本主义工商业的社会主义改造也大大加快步伐。至1956年底，我国基本上完成了对生产资料私有制的社会主义改造，初步建立起（    ）占绝对优势的社会主义经济制度。,['公有制']
对个体手工业的社会主义改造，是过渡时期总路线提出的三大改造任务之一。其中我国手工业合作化的组织形式包括（    ）。,"['生产合作小组', '供销合作社', '生产合作社']"
下列不属于“五反运动”范围的是（    ）。【出题：武汉大学】,['反贪污']
1955年4月，周恩来率中国代表团出席在印度尼西亚（    ）举行的亚非会议。【出题：武汉大学】,['万隆']
1956年6月，党提出争取用（    ）解放台湾，实现祖国完全统一。【出题：武汉大学】,['和平方式']
（  ）是国家生存发展的基本前提。,['国家安全']
1957年6月29日，毛泽东的《关于正确处理人民内部矛盾的问题》公开发表。毛泽东指出，社会主义存在着敌我矛盾和人民内部矛盾两种不同性质的矛盾。其中，敌我矛盾要用（    ）的方法去解决。,['强制的、专政的']
党的八届九中全会以后，中央领导人相继到农村进行调查研究，调整政策，（    ）就是大兴调查研究之风后结出的第一个硕果。【出题：武汉大学】,['《农村人民公社工作条例（草案）》（即“农业六十条”）']
1957年底，美国国务卿杜勒斯声称继续执行对华政策三原则。其中不包括（    ）。【出题：武汉大学】,['美国不从台湾撤军']
中国共产党在新中国成立后召开的第一次中央全会是（    ）。【出题：武汉大学】,['七届三中全会']
（    ）是毛泽东在社会主义时期的重要的理论著作，在马克思主义发展史上具有开创性意义，是对马克思主义理论宝库的卓越贡献。【出题：武汉大学】,['《关于正确处理人民内部矛盾的问题》']
为准备召开党的八大和迎接大规模的经济建设，（    ），毛泽东、刘少奇等中央领导人进行了大量周密而系统的调查研究。【出题：武汉大学】,['1955年底至1956年春']
新中国第一部电影故事片《桥》，使（    ）第一次以主人公姿态出现在银幕上，揭开了中国电影史崭新的一页。【出题：武汉大学】,['工人阶级']
新中国成立后，党对资本主义工商业的政策，概括为（    ），这一政策促进了对资本主义工商业的改造。,['利用、限制、改造']
1956年到1966年，农田水利建设取得巨大成就，为农业的恢复和发展作出了积极贡献。这一时期建成的（    ）以灌溉为主的大型枢纽骨干工程和水库，不仅在当时发挥了作用，而且在以后相当长时期继续发挥着效益。【出题：武汉大学】,"['淠史杭', '三盛公', '京密引水渠']"
党的七届三中全会指出，要获得财政经济状况的根本好转，需要创造三个条件（    ）。【出题：武汉大学】,"['现有工商业的合理调整', '国家机关所需经费的大量节减', '土地改革的完成']"
在长期的革命斗争中，以毛泽东为主要代表的中国共产党人深刻认识中国基本国情，确定党领导的整个中国革命运动包括（    ）两个阶段。,"['社会主义革命', '新民主主义革命']"
新中国成立后，（    ）年完成了国民经济恢复的任务。【出题：武汉大学】,['1952']
1962年11月，中共中央决定，成立以（    ）为首的15人专门委员会，负责“两弹”研究试验工作的领导和组织全国协作。【出题：武汉大学】,['周恩来']
（  ）是关系党的事业兴衰成败第一位的问题。,['道路']
1961年，党的八届九中全会决定对国民经济实行的方针是（    ）。,['调整、巩固、充实、提高 ']
新中国成立初期，随着全国土地改革的基本完成，国内的主要矛盾是（    ）。,['工人阶级和资产阶级的矛盾']
（  ）是中国特色社会主义的内在要求。,['公平正义']
（    ）西藏自治区正式成立，开始实行民主改革，彻底废除了封建农奴制度，并开始向社会主义过渡。【出题：武汉大学】,['1965年9月9日']
通过“一五”计划建设，建立起一些旧中国没有的工业制造部门，出现了中国历史上许多“第一个”，（    ）沈阳制造的中国第一架喷气式飞机歼-5试飞成功，长春生产的中国第一台“解放”牌载重汽车下线。【出题：武汉大学】,['1956年']
20世纪50年代中期至60年代中期，在美苏两个超级大国主导的世界冷战格局中，我们党和国家在十分复杂的国际环境中开展外交工作，当时发展同（    ）的关系成为中国外交工作的重点。,"['亚洲', '非洲', '拉丁美洲']"
1950年6月6日至9日，党的七届三中全会在京召开，会议主要讨论了毛泽东提交的《为争取国家财政经济状况的根本好转而斗争》的书面报告，报告提出：要获得财政经济情况的根本好转，必须要创造的条件是（    ）。,"['国家机构所需经费的大量节减', '土地改革的完成', '现有工商业的合理调整']"
1953年6月15日，毛泽东在中央政治局扩大会议上首次提出了党在过渡时期总路线的基本内容，可以被简称为（    ）或者（    ）。,"['“一体两翼”', '“一化三改”']"
1956年7月，中国第一批国产汽车——（    ）载重汽车在长春第一汽车制造厂试制成功。【出题：武汉大学】,['“解放”牌']
1950年6月，中国共产党在北京召开七届三中全会。毛泽东向全会作题为《为争取国家财政经济状况的基本好转而斗争》的报告，阐明了在各项工作中必须严格遵守的政策原则：在土地改革工作中，要将过去征收富农多余土地财产的政策改变为（    ）的政策。,['保存富农经济']
新中国成立初期，人民政府为稳定市场，安定人心，严厉打击投机倒把活动，经过（    ），稳定了物价，结束了我国连续十多年物价暴涨的局面。,['“银元之战”和“米棉之战”']
从1949年10月到1952年底，经过全国人民三年多的艰苦奋斗，解放前遭到严重破坏的国民经济得到全面恢复，并且有了初步发展。国民经济的恢复使社会经济结构得到优化，在五种经济成分中，（    ）处于优先增长的地位。,['国营经济']
为发展同新兴民族独立国家尤其是邻近的民族独立国家的关系，1953年12月，我国政府在同印度就两国间存在的问题特别是印度与中国（    ）地方关系问题的谈判中，首次提出和平共处五项原则，得到印度方面的赞同。【出题：武汉大学】,['西藏']
在中南海怀仁堂召开的知识界会议上，中宣部部长陆定一作题为（    ）的报告，代表党中央对“双百”方针进行了详细阐述。【出题：武汉大学】,['《百花齐放、百家争鸣》']
1958年10月6日和26日，《人民日报》刊登由（    ）起草、以（    ）名义发表的《告台湾同胞书》和《再告台湾同胞书》。【出题：武汉大学】,['毛泽东、彭德怀']
（    ）7月31日，赫鲁晓夫访华，经过双方会谈，苏联收回建立“长波电台”和“联合舰队”的要求。【出题：武汉大学】,['1958年']
20世纪50年代中期，社会主义改造基本完成，标志着（    ）。,"['我国完成了从新民主主义向社会主义的过渡', '社会主义制度在我国已经确立', '我国进入了社会主义初级阶段']"
1950年6月30日，在全国政协一届二次会议中毛泽东主席签署命令，正式颁布《中华人民共和国土地改革法》，作为在全国新解放地区实行土地改革的法律依据。其中针对富农的政策转变为（    ）。,['保存富农经济']
（  ）是两岸关系的政治基础。,['一个中国原则']
在党的八大上，（    ）代表中央委员会作政治报告，政治报告凝聚了全党的经验和智慧，达到了当时可能达到的最高水平。【出题：武汉大学】,['刘少奇']
1955年亚非会议期间，周恩来发表声明：中国政府愿意同美国政府坐下来谈判，讨论和缓远东紧张局势特别是和缓（    ）地区的紧张局势问题。这个声明促使中美两国于1955年8月开始大使级会谈，为以后中美关系的改善打下了初步基础。【出题：武汉大学】,['台湾']
陈云在党的八大上对社会主义经济情况提出“三个主体、三个补充”，下面哪项论述不属于这一思想（    ）。,['重工业是主体，轻工业为补充']
1953年我国开始执行发展国民经济的第一个五年计划，确定了（    ）的指导方针。,['优先发展重工业']
社会主义现代化国家（  ）战略安排，完整勾画了我国社会主义现代化建设的时间表、路线图，确立了党和国家事业长远发展的宏伟目标。,['两步走']
文艺要反映人民的心声，就要坚持（  ）、（  ）这个根本方面。,"['为社会主义服务', '为人民服务']"
在1956年1月14日至20日中央召开的关于知识分子问题的会议上，周恩来充分肯定了知识分子在社会主义建设中的地位和作用，宣布他们（    ）。【出题：武汉大学】,['绝大部分已是工人阶级的一部分']
新中国成立后，第一个与我国建交的国家是（    ）。,['苏联']
提出处理好中国共产党与民主党派的关系，必须坚持“长期共存、互相监督”，这一方针是在 （    ） 中提出的。【出题：武汉大学】,['《论十大关系》']
中国共产党第八次全国代表大会正确地分析国内外形势和国内主要矛盾的变化，明确指出国内的主要矛盾（    ）。,['是人民对于经济文化迅速发展的需要同当前经济文化不能满足人民需要的状况之间的矛盾']
新中国成立之初奉行独立自主的和平外交方针，主要背景是（    ）。,['为了废除旧中国屈辱的外交']
20世纪70年代，毛泽东提出“三个世界”划分的理论，主要目的是（    ）。,['团结第二、第三世界国家，反对霸权主义']
在对民族资本主义改造的第一个阶段，国家对私营商业采取了（    ）。,['经销代销']
1971年10月25日，美国驻联合国代表被迫承认：“这是联合国历史上的转折点，反西方国家在美国威信动摇时第一次击败了美国。”这段话所指的历史事件是（    ）。【出题：武汉大学】,['中国恢复在联合国的合法席位']
（    ）2月13日至25日，中财委在北京召开新中国成立之后的第一次全国财经会议，决定节约支出，整顿收入，统一管理全国财政经济工作。,['1950年']
（  ）是实现社会主义现代化、创造人民美好生活的必由之路。,['中国特色社会主义道路']
中国梦凝结着无数仁人志士的不懈努力，承载着全体中华儿女的共同向往，昭示着（  ）、（  ）、（  ）的美好前景。,"['人民幸福', '国家富强', '民族振兴']"
1948年9月12日至1949年1月31日，人民解放军先后发动了辽沈、淮海、平津三大战役，共歼灭国民党军（    ）万余人，使国民党赖以维持其反动统治的主要军事力量基本上被摧毁。【出题：武汉大学】,['154']
“老实人，敢讲真话的人，归根到底，于人民事业有利，于自己也不吃亏。爱讲假话的人，一害人民，二害自己，总是吃亏。”这是毛泽东在1959年4月的（    ）中强调的。【出题：武汉大学】,['《党内通信》']
习近平在2016年“深入理解新发展理念”的讲话中提到，共享理念的实质就是坚持（  ）的发展思想。,['以人民为中心']
1956年社会主义改造基本完成。随着中国建立了社会主义基本政治制度，社会主义基本经济制度也建立起来。中国社会主义基本制度的建立，标志着我国（    ）。,['进入了全面建设社会主义的历史阶段']
1953年１月１日，我国开始执行发展国民经济的（    ）五年计划。【出题：武汉大学】,['第一个']
根据七届二中全会的决议，党在城市工作中，必须坚持全心全意依靠工人阶级的方针，并把（    ）放在第一位。【出题：武汉大学】,['恢复和发展国营工业的生产']
毛泽东在社会主义发展历程中，第一次深入研究社会主义社会的矛盾问题，形成的系统的关于社会主义社会矛盾的学说体现在（    ）中。,['《关于正确处理人民内部矛盾的问题》']
20世纪50年代中期，党为发展科学技术和发挥知识分子作用作出的两大部署，一是中央召开关于知识分子问题的会议，二是集全国之力，编制出赶超世界先进科技水平的（    ）。【出题：武汉大学】,['《一九五六—一九六七科学技术发展远景规划纲要》']
1950年6月，中国共产党在北京召开七届三中全会。毛泽东向全会作题为《为争取国家财政经济状况的基本好转而斗争》的报告，向全党提出当前阶段的中心任务。会议指出，要获得财政经济状况的根本好转，需用三年左右的时间创造三个条件，即（   ）。,"['土地改革的完成', '现有工商业的合理调整', '国家机构所需经费的大量节减']"
我国最高权力机关是（    ）。【出题：武汉大学】,['全国人民代表大会']
“一五”计划建设时期，涌现了一大批劳动模范和先进单位，其中发明和改进“万能工具胎”，一年完成三年劳动定额的鞍钢技术革新能手是（    ）。【出题：武汉大学】,['王崇伦']
（  ）是我们党的根本组织制度和领导制度，是马克思主义政党区别于其他政党的重要标志。,['民主集中制']
如期全面建成小康社会，更重要、更难做到的是“（  ）”。,['全面']
毛泽东在《关于正确处理人民内部矛盾的问题》一文中指出，社会主义社会的基本矛盾是（    ）。【出题：武汉大学】,['生产力和生产关系，经济基础和上层建筑之间的矛盾']
党的八大提出的经济建设方针是（    ）。【出题：武汉大学】,['既反保守又反冒进即在综合平衡中稳步前进']
（    ）是我国大规模现代经济建设的开端。它的完成，对中国工业化起步具有决定性作用，为社会主义建设积累了宝贵经验。【出题：武汉大学】,['第一个五年计划']
我们要坚持（  ）的战略思想，坚持以经济建设为中心，全面推进社会主义经济建设、政治建设、文化建设、社会建设、生态文明建设，深化改革开放，推动科学发展，不断夯实实现中国梦的物质文化基础。,['发展是硬道理']
1953年10月16日，中共中央政治局会议通过《关于粮食的计划收购与计划供应的决议》指出，粮食统购统销政策包括（    ）。,"['计划收购', '由国家严格控制粮食市场', '中央对粮食实行统一管理', '计划供应']"
社会主义制度在中国确立的主要标志是（    ）。【出题：武汉大学】,['社会主义改造的基本完成']
习近平在2015年关于“以新的发展理念引领发展”的讲话中指出，（  ）发展注重的是解决发展动力问题。,['创新']
（  ）是马克思主义哲学的重要组成部分，是中国共产党人的世界观和方法论。,['辩证唯物主义']
1954年1月，中共中央就加强和改进各级党委对文艺工作的领导作出批示，指出文化工作的首要任务是积极地发展适合群众需要的新的文学艺术和电影的创作，同时对民间原有各种艺术和文化娱乐形式应广泛地加以发掘、利用、改革和发展。在此，毛泽东为戏曲发展提出了（    ）的方针。,['“百花齐放，推陈出新”']
为发展同新兴民族独立国家尤其是邻近的民族独立国家的关系，（    ）12月，我国政府在同印度就两国间存在的问题特别是印度与中国西藏地方关系问题的谈判中，首次提出和平共处五项原则，得到印度方面的赞同。【出题：武汉大学】,['1953年']
1953年，吴传玉在罗马尼亚（    ）举行的第一届国际青年友谊运动会游泳比赛中，以优异成绩夺得男子100米仰泳冠军，这是中国在国际比赛中夺得的第一枚金质奖章。【出题：武汉大学】,['布加勒斯特']
我国全面完成国民经济发展的第一个五年计划是在（    ）年。,['1957']
1950年10月初，中共中央作出“抗美援朝、保家卫国”的决策。10月18日，中国人民革命军事委员会主席毛泽东发布命令，任命（    ）为中国人民志愿军司令员兼政治委员，指挥中国人民志愿军赴朝抗美援朝。,['彭德怀']
实现全面建成小康社会、建成富强民主文明和谐的社会主义现代化国家的奋斗目标，实现中华民族伟大复兴的中国梦，就是要实现（  ）、（  ）、（  ），既深深体现了今天中国人的理想，也深深反映了先人们不懈追求进步的光荣传统。,"['国家富强', '民族振兴', '人民幸福']"
中华人民共和国成立后，第一个承认新中国的国家是（    ）。【出题：武汉大学】,['苏联']
1954年，第一届全国人民代表大会召开，会议的首要任务是（    ）。,['制定第一部社会主义宪法']
经中方一再争取，1955年8月开始的中美两国大使级会谈在双方平民回国问题上达成协议，多年来受美方限制不能回国的著名航天火箭专家（    ）等得以返回祖国。【出题：武汉大学】,['钱学森']
2020年《政府工作报告》指出，守住（    ）底线，就能稳住经济基本盘；以保促稳、稳中求进，就能为全面建成小康社会夯实基础。,['“六保”']
最早开始在全省范围对包产到户加以支持和引导指的是（    ），该省到1961年底，全省实行“责任田”的生产队占总数的91%。,['安徽省']
20世纪50年代中期到60年代中期，国家主席刘少奇、国务院总理周恩来、外交部部长陈毅多次出访亚非国家。其中以周恩来（    ）底前后出访亚非欧（    ）国最有影响。【出题：武汉大学】,['1963年、14']
新中国第一次以世界五大国之一的地位参加的国际会议是（    ）。,['日内瓦国际会议']
1956年，党的八大正确分析国内形势和国内主要矛盾的变化，指出我国国内的主要矛盾已经是（    ）。,"['人民对于建立先进的工业国的要求同落后的农业国的现实之间的矛盾', '人民对于经济文化迅速发展的需要同当前经济文化不能满足人民需要的状况之间的矛盾']"
海南全岛建设自由贸易试验区，要以制度创新为核心，赋予更大改革自主权，支持海南大胆试、大胆闯、自主改，加快形成（    ）的营商环境和公平开放统一高效的市场环境。,"['法治化', '便利化', '国际化']"
从1953年至1956年，我国举办了6000多次县以上体育运动会，其中全国性竞赛57次，规模最大的是1955年举行的全国第一届（    ）。【出题：武汉大学】,['工人体育运动大会']
新中国第一部电影故事片，使工人阶级第一次以主人公姿态出现在银幕上，揭开了中国电影史崭新的一页【出题：武汉大学】,['《桥》']
我国第一台每秒钟运算百万次的集成电路电子计算机试制成功的时间是（    ）。【出题：武汉大学】,['1973年']
党的八大正确分析了社会主义改造完成后中国社会的主要矛盾和主要任务。关于中国社会的主要矛盾，党的八大认为（    ）。【出题：武汉大学】,['是人民对于经济文化迅速发展的需要同当前经济文化不能满足人民需要的状况之间的矛盾']
“除了大庆，没有哪一个企业的诞生和发展，能与中华民族的精神与命运联系得如此紧密”，原石油工业部部长余秋里曾这样由衷地赞叹。以王进喜为代表的石油工人、科技人员和干部，吃大苦、耐大劳，创造了辉煌业绩，并形成了以自力更生、艰苦奋斗为核心，以“三老四严”“四个一样”为标志的（    ）。【出题：武汉大学】,['大庆精神']
在中国逐步实现工业化，存在着有利条件和不利条件。其中对于有利条件表述正确的有（    ）。,"['苏联的全面经济技术支持', '社会经济情况比较稳定，通货膨胀率较低', '新中国建立了一个集中统一、比较高效的中央政府']"
1950年10月至1951年6月，中国人民志愿军与朝鲜人民军紧密配合，历时七个多月，连续进行了五次大的战役，共歼敌23万人，将以美国为首的“联合国军”从鸭绿江边打回（    ），并将战线稳定在该地区附近。,['三八线']
党的十九大后，党中央把打好精准脱贫攻坚战作为全面建成小康社会的（  ）大攻坚战之一。,['三']
党的十八大强调，（  ）是党领导人民治理国家的基本方略。,['依法治国']
（  ）和（  ）是市场经济内在关系的两个基本方面，是对立统一的辩证关系，二者相互依存、互为条件。,"['需求', '供给']"
1957年2月，毛泽东在最高国务会议上提出的社会主义社会基本矛盾是（    ）。,"['生产力和生产关系之间的矛盾', '经济基础和上层建筑之间的矛盾']"
中国人民政治协商会议第一次全体会议决定，以《义勇军进行曲》为（    ）。【出题：武汉大学】,['代国歌']
过渡时期总路线好比展翅高飞的大鸟，（    ）是它的主体，对个体农业、手工业的社会主义改造，对资本主义工商业的社会主义改造分别是两翼。,['社会主义工业化']
新中国建立之初，对官僚资本进行没收后在全国经济成分中占比最高的是（    ）。,['国营经济']
（  ）是我们党和国家的根本组织制度和领导制度。,['民主集中制']
（  ）是国家的根本法，是治国安邦的总章程，具有最高的法律地位、法律权威、法律效力，具有根本性、全局性、稳定性、长期性。,['宪法']
1987年12月16日，中共中央政治局在北京召开会议。会议决定：党中央机构改革方案由（  ）组织实施。,['中央书记处']
（    ）是毛泽东关于社会主义建设的代表作。【出题：武汉大学】,['《论十大关系》']
为了克服国民经济的严重困难，毛泽东号召全党恢复实事求是、调查研究的作风，大兴调查研究之风，一切从实际出发，要求（    ）成为实事求是年、调查研究年。【出题：武汉大学】,['1961年']
以下科技成就是在1966—1976年期间取得的是（    ）【出题：武汉大学】,"['首次培育成功强优势的籼型杂交水稻', '成功爆炸第一颗氢弹', '成功发射第一颗人造地球卫星']"
推动建设（  ），是构建人类命运共同体的基本路径，就是要秉承相互尊重、公平正义、合作共赢原则，走出一条对话而不对抗、结伴而不结盟的国与国交往新路。,['新型国际关系']
1964年12月21日，第三届全国人民代表大会第一次全体会议在北京召开。会议提出了“四个现代化”的任务，即全面实现农业、工业、（    ）和科学技术的现代化。,['国防']
1954年4月，在苏联的推动下，由美、苏、英、法、中及有关国家外长参加的讨论（    ）和印度支那问题的会议在瑞士日内瓦召开。,['朝鲜问题']
1956年1月10日，北京市率先宣布私营工商业全部实现全行业（    ）。【出题：武汉大学】,['公私合营']
在党的八大上所作的发言中，陈云提出了（    ）的思想，为大会决议所采纳。这是在理论上探索我国经济体制改革的重要尝试。【出题：武汉大学】,['“三个主体，三个补充”']
（  ）是民生之源，是改善民生，实现发展成果由人民共享最重要最直接的方式。,['收入分配']
《中华人民共和国宪法》作为中华人民共和国的第一部宪法，确立了我国社会主义的根本政治制度，其中明确规定：“中华人民共和国的一切权力属于人民。人民行使权力的机关是（    ）和（    ）。”,"['地方各级人民代表大会', '全国人民代表大会']"
1956年底，我国基本上完成了对生产资料私有制的社会主义改造，初步建立起公有制占绝对优势的社会主义（    ）。【出题：武汉大学】,['经济制度']
1972年2月28日，中美双方在上海发表（  ）。它体现着求同存异的精神，标志着曾经长期尖锐对立的中美两国从此走上实现关系正常化的道路，为以后中美关系发展留下了有益的历史启示。,['联合公报']
新中国成立后，对原来官僚资本统治时期遗留下来的各种不合理的制度进行了一系列的改革，改革的中心环节是建立（    ），实行工厂民主管理。,['工厂管理委员会']
1978年5月7日，国务院批准国家计委起草的通知，实行奖励和计件工资制。这一制度打破了（    ）。【出题：武汉大学】,['平均主义']
1956年4月，毛泽东明确提出，要把马克思主义的基本原理同中国实际进行第二次结合是在（    ）上。【出题：武汉大学】,['中央书记处会议']
新时代坚持和发展中国特色社会主义的基本方略，可以概括为“十四个坚持”，其中摆在首位的是：（  ）,['坚持以人民为中心']
1973年《人民日报》、《红旗》杂志、《解放军报》联合发表《新年献词》，在社论“胜利了，不要忘乎所以”中，传达了毛泽东提出的（    ）这一方针性的口号。【出题：武汉大学】,"['广积粮', '不称霸', '深挖洞']"
我国基本完成土地改革的时间是（    ）。【出题：武汉大学】,['1952年底']
党在过渡时期总路线的主要内容被概括为“一化三改”，也曾被比喻为鸟的“主体”和“两翼”。“主体”是指（    ）。,['社会主义工业化']
土地改革在全国基本完成的时间是（    ）年。,['1952']
为发展同新兴民族独立国家尤其是邻近的民族独立国家的关系，1953年12月，我国政府在同（    ）就两国间存在的问题特别是与中国西藏地方关系问题的谈判中，首次提出和平共处五项原则，得到对方的赞同。【出题：武汉大学】,['印度']
1956年9月召开的（    ），是党取得全国执政地位后召开的第一次全国代表大会。,['中国共产党第八次全国代表大会']
坚持（  ）是实现中华民族伟大复兴的根本保证。,['党对一切工作的领导']
2018年11月，习近平总书记在上海考察时指出，经济强国必定是（  ）、（  ）。洋山港建成和运营，为上海加快国际航运中心和自由贸易试验区建设、扩大对外开放创造了更好条件。,"['航运强国', '海洋强国']"
1950年2月，中苏签订（    ）及有关协定，使中苏两国友谊用法律形式固定下来。【出题：武汉大学】,['《中苏友好同盟互助条约》']
我国对个体手工业进行社会主义改造的主要方式是（    ）。,['合作化']
（  ）是坚持和发展中国特色社会主义的本质要求和重要保障，事关我们党执政兴国，事关人民幸福安康，事关党和国家事业发展。,['全面依法治国']
推动高质量发展是适应我国（  ）变化的必然要求。,['社会主要矛盾']
1978年3月18日，邓小平在全国科学大会上阐述科学技术的重要作用，提出的著名论断是（    ）。【出题：武汉大学】,['科学技术是第一生产力']
（    ）年2月，美国总统尼克松访问中国，中美双方在上海发表《联合公报》，标志着中美关系正常化进程的开始。【出题：武汉大学】,['1972']
1964年11月7日，周恩来、贺龙率领的中国党政代表团到莫斯科参加十月革命（    ）纪念活动，在克里姆林宫出席招待会。【出题：武汉大学】,['47周年']
20世纪50年代后期到60年代，新中国除了教育、文化事业以外，卫生工作也取得了旧中国无法比拟的成就。1958年11月，血吸虫病已在半数以上流行区基本消灭，（    ）高兴地写下了诗篇《送瘟神》。【出题：武汉大学】,['毛泽东']
中国登山队在人类历史上第一次从北坡登上了世界最高峰——珠穆朗玛峰是在（    ）。【出题：武汉大学】,['1960年']
习近平总书记指出，坚持（  ），必须坚持国家利益至上，以人民安全为宗旨，以政治安全为根本，统筹外部安全和内部安全，国土安全和国民安全、传统安全和非传统安全，自身安全和共同安全，完善国家安全制度体系，加强国家安全能力建设，坚决维护国家主权、安全、发展利益。,['总体国家安全观']
（  ）是构建人类命运共同体的重要平台。,['“一带一路”倡议']
和平共处五项原则首先是为了处理（    ）的关系提出的。,['中国和亚洲民族独立国家']
《论十大关系》是毛泽东为主要代表的中国共产党开始探索中国自己的社会主义建设道路的标志。《论十大关系》围绕的基本方针是（    ）。【出题：武汉大学】,['调动一切积极因素，把我国建设成为一个强大的社会主义国家']
对资本主义工商业的社会主义改造，是过渡时期总路线总体布局中的重要一翼。对于资本主义工商业改造的步骤是（    ）。,['初级形式的国家资本主义、个别企业的公私合营、全行业的公私合营']
1950年2月，毛泽东访问苏联期间同苏联签订的条约是（    ）。,['《中苏友好同盟互助条约》']
1956年6月7日，在上海举行的中苏举重友谊赛中，（    ）打破56公斤级挺举世界纪录，这是中国运动员创造的第一个世界纪录。【出题：武汉大学】,['陈镜开']
中国共产党在过渡时期总路线的主体是实现（    ）。,['国家的社会主义工业化']
（  ）是一个民族赖以维系的精神纽带，是一个国家共同的思想道德基础。,['核心价值观']
新中国成立初期，中国处于新民主主义社会。新民主主义社会有五种经济成分，其中主要的经济成分是（    ）。,"['资本主义经济', '社会主义经济', '个体经济']"
为发展同新兴民族独立国家尤其是邻近的民族独立国家的关系，1953年12月，我国政府在同印度就两国间存在的问题特别是印度与中国西藏地方关系问题的谈判中，首次提出和平共处五项原则，得到印度方面的赞同。其表述几经斟酌，最后确定为：（    ）。【出题：武汉大学】,"['互相尊重主权和领土完整 ', '互不侵犯、互不干涉内政', '和平共处', '平等互利']"
1949年4月20日，人民解放军发起渡江战役。23日占领国民党反动统治中心南京，标志着国民党（    ）反动统治的崩溃。【出题：武汉大学】,['22年']
几百万工人、干部、科技人员、解放军官兵，在“好人好马上三线”的号召下，从全国四面八方来到经济落后的西部地区，为中国的国防工业发展和工业布局作出了巨大贡献，形成了（    ）的三线精神。【出题：武汉大学】,['艰苦创业、无私奉献、团结协作、勇于创新']
（  ）是我国社会主义民主政治的特有形式和独特优势，是党的群众路线在政治领域的重要体现。,['协商民主']
党的十九大报告指出，当前，国内外形势正在发生深刻复杂变化，我国发展仍处于重要（  ），前景十分光明，挑战也十分严峻。,['战略机遇期']
1956年12月29日，《人民日报》发表毛泽东主持中央会议写成的（    ），第一次明确提出社会主义社会存在两类社会矛盾，人民内部矛盾可以而且应该从团结的愿望出发，经过批评或者斗争获得解决，在新的条件下达到新的团结。【出题：武汉大学】,['《再论无产阶级专政的历史经验》']
通过“一五”计划建设，建立起一些旧中国没有的工业制造部门，出现了中国历史上许多“第一个”，（    ）中国第一艘中型鱼雷潜艇由江南制造厂制造成功。【出题：武汉大学】,['1957年']
1961年，党的八届九中全会制定的关于国民经济的指导方针是（    ）。,"['巩固', '提高', '调整', '充实']"
新时代我国经济发展的基本特征，是由（  ）。,['高速增长阶段转向高质量发展阶段']
1953年12月，毛泽东同志形成了关于总路线的完整表述：“从中华人民共和国成立，到社会主义改造基本完成，这是一个过渡时期。这一过渡时期要完成的三大改造是指对（    ）的改造。”,"['农业', '资本主义工商业', '手工业']"
毛泽东在《论十大关系》中阐述的首要的经济关系是（    ）。【出题：武汉大学】,['农业、重工业和轻工业的关系']
在科学方面，中共中央科学小组领导国家科委，制定了1963年至1972年的的中国第（    ）个科技发展远景规划。【出题：武汉大学】,['二']
中华人民共和国成立后的新民主主义社会属于（    ）。,['社会主义体系的过渡性质的社会']
1953年6月15日，中央政治局扩大会议对此进行讨论，毛泽东在会上首次提出了党在过渡时期总路线的基本内容，后来正式表述为（    ）。【出题：武汉大学】,"['从中华人民共和国成立，到社会主义改造基本完成，这是一个过渡时期', '党在这个过渡时期的总路线和总任务，是要在一个相当长的时期内，逐步实现国家的社会主义工业化', '这条总路线是照耀我们各项工作的灯塔，各项工作离开它，就要犯右倾或“左”倾的错误', '逐步实现国家对农业、手工业和对资本主义工商业的社会主义改造']"
2017年1月18日，习近平在日内瓦联合国总部发表关于“建构人类命运共同体”的演讲中表示，我们要倡导（  ）、（  ）、（  ）、（  ）的生产生活方式，平衡推进2030年可持续发展议程，不断开拓生产发展、生活富裕、生态良好的文明发展道路。,"['可持续', '循环', '低碳', '绿色']"
1974年2月，毛泽东在会见赞比亚总统卡翁达时提出的重要思想是（    ）。,['“三个世界”思想']
2019年8月20日，中国（上海）自由贸易试验区（  ）新片区正式揭牌。,['临港']
（    ）在农业生产力没有发生根本变化的条件下，把汪洋大海般的一亿多小农个体经济改造成为集体经济，使农业经营制度发生了根本性变化，是中国几千年农耕文明历史上的一次伟大而深刻的变革。【出题：武汉大学】,['农业合作化']
1952年12月，中共中央在《关于编制一九五三年计划及五年建设计划纲要的指示》中，作出优先发展（    ）的抉择。,['重工业']
（    ）4月，在苏联的推动下，由美、苏、英、法、中及有关国家外长参加的讨论朝鲜问题和印度支那问题的会议在瑞士日内瓦召开。【出题：武汉大学】,['1954年']
1953年，中国共产党根据国内经济、政治条件及国际形势的变化，正式提出（    ），开始实行有计划的经济建设和对生产资料私有制的社会主义改造。,['“过渡时期总路线”']
1957年底，“一五”计划超额完成了规定任务。工业、交通运输业和基本建设各条战线喜报连连，中国第一家生产载重汽车的工厂（    ）此阶段建成投产。,['长春第一汽车制造厂']
1963年3月5日，《人民日报》发表毛泽东题词“向（    ）同志学习”，刘少奇、周恩来等党和国家主要领导人先后为其题词。【出题：武汉大学】,['雷锋']
1952年11月，根据中共中央的决定，成立了以（    ）为部长的中央农村工作部。【出题：武汉大学】,['邓子恢']
（    ）年9月，第一届全国人民代表大会第一次会议制定了中华人民共和国第一部宪法，标志着人民代表大会这个根本政治制度的确立。【出题：武汉大学】,['1954']
从社会主义改造必须同社会主义工业化的步骤相适应的要求来看，20世纪50年代中期农业合作化的完成，使农村土地由农民个体所有转变为合作社集体所有，解决了土地（    ）的问题，有利于对土地利用的合理规划，进行农田水利基本建设，改善农业生产条件。【出题：武汉大学】,['公有']
朝鲜停战谈判地点先是设在开城，后移至（    ）。【出题：武汉大学】,['板门店']
1956年知识分子问题会议后，国务院成立科学规划委员会，在周恩来、陈毅、李富春、聂荣臻等组织领导下，特别制定出了1956年（    ）紧急措施。【出题：武汉大学】,['四项']
中国革命和建设的基本立足点是（    ）。,['独立自主、自力更生']
要坚持（  ）原则，完善按要素分配的体制机制，促进收入分配更合理、更有序。,['按劳分配']
1956年9月，中国共产党第八次全国代表大会召开，这次会议最主要的贡献是（    ）。,['正确指出国内的主要矛盾']
同《论十大关系》的讨论相联系，1956年4月的政治局扩大会议上还提出了在文化工作中实行（    ）的方针。,['百花齐放、百家争鸣']
影响满足人民美好生活需要的因素很多，但主要是发展（  ）问题。,['不平衡不充分']
1960年，河南省林县人民开始在太行山脉修建被誉为“人工天河”的（    ）。,['红旗渠']
党的十九大把坚持（  ）作为新时代坚持和发展中国特色社会主义的基本方略。,['新发展理念']
（    ）6月，周恩来总理兼外交部长应邀访问印度和缅甸，分别与两国发表联合声明，一致同意以和平共处五项原则作为指导相互关系的基本原则，并倡议将和平共处五项原则作为处理国际关系的准则，在世界上产生了广泛影响。【出题：武汉大学】,['1954年']
1964年11月7日，（    ）率领的中国党政代表团到莫斯科参加十月革命纪念活动，在克里姆林宫出席招待会。【出题：武汉大学】,['周恩来、贺龙']
建构（  ）的内涵极为丰富、深刻。习近平总书记指出：“要建设持久和平、普遍安全、共同繁荣、开放包容、清洁美丽的世界。”,['人类命运共同体']
中共中央总书记、国家主席、中央军委主席习近平在2014年出席亚信上海峰会后在上海考察时强调，上海作为全国最大的（  ）城市，在国家发展大局中占有重要位置，要抓住机遇，锐意进取，继续当好全国改革开放排头兵、科学发展先行者，不断提高城市核心竞争力，开创各项工作新局面。,['经济中心']
1956年4月，毛泽东在（    ）作《论十大关系》的讲话【出题：武汉大学】,['中央政治局扩大会议']
1961年初，党的八届九中全会针对国民经济的严峻形势，制定了新的方针，这一方针是（    ）。【出题：武汉大学】,['调整、巩固、充实、提高']
1962年3月，周恩来在广州全国科学和文化方面的座谈会上发表了题为（    ）的讲话。他指出：“不论是在解放前还是在解放后，我们历来都是把知识分子放在革命联盟内，算在人民的队伍当中。”【出题：武汉大学】,['《论知识分子问题》']
1957年2月，毛泽东在最高国务会议上提出的社会主义社会两类不同性质矛盾是（    ）。【出题：武汉大学】,"['人民内部之间的矛盾', '敌我之间的矛盾']"
中国人民政治协商会议第一届全体会议特别邀请了自辛亥革命以来不同历史时期具有影响的代表人物，其中列在首位的是（    ）。【出题：武汉大学】,['宋庆龄']
1958年，在毛泽东主持起草的《工作方法六十条（草案）》中，提出“不断革命”、把党的工作重点放到（    ）上去的思想。,['技术革命']
我国洲际火箭首次飞行试验成功是在（    ）年。【出题：武汉大学】,['1971']
人民公社化运动和家庭联产承包责任制的不同结果是因为（    ）。【出题：武汉大学】,['两者对生产关系调整的内涵不同']
经过两个多月的谈判，1964年1月27日，中国与（    ）发表联合公报，宣布建立外交关系，两国建交震动了整个世界。,['法国']
经过中国共产党同各民主党派、无党派民主人士和各人民团体三个多月紧张有序的工作，1949年9月21日至30日，中国人民政治协商会议第一届全体会议在北平举行。关于它的说法正确的是（    ）。,"['宣告了中华人民共和国的成立', '它的任务是集中全国各族人民的意志', '制定了中国人民自己的宪章', '组织中国人民自己的政府']"
（  ）是中国特色社会主义的本质属性。,['社会和谐']
1972年9月，日本首相（  ）来华访问。随后，中日双方签署建立外交关系的联合声明，宣告中日之间的不正常状态结束。,['田中角荣']
中国特色社会主义（  ）发展道路，既有科学的指导思想，又有严谨的制度安排；既有明确的价值取向，又有有效的实现形式和可靠的推动力量。,['政治']
我国制定的发展国民经济的第一个五年计划是指（    ），在这期间建设的各项指标也都大幅度超额完成。【出题：武汉大学】,['1953—1957']
个别企业的公私合营是（    ）性质的企业，社会主义经济与资本主义经济在企业内部联系与合作，利润分配仍实行“四马分肥”的原则，但资本主义只能按私股所占比例取得红利的一部分，另一部分红利转为国家所有。【出题：武汉大学】,['半社会主义']
1964年，湖南安江农业学校教师（    ）开创了杂交水稻研究。【出题：武汉大学】,['袁隆平']
（    ）年5月，《关于和平解放西藏办法的协议》在北京签署，西藏和平解放。【出题：武汉大学】,['1951']
中国共产党在新中国成立之后召开的第一次中央全会是（    ），反映了党刚刚执掌全国政权时，对慎重处理社会转变时期的社会矛盾保持了高度的清醒，并相应制定了文件的发展战略。,['党的七届三中全会']
1949年12月6日，毛泽东前往苏联访问，这次访问最重要的目的是（    ）。【出题：武汉大学】,['同苏联订立新的条约']
西藏自治区筹备委员会于1956年成立。1957年5月，中共中央决定，（    ）内在西藏不进行民主改革。【出题：武汉大学】,['6年']
决定对国民经济实行“调整、巩固、充实、提高”的八字方针的会议是（    ）。【出题：武汉大学】,['党的八届九中全会']
1954年5月，在中方的协助下，越南人民抗击法国侵略的战争取得奠边府战役大捷，导致法国主战派内阁倒台。以周恩来为首的中国代表团抓住机遇，在（    ）等国代表团之间进行了卓越的外交斡旋，终于促使会议达成恢复印度支那和平的协议，法国从越南、老挝、柬埔寨撤军，并确认三国的民族独立地位。【出题：武汉大学】,"['英国', '苏联 ', '越南', '法国']"
1954年6月，周恩来总理兼外交部长应邀访问印度和缅甸，分别与两国发表联合声明，一致同意以（    ）原则作为指导相互关系的基本原则，并倡议将其作为处理国际关系的准则，在世界上产生了广泛影响。【出题：武汉大学】,['和平共处五项']
1954年制定的《中华人民共和国宪法》是一部社会主义类型的宪法。它体现了两大原则，即（    ）和社会主义原则，把中国人民行使当家作主权利的政治制度用根本大法的形式确定下来，并指明了为建立社会主义社会继续奋斗的正确道路。,['人民民主原则']
1949年11月，中共中央决定成立党的纪律监察委员会，（    ）任中央纪律检查委员会书记。【出题：武汉大学】,['朱德']
毛泽东在《关于正确处理人民内部矛盾的问题》中提出解决社会主义社会基本矛盾的途径是（    ）。【出题：武汉大学】,['依靠社会主义制度本身的自我调整和自我完善']
以下对《论十大关系》的表述正确的是（    ）。【出题：武汉大学】,"['十大关系围绕的基本方针是调动一切积极因素，把我国建设成为一个强大的社会主义国家', '“十大关系”之一是中央和地方的关系', '它为党的八大的召开作了理论准备', '它是新中国成立以来中央领导集体深入调查研究的成果']"
毛泽东在党的（    ）上提出了“不要四面出击”的方针。【出题：武汉大学】,['七届三中全会']
（  ）是社会主义民主政治的本质和核心。,['人民当家作主']
中央人民政府成立后，（    ）是全国大陆最后一个待解放地区。,['西藏']
1950年5月1日颁行的《中华人民共和国婚姻法》是新中国制定的第一部法律。它明确规定：“废除包办强迫、男尊女卑、漠视子女权益的封建主义婚姻制度。实行（    ）的新民主主义婚姻制度。”,"['一夫一妻', '保护妇女和子女合法利益', '男女权利平等', '男女婚姻自由']"
1957年开始的整风运动中发出的《关于整风运动的指示》要求达到（    ）的目的。,['治病救人']
进入新时代，我国社会主要矛盾已经转化为人民日益增长的美好生活需要和（  ）的发展之间的矛盾。,['不平衡不充分']
（  ）是中国特色社会主义的根本原则。,['共同富裕']
（    ）计划在1951年开始编制，从1953年起边实施、边讨论修改，到1955年7月一届全国人大二次会议正式通过，历时4年编制完成。【出题：武汉大学】,['一五']
中国特色社会主义是（  ）和（  ）的统一。,"['阶段性', '连续性']"
20世纪50年代至60年代，文艺方面出现了创作高潮，脍炙人口的优秀作品不断涌现。其中属于这一时期创作的剧作的是（    ）。【出题：武汉大学】,"['老舍的《茶馆》', '田汉的《谢瑶环》']"
坚持中国特色社会主义法治道路的根本目的是（  ）。,['保障人民权益']
党的十九大把（  ）建设纳入党的建设总体布局，推动实现了党建理论、实践和制度的重大创新。,['纪律']
“一五”计划从（    ）年开始实施。【出题：武汉大学】,['1953']
1955年10月（    ）自治区成立。【出题：武汉大学】,['新疆维吾尔']
指出了中国由农业国转变为工业国、由新民主主义社会转变为社会主义社会的发展方向的会议是（    ）。【出题：武汉大学】,['党的七届二中全会']
我国对资本主义工商业的社会主义改造所采取的基本政策是（    ）。,['统购包销的实行']
1956年4月，（    ）在中央书记处会议上明确提出，要把马克思主义的基本原理同中国实际进行第二次结合。【出题：武汉大学】,['毛泽东']
2018年11月5日，国家主席习近平在首届中国国际进口博览会开幕式上的主持讲演中指出，这届进口博览会以“新时代，（  ）”为主题，就是要欢迎各国朋友，把握新时代中国发展机遇，深化国际经贸合作，实现共同繁荣。,['共享未来']
1956年5月26日，中宣部部长（    ）在科学界和文艺界会议上，代表中共中央作了题为《百花齐放、百家争鸣》的报告，对“双百”方针进行了详细阐述，引起了强烈共鸣。【出题：武汉大学】,['陆定一']
《中华人民共和国民族区域自治法》是实施（    ）规定的民族区域自治制度的基本法律。,['宪法']
（    ），贯通“世界屋脊”的康藏、青藏公路全线通车。【出题：武汉大学】,['1954年']
2008年12月召开的是纪念《告台湾同胞书》发表（  ）周年座谈会。,['30']
在发出“向现代科学进军”号召不久，党中央确定（    ）作为发展科学文化事业的指导方针。【出题：武汉大学】,['百花齐放，百家争鸣']
党的十八大以来，我们提出践行正确义利观，推动构建以（  ）为核心的新型国际关系，打造人类命运共同体，打造遍布全球的伙伴关系网络，倡导共同、综合、合作、可持续的安全观等。,['合作共赢']
1968年12月，我国自行设计建造的当时最大的铁路、公路两用桥全面建成通车，指的是（    ）。,['南京长江大桥']
巩固和发展最广泛的爱国统一战线，最根本的是要坚持（  ）。,['党的领导']
走中国特色社会主义政治发展道路，必须坚持（  ）、（  ）、（  ）有机统一。,"['依法治国', '党的领导', '人民当家作主']"
中国从1952年开始进行有计划的社会主义经济建设，按照第一个五年计划的基本任务和各项指标的要求，国家经济建设的重点是（    ）。【出题：武汉大学】,"['为建立独立的比较完整的国民经济体系创造前提', '为实现工业化奠定基础', '为建立独立的比较完整的工业体系创造前提', '为社会主义改造创造前提']"
1978年8月12日，中日两国签署《中华人民共和国和日本国和平友好条约》。同年10月，（  ）访问日本。这标志着中日睦邻友好关系发展到一个新起点。,['邓小平']
1953年，游泳运动员（    ）为中国在国际比赛中夺得第一枚金质奖章。【出题：武汉大学】,['吴传玉']
新疆维吾尔自治区是（    ）10月成立的。【出题：武汉大学】,['1955年']
“三块石头支口锅，帐篷搭在山窝窝”指的是在（    ），三线建设者们依靠人力将成千上万吨的大型器材设备和生活物资运过来，在深山峡谷中建立起了被誉为“象牙微雕”的现代化大型钢铁企业，首创世界最高水平的钒钛冶炼技术。【出题：武汉大学】,['攀枝花钢铁基地']
新中国成立初期，中国共产党在土地改革中对富农的政策是（    ）。,['保存富农经济']
20世纪60年代前后，面对台湾海峡局势和中美关系再度紧张的形式，中央军委于（    ）下达准备炮击金门的命令。【出题：武汉大学】,['1958年']
“一五”计划建设时期，涌现出一大批劳动模范和先进单位，青岛青年女工（    ）的细纱工作法在纺织系统全面推广，各地棉纺厂不断刷新生产记录。【出题：武汉大学】,['郝建秀']
社会主义制度在中国建立起来后，在开始建设社会主义的时候，党号召过（    ）。【出题：武汉大学】,['学习苏联']
（  ）战略布局，是我们党站在新的历史起点上，把握我国发展新特征确定的治国理政新方略，是新的时代条件下推进改革开放和社会主义现代化建设、坚持和发展中国特色社会主义的战略抉择。,['“四个全面”']
中国人民政治协商会议是（    ）统一战线的组织形式，同时也是中国共产党领导的多党合作和政治协商的主要机构。,['人民民主']
20世纪60年代开始的、跨越三个五年计划的三线建设，其意义有（    ）。【出题：武汉大学】,"['改善了我国国民经济布局', '提高了国家的国防能力', '是推进我国现代化进程的重要步骤', '推进了中西部落后地区的经济社会发展']"
邓小平在1965年和1966年带领十几位部、省级干部，跋山涉水到西南、西北三线地区考察地址，确定了“两基一线”工业布局，形成了全国三线建设的中心。其中“一线”指的是（    ）。【出题：武汉大学】,['成昆铁路']
党在社会主义初级阶段的基本路线的奋斗目标是（    ）。,['建设“富强民主文明的社会主义现代化国家”']
中国共产党在中国新民主主义革命中战胜敌人的三大法宝是（    ）。【出题：武汉大学】,"['武装斗争', '党的建设', '统一战线']"
坚定（  ）自信，是事关国运兴衰、事关文化安全、事关民族精神独立性的大问题。,['文化']
第一个五年计划的超额完成，加强了我国的（    ）。,['社会主义经济基础']
（    ）标志着新民主主义革命阶段的基本结束和社会主义革命阶段的开始。【出题：武汉大学】,['中华人民共和国的成立']
党的八大正确分析国内形势和国内主要矛盾的变化，明确规定了党和全国人民在新形势下的主要任务。大会宣布：我国（    ）之间的矛盾已经基本上解决，几千年来的阶级剥削制度的历史已经基本上结束，社会主义的社会制度在我国已经基本上建立起来。,['无产阶级同资产阶级']
1955年下半年到1956年，是实行（    ）形式国家资本主义阶段，分为个别企业的公私合营和全行业公私合营两种类型。【出题：武汉大学】,['高级']
两岸“三通”中的“三通”包括（  ）。,['通邮、通航、通商']
新中国第一次正式提出实现“四个现代化”奋斗目标的会议是（    ）。,['第三届全国人民代表大会']
中国开放的大门不会关上。过去10年，中国全面履行入世承诺，商业环境更加开放和规范。中国将在（  ）、（  ）、（  ）上提高开放型经济水平。,"['更大范围', '更宽领域', '更深层次']"
正式提出共产党与民主党派之间“长期共存，互相监督”方针是在（    ）。,['《论十大关系》']
下列在20世纪50年代至60年代创作的文艺作品中，属于杨沫的作品是（    ）。【出题：武汉大学】,['《青春之歌》']
人民创造历史，劳动开创未来。（  ）是推动人类社会进步的根本力量。,['劳动']
2018年11月5日，国家主席习近平在首届中国国际进口博览会开幕式的主旨研究中指出，举办中国国际进口博览会，体现了中国支持多边贸易体制、推动发展（  ）的一贯立场，是中国推动建设开放型世界经济、支持经济全球化的实际行动。,['自由贸易']
中国共有5个省级民族自治区，其中宁夏回族自治区是在（    ）成立的。【出题：武汉大学】,['1958年10月26日']
1955年，中国在万隆会议上提出并坚持（    ）的方针，推动会议朝着达成协议的方向前进，避免了可能走上歧路的危险。【出题：武汉大学】,['求同存异']
（    ）举行的开国大典阅兵，是新中国成立后的第一次军事阅兵。【出题：武汉大学】,['1949年10月1日']
（  ）是中国特色社会主义的必然选择。,['和平发展']
在1956年1月14日至20日中央召开的关于知识分子问题的会议上，（    ）提出要进行技术革命、文化革命，革技术落后的命，革愚昧无知的命，号召全党努力学习科学知识，同党外知识分子团结一致，为迅速赶上世界科学先进水平而奋斗。【出题：武汉大学】,['毛泽东']
1957年4月27日，中共中央正式发出《关于整风运动的指示》，决定在全党进行普遍、深入的反对官僚主义、宗派主义和主观主义的整风运动。这次整风运动以（    ）为主题。,['正确处理人民内部矛盾']
1954年4月，在苏联的推动下，由美、苏、英、法、中及有关国家外长参加的讨论朝鲜问题和印度支那问题的会议在（    ）召开。【出题：武汉大学】,['瑞士日内瓦']
新中国第一个五年计划的起止时间为（    ）。,['1953年—1957年']
整风是中国共产党加强自身建设的一种创造。1957年4月中共中央下发《关于整风运动的指示》，指出本次整风的重点是（    ）。【出题：武汉大学】,['反对官僚主义、宗派主义和主观主义']
《中华人民共和国宪法》作为中华人民共和国的第一部宪法，其重要内容是以根本大法确立中国国内各民族间平等友爱互助的关系，保障各少数民族的（    ）。,['自治权利']
新中国成立之初，中央确定调整工商业工作，必须在“公私兼顾、劳资两利”的基本方针下，重点调整（    ）。,['公私关系']
（    ）高考制度得到恢复，全国高校重新通过统一考试招收新生。【出题：武汉大学】,['1977年']
1953年5月27日，李维汉向中央和毛泽东报送《资本主义工业中的公私关系问题》的调查报告。报告指出，新中国成立后，国家资本主义已有相当的发展，形成了从加工、订货、收购、包销、统购、统销到（    ）等一系列从低级到高级的形式。,['公私合营']
《论十大关系》前五条主要讨论（    ）。【出题：武汉大学】,['经济问题']
中华人民共和国的建立，是中国共产党领导中国人民进行（    ）取得全国胜利的结果。,['新民主主义革命']
全国第一届工人体育运动大会举办时间是（    ）。【出题：武汉大学】,['1953年']
党的八大通过的新党章规定，党的全国代表大会实行常任制，每届任期（    ），每年开一次全国代表大会会议。,['五年']
多党合作的首要前提和根本保证是（    ）。多党合作的重要机构是中国人民政治协商会议。,['坚持中国共产党的领导']
标志着中国进入开始全面建设社会主义历史阶段是（    ）。【出题：武汉大学】,['社会主义基本制度的全面确立']
“一五”计划建设时期，涌现了一大批劳动模范和先进单位，青岛青年女工郝建秀的（    ）在纺织系统全面推广，各地棉纺厂不断刷新生产记录【出题：武汉大学】,['细纱工作法']
（  ）是最大的民生工程、民心工程、根基工程。,['就业']
1956年底，我国基本上完成了对生产资料私有制的社会主义改造，初步建立起（    ）占绝对优势的社会主义经济制度。【出题：武汉大学】,['公有制']
从新民主主义向社会主义过渡时期，中国社会存在的经济成分有（    ）。,"['个体经济', '国家资本主义经济', '国营经济和合作社经济', '私人资本主义经济']"
习近平总书记强调，党的（  ）建设是党的根本性建设，决定党的建设的方向和效果。,['政治']
习近平总书记用“六个精准”全面阐释精准扶贫概念，包括：扶持对象精准、项目安排精准、资金使用精准、措施到户精准、因村派人精准、（  ）。,['脱贫成效精准']
1955年4月，二战后第一次没有西方殖民国家参加的国际会议是（    ）。【出题：武汉大学】,['万隆会议']
从中华人民共和国成立到社会主义改造基本完成，是我国从新民主主义到社会主义的过渡时期，这一时期，个体经济向社会主义集体经济过渡的形式是（    ）。,['合作社经济']
1963年1月，周恩来将毛泽东提出的对台湾原则概括为“一纲四目”。其中一纲是（    ）。【出题：武汉大学】,['台湾须归回中华人民共和国']
2019年11月25日，习近平主席在第二届中国国家进口博览会开幕式上的主旨演讲中指出，各国应该坚持（  ）的理念，而不应把一己之利凌驾于人类利益之上。,['人类优先']
20世纪50年代中期，在中央宣传部指导下，中国科学院哲学社会科学部组织一批专家，编制了（    ）哲学社会科学发展的远景规划。【出题：武汉大学】,['十二年']
坚持四项基本原则的核心是（    ）。,['坚持中国共产党的领导']
新民主主义社会的五种经济成分中，处于十字路口的经济成分是（    ）。,['个体经济']
1956年4月，毛泽东发表（    ），初步提出了中国社会主义建设的基本方针，就是把国内外一切积极因素调动起来，为社会主义事业服务。【出题：武汉大学】,['《论十大关系》']
20世纪50年代至60年代，文艺方面出现了创作高潮，脍炙人口的优秀作品不断涌现。其中这一时期创作的小说有（    ）。【出题：武汉大学】,"['欧阳山的《一代风流》', '柳青的《创业史》', '杨沫的《青春之歌》']"
1953年9月23日，全国文联在京召开中国文学艺术工作者第二次代表大会，这是一次贯彻过渡时期总路线的文化动员大会。会议确定了毛泽东为指导戏曲工作提出的“（    ）”原则，应当成为整个文学艺术事业发展的方针。,['百花齐放']
“一切从实际出发，不调查没有发言权，必须成为全党干部的思想和行动的首要准则”。这是1961年3月中央在《关于认真进行调查工作问题给各中央局，各省、市、区党委的一封信》中强调的。这实际上向全党干部提出了端正（    ）的问题。【出题：武汉大学】,['思想路线']
下列在20世纪50年代至60年代创作的文艺作品中，属于柳青的作品是（    ）。【出题：武汉大学】,['《创业史》']
（    ）年，党的七届四中全会通过了《关于增强党的团结的决议》，指出党的团结是党的生命，是马克思列宁主义的基本原则，并且向全党特别是中央委员和高级干部强调增强和维护党的团结的极端重要性。,['1954']
1954年1月，中共中央就加强和改进各级党委对文艺工作的领导作出批示，指出（    ）的首要任务是积极地发展适合群众需要的新的文学艺术和电影的创作，同时对民间原有各种艺术和娱乐形式应广泛地加以发掘、利用、改革和发展。【出题：武汉大学】,['文化工作']
1978年5月11日，《光明日报》发表了（    ）的特约评论员文章。由此，一场关于真理标准问题的大讨论在全国展开。【出题：武汉大学】,['《实践是检验真理的唯一标准》']
党的十九大明确，要把我国建设成为富强、民主、文明、和谐、（  ）的社会主义现代化强国。,['美丽']
社会主义（    ）的确立，为当代中国的一切发展和进步奠定了制度基础。【出题：武汉大学】,"['经济制度', '政治制度']"
1955年亚非会议期间，周恩来发表声明：中国政府愿意同（    ）政府坐下来谈判，讨论和缓远东紧张局势特别是和缓台湾地区的紧张局势问题。这个声明促使两国于1955年8月开始大使级会谈，为以后两国关系的改善打下了初步基础。【出题：武汉大学】,['美国']
 1954年9月，第一届全国人民代表大会第一次会议制定了中华人民共和国第一部宪法，标志着（    ）这个根本政治制度的确立。【出题：武汉大学】,['人民代表大会']
从1951年12月至1952年10月，在我国开展的一场运动是（    ）。【出题：武汉大学】,['反对贪污反对浪费反对官僚主义的“三反运动”']
（    ），中国第一枚导弹核武器发射成功，实现了原子弹、导弹“两弹结合”。【出题：武汉大学】,['1966年10月27日']
对个体手工业的社会主义改造，是过渡时期总路线提出的三大改造任务之一。其中在推进手工业合作化的过程中，我们党制定的方针是积极领导，（    ）。,['稳步前进']
1961年7月，在（    ）召开的国防工作会议提出坚持攻关，争取在1963年拿出原子弹的初步设计方案，争取三年、五年或更长一些时间得到突破。【出题：武汉大学】,['北戴河']
我国土地制度改革在全国范围内基本完成是在（    ）。,['1952年']
“一五”计划建设时期，涌现出一大批劳动模范和先进单位，其中大同煤矿工人（    ）和工友们创造出一套巷道快速掘进法，大大提高了劳动生产率【出题：武汉大学】,['马六孩']
1958年11月28日至12月10日，党的八届六中全会在（    ）召开，会议通过了《关于人民公社若干问题的决议》，强调要划清集体所有制和全民所有制，社会主义和共产主义的两种界限。,['武昌']
1954年4月，在瑞士日内瓦召开由中、美、苏、英、法及其他有关国家外交部长参加的讨论朝鲜问题和印度支那问题的会议。通过这次会议，新中国（    ）。,['发挥了大国应有的政治影响力']
（    ）的发表，是党对中国社会主义建设道路探索的开始。【出题：武汉大学】,['《论十大关系》']
1954年，一届全国人大一次会议诞生了中华人民共和国的第一部宪法，它的名字是（    ）。,['《中华人民共和国宪法》']
全面建成小康社会是要建成一个经济更加发展、民主更加健全、科教更加进步、文化更加繁荣、社会更加和谐、（  ）的小康社会。,['人民生活更加殷实']
1971年，周恩来在接见来访的美国乒乓球代表团时说：“你们这次来，打开了两国人民友谊的大门。”这反映出当时中美关系解冻的特点是（    ）。,['以民促官']
（    ）１月１日，我国开始执行发展国民经济的第一个五年计划。【出题：武汉大学】,['1953年']
1954年第一届全国人民代表大会召开之前，中央人民政府是（    ）。,['兼有国家最高权力机关和国家最高行政机关的双重性质']
在科学方面，中共中央科学小组领导国家科委，制定了（    ）的中国第二个科技发展远景规划。【出题：武汉大学】,['1963年至1972年']
 （    ）1月10日，北京市率先宣布私营工商业全部实现全行业公私合营。【出题：武汉大学】,['1956年']
党的八大以后，根据八大政治报告关于民族工作的方针，党的中央统战部制定了（    ），提出必须进一步领导和帮助各民族人民进行社会主义建设。【出题：武汉大学】,['《1956年到1967年全国民族工作规划大纲（草案)》']
